STATION,NAME,DATE,PRCP,SNOW,SNWD,TMAX,TMIN,TOBS,WESD,WT05
USC00308721,"UPTON COOP NWSFO NEW YORK, NY US",1/4/2010,0.24,5.2,5,21,18,20,,
USC00308721,"UPTON COOP NWSFO NEW YORK, NY US",1/5/2010,0,0,3,32,19,19,,
USC00308721,"UPTON COOP NWSFO NEW YORK, NY US",1/6/2010,0,0,3,31,19,25,,
USC00308721,"UPTON COOP NWSFO NEW YORK, NY US",1/7/2010,0,0,3,34,24,27,,
USC00308721,"UPTON COOP NWSFO NEW YORK, NY US",1/8/2010,0.01,0.5,3,40,24,27,,
USC00308721,"UPTON COOP NWSFO NEW YORK, NY US",1/9/2010,0.02,0.4,3,31,18,19,,
USC00308721,"UPTON COOP NWSFO NEW YORK, NY US",1/10/2010,0,0,3,28,13,14,,
USC00308721,"UPTON COOP NWSFO NEW YORK, NY US",1/11/2010,0,0,3,28,8,8,,
USC00308721,"UPTON COOP NWSFO NEW YORK, NY US",1/12/2010,0,0,3,34,8,27,,
USC00308721,"UPTON COOP NWSFO NEW YORK, NY US",1/13/2010,0,0,2,35,19,20,,
USC00308721,"UPTON COOP NWSFO NEW YORK, NY US",1/14/2010,0,0,2,23,16,16,,
USC00308721,"UPTON COOP NWSFO NEW YORK, NY US",1/15/2010,0,0,2,41,16,30,,
USC00308721,"UPTON COOP NWSFO NEW YORK, NY US",1/16/2010,0,0,2,47,30,33,,
USC00308721,"UPTON COOP NWSFO NEW YORK, NY US",1/17/2010,0,0,2,46,24,29,,
USC00308721,"UPTON COOP NWSFO NEW YORK, NY US",1/18/2010,0.95,0,0,40,29,34,,
USC00308721,"UPTON COOP NWSFO NEW YORK, NY US",1/19/2010,0.01,0,0,43,32,38,,
USC00308721,"UPTON COOP NWSFO NEW YORK, NY US",1/20/2010,0.01,0,0,45,27,28,,
USC00308721,"UPTON COOP NWSFO NEW YORK, NY US",1/21/2010,0,0,0,42,27,27,,
USC00308721,"UPTON COOP NWSFO NEW YORK, NY US",1/22/2010,0,0,0,41,25,31,,
USC00308721,"UPTON COOP NWSFO NEW YORK, NY US",1/23/2010,0,0,0,30,26,27,,
USC00308721,"UPTON COOP NWSFO NEW YORK, NY US",1/24/2010,0,0,0,38,16,22,,
USC00308721,"UPTON COOP NWSFO NEW YORK, NY US",1/25/2010,0.01,0,0,52,22,52,,
USC00308721,"UPTON COOP NWSFO NEW YORK, NY US",1/26/2010,0.89,0,0,55,35,35,,
USC00308721,"UPTON COOP NWSFO NEW YORK, NY US",1/27/2010,0,0,0,46,25,29,,
USC00308721,"UPTON COOP NWSFO NEW YORK, NY US",1/28/2010,0,0,0,43,22,23,,
USC00308721,"UPTON COOP NWSFO NEW YORK, NY US",1/29/2010,0.04,0.5,0,42,16,16,,
USC00308721,"UPTON COOP NWSFO NEW YORK, NY US",1/30/2010,0,0,0,24,11,11,,
USC00308721,"UPTON COOP NWSFO NEW YORK, NY US",1/31/2010,0,0,0,21,11,16,,
USC00308721,"UPTON COOP NWSFO NEW YORK, NY US",2/1/2010,0,0,0,30,14,25,,
USC00308721,"UPTON COOP NWSFO NEW YORK, NY US",2/2/2010,0,0,0,32,15,16,,
USC00308721,"UPTON COOP NWSFO NEW YORK, NY US",2/3/2010,0.03,0.8,1,32,15,26,,
USC00308721,"UPTON COOP NWSFO NEW YORK, NY US",2/4/2010,0,0,0,35,25,27,,
USC00308721,"UPTON COOP NWSFO NEW YORK, NY US",2/5/2010,0,0,0,35,18,18,,
USC00308721,"UPTON COOP NWSFO NEW YORK, NY US",2/6/2010,0,0,0,36,18,27,,
USC00308721,"UPTON COOP NWSFO NEW YORK, NY US",2/7/2010,0,0,0,27,16,16,,
USC00308721,"UPTON COOP NWSFO NEW YORK, NY US",2/8/2010,0,0,0,34,13,15,,
USC00308721,"UPTON COOP NWSFO NEW YORK, NY US",2/9/2010,0,0,0,37,15,19,,
USC00308721,"UPTON COOP NWSFO NEW YORK, NY US",2/10/2010,0.16,1.6,2,41,18,30,,
USC00308721,"UPTON COOP NWSFO NEW YORK, NY US",2/11/2010,1.46,11.9,11,32,27,27,,
USC00308721,"UPTON COOP NWSFO NEW YORK, NY US",2/12/2010,0,0,9,37,15,16,,
USC00308721,"UPTON COOP NWSFO NEW YORK, NY US",2/13/2010,0,0,8,37,16,23,,
USC00308721,"UPTON COOP NWSFO NEW YORK, NY US",2/14/2010,0,0,8,32,24,29,,
USC00308721,"UPTON COOP NWSFO NEW YORK, NY US",2/15/2010,0,0,7,38,26,26,,
USC00308721,"UPTON COOP NWSFO NEW YORK, NY US",2/16/2010,0.25,1.7,7,41,26,32,,
USC00308721,"UPTON COOP NWSFO NEW YORK, NY US",2/17/2010,0.16,1.9,8,33,21,23,,
USC00308721,"UPTON COOP NWSFO NEW YORK, NY US",2/18/2010,0,0.1,8,34,23,31,,
USC00308721,"UPTON COOP NWSFO NEW YORK, NY US",2/19/2010,0,0,6,43,31,33,,
USC00308721,"UPTON COOP NWSFO NEW YORK, NY US",2/20/2010,0,0,5,43,27,28,,
USC00308721,"UPTON COOP NWSFO NEW YORK, NY US",2/21/2010,0,0,4,46,26,29,,
USC00308721,"UPTON COOP NWSFO NEW YORK, NY US",2/22/2010,0,0,3,45,25,27,,
USC00308721,"UPTON COOP NWSFO NEW YORK, NY US",2/23/2010,0.01,0,2,45,27,35,,
USC00308721,"UPTON COOP NWSFO NEW YORK, NY US",2/24/2010,1.28,0,0,40,35,40,,
USC00308721,"UPTON COOP NWSFO NEW YORK, NY US",2/25/2010,0.72,0,0,43,36,36,,
USC00308721,"UPTON COOP NWSFO NEW YORK, NY US",2/26/2010,2.43,5.9,6,40,26,26,,
USC00308721,"UPTON COOP NWSFO NEW YORK, NY US",2/27/2010,0.28,4.5,7,31,27,28,,
USC00308721,"UPTON COOP NWSFO NEW YORK, NY US",2/28/2010,0,0,4,33,27,31,,
USC00308721,"UPTON COOP NWSFO NEW YORK, NY US",3/1/2010,0,0,3,38,31,36,,
USC00308721,"UPTON COOP NWSFO NEW YORK, NY US",3/2/2010,0,0,1,47,31,31,,
USC00308721,"UPTON COOP NWSFO NEW YORK, NY US",3/3/2010,0.03,0.3,0,47,31,32,,
USC00308721,"UPTON COOP NWSFO NEW YORK, NY US",3/4/2010,0.11,0,0,38,32,35,,
USC00308721,"UPTON COOP NWSFO NEW YORK, NY US",3/5/2010,0.02,0.1,0,46,32,32,,
USC00308721,"UPTON COOP NWSFO NEW YORK, NY US",3/6/2010,0.02,0,0,45,29,31,,
USC00308721,"UPTON COOP NWSFO NEW YORK, NY US",3/7/2010,0,0,0,53,31,33,,
USC00308721,"UPTON COOP NWSFO NEW YORK, NY US",3/8/2010,0,0,0,55,30,33,,
USC00308721,"UPTON COOP NWSFO NEW YORK, NY US",3/9/2010,0,0,0,59,30,38,,
USC00308721,"UPTON COOP NWSFO NEW YORK, NY US",3/10/2010,0,0,0,58,27,31,,
USC00308721,"UPTON COOP NWSFO NEW YORK, NY US",3/11/2010,0,0,0,56,31,41,,
USC00308721,"UPTON COOP NWSFO NEW YORK, NY US",3/12/2010,0,0,0,49,41,42,,
USC00308721,"UPTON COOP NWSFO NEW YORK, NY US",3/13/2010,0.75,0,0,46,37,39,,
USC00308721,"UPTON COOP NWSFO NEW YORK, NY US",3/14/2010,2.56,0,0,48,37,46,,
USC00308721,"UPTON COOP NWSFO NEW YORK, NY US",3/15/2010,0.28,0,0,48,41,42,,
USC00308721,"UPTON COOP NWSFO NEW YORK, NY US",3/16/2010,0.09,0,0,42,38,40,,
USC00308721,"UPTON COOP NWSFO NEW YORK, NY US",3/17/2010,0,0,0,57,26,31,,
USC00308721,"UPTON COOP NWSFO NEW YORK, NY US",3/18/2010,0,0,0,64,31,34,,
USC00308721,"UPTON COOP NWSFO NEW YORK, NY US",3/19/2010,0,0,0,68,30,33,,
USC00308721,"UPTON COOP NWSFO NEW YORK, NY US",3/20/2010,0,0,0,69,33,44,,
USC00308721,"UPTON COOP NWSFO NEW YORK, NY US",3/21/2010,0,0,0,72,36,46,,
USC00308721,"UPTON COOP NWSFO NEW YORK, NY US",3/22/2010,0,0,0,59,45,49,,
USC00308721,"UPTON COOP NWSFO NEW YORK, NY US",3/23/2010,0.99,0,0,57,45,45,,
USC00308721,"UPTON COOP NWSFO NEW YORK, NY US",3/24/2010,0.26,0,0,50,40,41,,
USC00308721,"UPTON COOP NWSFO NEW YORK, NY US",3/25/2010,0,0,0,59,30,40,,
USC00308721,"UPTON COOP NWSFO NEW YORK, NY US",3/26/2010,0.12,0,0,59,40,41,,
USC00308721,"UPTON COOP NWSFO NEW YORK, NY US",3/27/2010,0,0,0,44,27,29,,
USC00308721,"UPTON COOP NWSFO NEW YORK, NY US",3/28/2010,0,0,0,41,27,38,,
USC00308721,"UPTON COOP NWSFO NEW YORK, NY US",3/29/2010,0.69,0,0,50,38,50,,
USC00308721,"UPTON COOP NWSFO NEW YORK, NY US",3/30/2010,3.9,0,0,52,44,45,,
USC00308721,"UPTON COOP NWSFO NEW YORK, NY US",3/31/2010,2.37,0,0,52,41,42,,
USC00308721,"UPTON COOP NWSFO NEW YORK, NY US",4/1/2010,0.01,0,0,52,42,47,,
USC00308721,"UPTON COOP NWSFO NEW YORK, NY US",4/2/2010,0,0,0,63,35,40,,
USC00308721,"UPTON COOP NWSFO NEW YORK, NY US",4/3/2010,0,0,0,66,37,43,,
USC00308721,"UPTON COOP NWSFO NEW YORK, NY US",4/4/2010,0,0,0,64,43,47,,
USC00308721,"UPTON COOP NWSFO NEW YORK, NY US",4/5/2010,0,0,0,76,41,45,,
USC00308721,"UPTON COOP NWSFO NEW YORK, NY US",4/6/2010,0,0,0,68,43,50,,
USC00308721,"UPTON COOP NWSFO NEW YORK, NY US",4/7/2010,0,0,0,71,47,59,,
USC00308721,"UPTON COOP NWSFO NEW YORK, NY US",4/8/2010,0,0,0,86,51,56,,
USC00308721,"UPTON COOP NWSFO NEW YORK, NY US",4/9/2010,0.1,0,0,69,52,55,,
USC00308721,"UPTON COOP NWSFO NEW YORK, NY US",4/10/2010,0.52,0,0,56,39,43,,
USC00308721,"UPTON COOP NWSFO NEW YORK, NY US",4/11/2010,0,0,0,57,39,52,,
USC00308721,"UPTON COOP NWSFO NEW YORK, NY US",4/12/2010,0.01,0,0,69,36,48,,
USC00308721,"UPTON COOP NWSFO NEW YORK, NY US",4/13/2010,0,0,0,65,42,47,,
USC00308721,"UPTON COOP NWSFO NEW YORK, NY US",4/14/2010,0,0,0,57,31,43,,
USC00308721,"UPTON COOP NWSFO NEW YORK, NY US",4/15/2010,0,0,0,65,41,52,,
USC00308721,"UPTON COOP NWSFO NEW YORK, NY US",4/16/2010,0,0,0,71,45,47,,
USC00308721,"UPTON COOP NWSFO NEW YORK, NY US",4/17/2010,0.24,0,0,53,42,44,,
USC00308721,"UPTON COOP NWSFO NEW YORK, NY US",4/18/2010,0.02,0,0,51,37,44,,
USC00308721,"UPTON COOP NWSFO NEW YORK, NY US",4/19/2010,0,0,0,56,36,47,,
USC00308721,"UPTON COOP NWSFO NEW YORK, NY US",4/20/2010,0,0,0,58,40,50,,
USC00308721,"UPTON COOP NWSFO NEW YORK, NY US",4/21/2010,0,0,0,70,37,47,,
USC00308721,"UPTON COOP NWSFO NEW YORK, NY US",4/22/2010,0,0,0,67,47,53,,
USC00308721,"UPTON COOP NWSFO NEW YORK, NY US",4/23/2010,0,0,0,67,43,49,,
USC00308721,"UPTON COOP NWSFO NEW YORK, NY US",4/24/2010,0,0,0,64,43,52,,
USC00308721,"UPTON COOP NWSFO NEW YORK, NY US",4/25/2010,0.3,0,0,66,46,46,,
USC00308721,"UPTON COOP NWSFO NEW YORK, NY US",4/26/2010,0.97,0,0,51,45,48,,
USC00308721,"UPTON COOP NWSFO NEW YORK, NY US",4/27/2010,0.53,0,0,53,45,46,,
USC00308721,"UPTON COOP NWSFO NEW YORK, NY US",4/28/2010,0.03,0,0,58,37,45,,
USC00308721,"UPTON COOP NWSFO NEW YORK, NY US",4/29/2010,0,0,0,55,42,50,,
USC00308721,"UPTON COOP NWSFO NEW YORK, NY US",4/30/2010,0,0,0,68,39,54,,
USC00308721,"UPTON COOP NWSFO NEW YORK, NY US",5/1/2010,0,0,0,75,51,63,,
USC00308721,"UPTON COOP NWSFO NEW YORK, NY US",5/2/2010,0,0,0,81,59,63,,
USC00308721,"UPTON COOP NWSFO NEW YORK, NY US",5/3/2010,0.08,0,0,76,60,61,,
USC00308721,"UPTON COOP NWSFO NEW YORK, NY US",5/4/2010,0,0,0,72,58,63,,
USC00308721,"UPTON COOP NWSFO NEW YORK, NY US",5/5/2010,0,0,0,79,45,61,,
USC00308721,"UPTON COOP NWSFO NEW YORK, NY US",5/6/2010,0,0,0,78,56,58,,
USC00308721,"UPTON COOP NWSFO NEW YORK, NY US",5/7/2010,0,0,0,80,47,56,,
USC00308721,"UPTON COOP NWSFO NEW YORK, NY US",5/8/2010,0.01,0,0,71,47,59,,
USC00308721,"UPTON COOP NWSFO NEW YORK, NY US",5/9/2010,0,0,0,76,43,47,,
USC00308721,"UPTON COOP NWSFO NEW YORK, NY US",5/10/2010,0,0,0,55,39,47,,
USC00308721,"UPTON COOP NWSFO NEW YORK, NY US",5/11/2010,0,0,0,59,35,48,,
USC00308721,"UPTON COOP NWSFO NEW YORK, NY US",5/12/2010,0.21,0,0,55,42,43,,
USC00308721,"UPTON COOP NWSFO NEW YORK, NY US",5/13/2010,0.13,0,0,47,37,47,,
USC00308721,"UPTON COOP NWSFO NEW YORK, NY US",5/14/2010,0.22,0,0,64,47,52,,
USC00308721,"UPTON COOP NWSFO NEW YORK, NY US",5/15/2010,0,0,0,72,51,64,,
USC00308721,"UPTON COOP NWSFO NEW YORK, NY US",5/16/2010,0,0,0,72,48,54,,
USC00308721,"UPTON COOP NWSFO NEW YORK, NY US",5/17/2010,0,0,0,71,40,56,,
USC00308721,"UPTON COOP NWSFO NEW YORK, NY US",5/18/2010,0.07,0,0,75,51,53,,
USC00308721,"UPTON COOP NWSFO NEW YORK, NY US",5/19/2010,1.54,0,0,53,49,50,,
USC00308721,"UPTON COOP NWSFO NEW YORK, NY US",5/20/2010,0.01,0,0,61,47,58,,
USC00308721,"UPTON COOP NWSFO NEW YORK, NY US",5/21/2010,0,0,0,75,47,66,,
USC00308721,"UPTON COOP NWSFO NEW YORK, NY US",5/22/2010,0,0,0,82,51,58,,
USC00308721,"UPTON COOP NWSFO NEW YORK, NY US",5/23/2010,0,0,0,72,58,60,,
USC00308721,"UPTON COOP NWSFO NEW YORK, NY US",5/24/2010,0.07,0,0,73,58,65,,
USC00308721,"UPTON COOP NWSFO NEW YORK, NY US",5/25/2010,0,0,0,75,53,66,,
USC00308721,"UPTON COOP NWSFO NEW YORK, NY US",5/26/2010,0,0,0,79,57,69,,
USC00308721,"UPTON COOP NWSFO NEW YORK, NY US",5/27/2010,0.62,0,0,91,61,63,,
USC00308721,"UPTON COOP NWSFO NEW YORK, NY US",5/28/2010,0,0,0,73,48,59,,
USC00308721,"UPTON COOP NWSFO NEW YORK, NY US",5/29/2010,0,0,0,72,55,66,,
USC00308721,"UPTON COOP NWSFO NEW YORK, NY US",5/30/2010,0,0,0,74,61,69,,
USC00308721,"UPTON COOP NWSFO NEW YORK, NY US",5/31/2010,0,0,0,82,57,73,,
USC00308721,"UPTON COOP NWSFO NEW YORK, NY US",6/1/2010,0,0,0,79,63,73,,
USC00308721,"UPTON COOP NWSFO NEW YORK, NY US",6/2/2010,0,0,0,78,63,68,,
USC00308721,"UPTON COOP NWSFO NEW YORK, NY US",6/3/2010,0,0,0,80,63,64,,
USC00308721,"UPTON COOP NWSFO NEW YORK, NY US",6/4/2010,0,0,0,79,63,73,,
USC00308721,"UPTON COOP NWSFO NEW YORK, NY US",6/5/2010,0,0,0,83,68,72,,
USC00308721,"UPTON COOP NWSFO NEW YORK, NY US",6/6/2010,0,0,0,87,69,76,,
USC00308721,"UPTON COOP NWSFO NEW YORK, NY US",6/7/2010,0,0,0,81,55,61,,
USC00308721,"UPTON COOP NWSFO NEW YORK, NY US",6/8/2010,0,0,0,74,46,60,,
USC00308721,"UPTON COOP NWSFO NEW YORK, NY US",6/9/2010,0,0,0,72,43,61,,
USC00308721,"UPTON COOP NWSFO NEW YORK, NY US",6/10/2010,0.78,0,0,67,56,59,,
USC00308721,"UPTON COOP NWSFO NEW YORK, NY US",6/11/2010,0.21,0,0,73,54,61,,
USC00308721,"UPTON COOP NWSFO NEW YORK, NY US",6/12/2010,0,0,0,65,53,65,,
USC00308721,"UPTON COOP NWSFO NEW YORK, NY US",6/13/2010,0,0,0,70,64,65,,
USC00308721,"UPTON COOP NWSFO NEW YORK, NY US",6/14/2010,0,0,0,76,63,64,,
USC00308721,"UPTON COOP NWSFO NEW YORK, NY US",6/15/2010,0,0,0,75,60,66,,
USC00308721,"UPTON COOP NWSFO NEW YORK, NY US",6/16/2010,0,0,0,79,49,65,,
USC00308721,"UPTON COOP NWSFO NEW YORK, NY US",6/17/2010,0.02,0,0,74,65,74,,
USC00308721,"UPTON COOP NWSFO NEW YORK, NY US",6/18/2010,0,0,0,76,55,67,,
USC00308721,"UPTON COOP NWSFO NEW YORK, NY US",6/19/2010,0,0,0,84,55,68,,
USC00308721,"UPTON COOP NWSFO NEW YORK, NY US",6/20/2010,0,0,0,75,67,72,,
USC00308721,"UPTON COOP NWSFO NEW YORK, NY US",6/21/2010,0,0,0,81,64,74,,
USC00308721,"UPTON COOP NWSFO NEW YORK, NY US",6/22/2010,0,0,0,86,64,70,,
USC00308721,"UPTON COOP NWSFO NEW YORK, NY US",6/23/2010,0.43,0,0,82,68,74,,
USC00308721,"UPTON COOP NWSFO NEW YORK, NY US",6/24/2010,0,0,0,87,70,79,,
USC00308721,"UPTON COOP NWSFO NEW YORK, NY US",6/25/2010,0,0,0,91,65,74,,
USC00308721,"UPTON COOP NWSFO NEW YORK, NY US",6/26/2010,0,0,0,83,64,73,,
USC00308721,"UPTON COOP NWSFO NEW YORK, NY US",6/27/2010,0.01,0,0,86,67,76,,
USC00308721,"UPTON COOP NWSFO NEW YORK, NY US",6/28/2010,0,0,0,85,72,81,,
USC00308721,"UPTON COOP NWSFO NEW YORK, NY US",6/29/2010,0,0,0,90,73,81,,
USC00308721,"UPTON COOP NWSFO NEW YORK, NY US",6/30/2010,0,0,0,90,59,65,,
USC00308721,"UPTON COOP NWSFO NEW YORK, NY US",7/1/2010,0,0,0,77,53,65,,
USC00308721,"UPTON COOP NWSFO NEW YORK, NY US",7/2/2010,0,0,0,76,53,67,,
USC00308721,"UPTON COOP NWSFO NEW YORK, NY US",7/3/2010,0,0,0,79,54,69,,
USC00308721,"UPTON COOP NWSFO NEW YORK, NY US",7/4/2010,0,0,0,85,62,77,,
USC00308721,"UPTON COOP NWSFO NEW YORK, NY US",7/5/2010,0,0,0,95,63,78,,
USC00308721,"UPTON COOP NWSFO NEW YORK, NY US",7/6/2010,0,0,0,94,70,82,,
USC00308721,"UPTON COOP NWSFO NEW YORK, NY US",7/7/2010,0,0,0,99,75,83,,
USC00308721,"UPTON COOP NWSFO NEW YORK, NY US",7/8/2010,0,0,0,94,73,76,,
USC00308721,"UPTON COOP NWSFO NEW YORK, NY US",7/9/2010,0,0,0,86,69,77,,
USC00308721,"UPTON COOP NWSFO NEW YORK, NY US",7/10/2010,0,0,0,76,69,75,,
USC00308721,"UPTON COOP NWSFO NEW YORK, NY US",7/11/2010,0.96,0,0,82,68,73,,
USC00308721,"UPTON COOP NWSFO NEW YORK, NY US",7/12/2010,0,0,0,87,70,79,,
USC00308721,"UPTON COOP NWSFO NEW YORK, NY US",7/13/2010,0,0,0,89,74,78,,
USC00308721,"UPTON COOP NWSFO NEW YORK, NY US",7/14/2010,0.71,0,0,82,74,74,,
USC00308721,"UPTON COOP NWSFO NEW YORK, NY US",7/15/2010,0.34,0,0,83,69,71,,
USC00308721,"UPTON COOP NWSFO NEW YORK, NY US",7/16/2010,0,0,0,78,67,74,,
USC00308721,"UPTON COOP NWSFO NEW YORK, NY US",7/17/2010,0,0,0,91,71,80,,
USC00308721,"UPTON COOP NWSFO NEW YORK, NY US",7/18/2010,0.84,0,0,84,68,73,,
USC00308721,"UPTON COOP NWSFO NEW YORK, NY US",7/19/2010,0,0,0,85,69,77,,
USC00308721,"UPTON COOP NWSFO NEW YORK, NY US",7/20/2010,0.84,0,0,84,68,73,,
USC00308721,"UPTON COOP NWSFO NEW YORK, NY US",7/21/2010,0,0,0,85,69,77,,
USC00308721,"UPTON COOP NWSFO NEW YORK, NY US",7/22/2010,2.45,0,0,87,65,71,,
USC00308721,"UPTON COOP NWSFO NEW YORK, NY US",7/23/2010,0,0,0,87,65,76,,
USC00308721,"UPTON COOP NWSFO NEW YORK, NY US",7/24/2010,0.28,0,0,80,73,78,,
USC00308721,"UPTON COOP NWSFO NEW YORK, NY US",7/25/2010,0,0,0,93,77,82,,
USC00308721,"UPTON COOP NWSFO NEW YORK, NY US",7/26/2010,0.4,0,0,90,61,71,,
USC00308721,"UPTON COOP NWSFO NEW YORK, NY US",7/27/2010,0,0,0,84,60,69,,
USC00308721,"UPTON COOP NWSFO NEW YORK, NY US",7/28/2010,0,0,0,87,64,76,,
USC00308721,"UPTON COOP NWSFO NEW YORK, NY US",7/29/2010,0,0,0,84,72,76,,
USC00308721,"UPTON COOP NWSFO NEW YORK, NY US",7/30/2010,0.17,0,0,85,63,70,,
USC00308721,"UPTON COOP NWSFO NEW YORK, NY US",7/31/2010,0,0,0,80,57,66,,
USC00308721,"UPTON COOP NWSFO NEW YORK, NY US",8/1/2010,0,0,0,78,56,67,,
USC00308721,"UPTON COOP NWSFO NEW YORK, NY US",8/2/2010,0,0,0,80,59,70,,
USC00308721,"UPTON COOP NWSFO NEW YORK, NY US",8/3/2010,0,0,0,79,69,73,,
USC00308721,"UPTON COOP NWSFO NEW YORK, NY US",8/4/2010,0,0,0,81,73,75,,
USC00308721,"UPTON COOP NWSFO NEW YORK, NY US",8/5/2010,0,0,0,83,73,76,,
USC00308721,"UPTON COOP NWSFO NEW YORK, NY US",8/6/2010,0,0,0,90,72,78,,
USC00308721,"UPTON COOP NWSFO NEW YORK, NY US",8/7/2010,0,0,0,88,55,65,,
USC00308721,"UPTON COOP NWSFO NEW YORK, NY US",8/8/2010,0,0,0,80,65,74,,
USC00308721,"UPTON COOP NWSFO NEW YORK, NY US",8/9/2010,0,0,0,83,70,76,,
USC00308721,"UPTON COOP NWSFO NEW YORK, NY US",8/10/2010,0.06,0,0,86,71,74,,
USC00308721,"UPTON COOP NWSFO NEW YORK, NY US",8/11/2010,0,0,0,88,69,73,,
USC00308721,"UPTON COOP NWSFO NEW YORK, NY US",8/12/2010,0,0,0,87,66,70,,
USC00308721,"UPTON COOP NWSFO NEW YORK, NY US",8/13/2010,0,0,0,77,65,70,,
USC00308721,"UPTON COOP NWSFO NEW YORK, NY US",8/14/2010,0,0,0,78,50,64,,
USC00308721,"UPTON COOP NWSFO NEW YORK, NY US",8/15/2010,0,0,0,77,55,64,,
USC00308721,"UPTON COOP NWSFO NEW YORK, NY US",8/16/2010,0.1,0,0,78,64,73,,
USC00308721,"UPTON COOP NWSFO NEW YORK, NY US",8/17/2010,0,0,0,81,68,77,,
USC00308721,"UPTON COOP NWSFO NEW YORK, NY US",8/18/2010,0,0,0,88,65,70,,
USC00308721,"UPTON COOP NWSFO NEW YORK, NY US",8/19/2010,0,0,0,78,61,69,,
USC00308721,"UPTON COOP NWSFO NEW YORK, NY US",8/20/2010,0,0,0,86,62,71,,
USC00308721,"UPTON COOP NWSFO NEW YORK, NY US",8/21/2010,0,0,0,85,59,69,,
USC00308721,"UPTON COOP NWSFO NEW YORK, NY US",8/22/2010,0,0,0,80,69,73,,
USC00308721,"UPTON COOP NWSFO NEW YORK, NY US",8/23/2010,1.24,0,0,78,68,68,,
USC00308721,"UPTON COOP NWSFO NEW YORK, NY US",8/24/2010,0.17,0,0,68,61,61,,
USC00308721,"UPTON COOP NWSFO NEW YORK, NY US",8/25/2010,0.26,0,0,66,61,65,,
USC00308721,"UPTON COOP NWSFO NEW YORK, NY US",8/26/2010,0.26,0,0,76,63,67,,
USC00308721,"UPTON COOP NWSFO NEW YORK, NY US",8/27/2010,0,0,0,82,57,65,,
USC00308721,"UPTON COOP NWSFO NEW YORK, NY US",8/28/2010,0,0,0,76,54,63,,
USC00308721,"UPTON COOP NWSFO NEW YORK, NY US",8/29/2010,0,0,0,78,57,66,,
USC00308721,"UPTON COOP NWSFO NEW YORK, NY US",8/30/2010,0,0,0,89,62,71,,
USC00308721,"UPTON COOP NWSFO NEW YORK, NY US",8/31/2010,0,0,0,89,66,73,,
USC00308721,"UPTON COOP NWSFO NEW YORK, NY US",9/1/2010,0,0,0,93,66,74,,
USC00308721,"UPTON COOP NWSFO NEW YORK, NY US",9/2/2010,0,0,0,93,70,76,,
USC00308721,"UPTON COOP NWSFO NEW YORK, NY US",9/3/2010,0,0,0,86,69,71,,
USC00308721,"UPTON COOP NWSFO NEW YORK, NY US",9/4/2010,0.93,0,0,76,69,71,,
USC00308721,"UPTON COOP NWSFO NEW YORK, NY US",9/5/2010,0,0,0,80,52,61,,
USC00308721,"UPTON COOP NWSFO NEW YORK, NY US",9/6/2010,0,0,0,75,46,54,,
USC00308721,"UPTON COOP NWSFO NEW YORK, NY US",9/7/2010,0,0,0,76,54,69,,
USC00308721,"UPTON COOP NWSFO NEW YORK, NY US",9/8/2010,0,0,0,79,69,73,,
USC00308721,"UPTON COOP NWSFO NEW YORK, NY US",9/9/2010,0,0,0,84,60,65,,
USC00308721,"UPTON COOP NWSFO NEW YORK, NY US",9/10/2010,0,0,0,71,56,62,,
USC00308721,"UPTON COOP NWSFO NEW YORK, NY US",9/11/2010,0,0,0,72,52,58,,
USC00308721,"UPTON COOP NWSFO NEW YORK, NY US",9/12/2010,0,0,0,75,51,56,,
USC00308721,"UPTON COOP NWSFO NEW YORK, NY US",9/13/2010,0,0,0,64,56,61,,
USC00308721,"UPTON COOP NWSFO NEW YORK, NY US",9/14/2010,0,0,0,68,49,55,,
USC00308721,"UPTON COOP NWSFO NEW YORK, NY US",9/15/2010,0,0,0,80,50,55,,
USC00308721,"UPTON COOP NWSFO NEW YORK, NY US",9/16/2010,0,0,0,70,43,48,,
USC00308721,"UPTON COOP NWSFO NEW YORK, NY US",9/17/2010,0.76,0,0,70,48,67,,
USC00308721,"UPTON COOP NWSFO NEW YORK, NY US",9/18/2010,0,0,0,72,,59,,
USC00308721,"UPTON COOP NWSFO NEW YORK, NY US",9/19/2010,0,0,0,70,48,55,,
USC00308721,"UPTON COOP NWSFO NEW YORK, NY US",9/20/2010,0,0,0,77,55,61,,
USC00308721,"UPTON COOP NWSFO NEW YORK, NY US",9/21/2010,0,0,0,72,44,50,,
USC00308721,"UPTON COOP NWSFO NEW YORK, NY US",9/22/2010,0,0,0,69,50,68,,
USC00308721,"UPTON COOP NWSFO NEW YORK, NY US",9/23/2010,0.04,0,0,78,63,64,,
USC00308721,"UPTON COOP NWSFO NEW YORK, NY US",9/24/2010,0,0,0,77,60,67,,
USC00308721,"UPTON COOP NWSFO NEW YORK, NY US",9/25/2010,0,0,0,73,67,72,,
USC00308721,"UPTON COOP NWSFO NEW YORK, NY US",9/26/2010,0,0,0,85,61,63,,
USC00308721,"UPTON COOP NWSFO NEW YORK, NY US",9/27/2010,0.23,0,0,72,60,62,,
USC00308721,"UPTON COOP NWSFO NEW YORK, NY US",9/28/2010,0.13,0,0,72,62,71,,
USC00308721,"UPTON COOP NWSFO NEW YORK, NY US",9/29/2010,0.13,0,0,76,66,67,,
USC00308721,"UPTON COOP NWSFO NEW YORK, NY US",9/30/2010,0.18,0,0,79,63,71,,
USC00308721,"UPTON COOP NWSFO NEW YORK, NY US",10/1/2010,0.38,0,0,75,71,74,,
USC00308721,"UPTON COOP NWSFO NEW YORK, NY US",10/2/2010,0.66,0,0,74,50,54,,
USC00308721,"UPTON COOP NWSFO NEW YORK, NY US",10/3/2010,0,0,0,65,46,53,,
USC00308721,"UPTON COOP NWSFO NEW YORK, NY US",10/4/2010,0.33,0,0,59,51,53,,
USC00308721,"UPTON COOP NWSFO NEW YORK, NY US",10/5/2010,0.35,0,0,59,53,57,,
USC00308721,"UPTON COOP NWSFO NEW YORK, NY US",10/6/2010,0.08,0,0,63,52,52,,
USC00308721,"UPTON COOP NWSFO NEW YORK, NY US",10/7/2010,0,0,0,65,49,53,,
USC00308721,"UPTON COOP NWSFO NEW YORK, NY US",10/8/2010,0,0,0,70,44,46,,
USC00308721,"UPTON COOP NWSFO NEW YORK, NY US",10/9/2010,0,0,0,72,46,51,,
USC00308721,"UPTON COOP NWSFO NEW YORK, NY US",10/10/2010,0,0,0,69,35,39,,
USC00308721,"UPTON COOP NWSFO NEW YORK, NY US",10/11/2010,0,0,0,65,39,49,,
USC00308721,"UPTON COOP NWSFO NEW YORK, NY US",10/12/2010,0.25,0,0,74,50,58,,
USC00308721,"UPTON COOP NWSFO NEW YORK, NY US",10/13/2010,0,0,0,66,40,43,,
USC00308721,"UPTON COOP NWSFO NEW YORK, NY US",10/14/2010,0,0,0,62,35,37,,
USC00308721,"UPTON COOP NWSFO NEW YORK, NY US",10/15/2010,1.38,0,0,65,37,49,,
USC00308721,"UPTON COOP NWSFO NEW YORK, NY US",10/16/2010,0,0,0,58,49,51,,
USC00308721,"UPTON COOP NWSFO NEW YORK, NY US",10/17/2010,0,0,0,58,39,46,,
USC00308721,"UPTON COOP NWSFO NEW YORK, NY US",10/18/2010,0,0,0,68,41,45,,
USC00308721,"UPTON COOP NWSFO NEW YORK, NY US",10/19/2010,0.08,0,0,61,43,45,,
USC00308721,"UPTON COOP NWSFO NEW YORK, NY US",10/20/2010,0,0,0,59,39,40,,
USC00308721,"UPTON COOP NWSFO NEW YORK, NY US",10/21/2010,0,0,0,61,39,50,,
USC00308721,"UPTON COOP NWSFO NEW YORK, NY US",10/22/2010,0,0,0,61,37,46,,
USC00308721,"UPTON COOP NWSFO NEW YORK, NY US",10/23/2010,0,0,0,54,37,43,,
USC00308721,"UPTON COOP NWSFO NEW YORK, NY US",10/24/2010,0,0,0,63,43,47,,
USC00308721,"UPTON COOP NWSFO NEW YORK, NY US",10/25/2010,0,0,0,64,44,45,,
USC00308721,"UPTON COOP NWSFO NEW YORK, NY US",10/26/2010,0.03,0,0,68,45,60,,
USC00308721,"UPTON COOP NWSFO NEW YORK, NY US",10/27/2010,0.02,0,0,66,60,65,,
USC00308721,"UPTON COOP NWSFO NEW YORK, NY US",10/28/2010,0.18,0,0,66,63,64,,
USC00308721,"UPTON COOP NWSFO NEW YORK, NY US",10/29/2010,0,0,0,71,42,43,,
USC00308721,"UPTON COOP NWSFO NEW YORK, NY US",10/30/2010,0,0,0,56,36,39,,
USC00308721,"UPTON COOP NWSFO NEW YORK, NY US",10/31/2010,0,0,0,57,39,48,,
USC00308721,"UPTON COOP NWSFO NEW YORK, NY US",11/1/2010,0,0,0,60,35,35,,
USC00308721,"UPTON COOP NWSFO NEW YORK, NY US",11/2/2010,0,0,0,48,35,37,,
USC00308721,"UPTON COOP NWSFO NEW YORK, NY US",11/3/2010,0,0,0,49,25,27,,
USC00308721,"UPTON COOP NWSFO NEW YORK, NY US",11/4/2010,0.36,0,0,53,27,44,,
USC00308721,"UPTON COOP NWSFO NEW YORK, NY US",11/5/2010,1.32,0,0,58,44,49,,
USC00308721,"UPTON COOP NWSFO NEW YORK, NY US",11/6/2010,0.02,0,0,54,36,41,,
USC00308721,"UPTON COOP NWSFO NEW YORK, NY US",11/7/2010,0,0,0,50,38,39,,
USC00308721,"UPTON COOP NWSFO NEW YORK, NY US",11/8/2010,0.1,0,0,50,35,35,,
USC00308721,"UPTON COOP NWSFO NEW YORK, NY US",11/9/2010,0.35,0,0,45,34,41,,
USC00308721,"UPTON COOP NWSFO NEW YORK, NY US",11/10/2010,0,0,0,54,41,49,,
USC00308721,"UPTON COOP NWSFO NEW YORK, NY US",11/11/2010,0,0,0,54,41,41,,
USC00308721,"UPTON COOP NWSFO NEW YORK, NY US",11/12/2010,0,0,0,51,35,42,,
USC00308721,"UPTON COOP NWSFO NEW YORK, NY US",11/13/2010,0,0,0,59,38,40,,
USC00308721,"UPTON COOP NWSFO NEW YORK, NY US",11/14/2010,0,0,0,61,29,31,,
USC00308721,"UPTON COOP NWSFO NEW YORK, NY US",11/15/2010,0,0,0,61,31,48,,
USC00308721,"UPTON COOP NWSFO NEW YORK, NY US",11/16/2010,0.06,0,0,59,48,48,,
USC00308721,"UPTON COOP NWSFO NEW YORK, NY US",11/17/2010,0.67,0,0,61,48,58,,
USC00308721,"UPTON COOP NWSFO NEW YORK, NY US",11/18/2010,0,0,0,62,43,44,,
USC00308721,"UPTON COOP NWSFO NEW YORK, NY US",11/19/2010,0,0,0,55,34,34,,
USC00308721,"UPTON COOP NWSFO NEW YORK, NY US",11/20/2010,0,0,0,47,25,46,,
USC00308721,"UPTON COOP NWSFO NEW YORK, NY US",11/21/2010,0,0,0,56,37,38,,
USC00308721,"UPTON COOP NWSFO NEW YORK, NY US",11/22/2010,0,0,0,49,30,49,,
USC00308721,"UPTON COOP NWSFO NEW YORK, NY US",11/23/2010,0,0,0,61,49,51,,
USC00308721,"UPTON COOP NWSFO NEW YORK, NY US",11/24/2010,0,0,0,60,41,41,,
USC00308721,"UPTON COOP NWSFO NEW YORK, NY US",11/25/2010,0,0,0,50,36,36,,
USC00308721,"UPTON COOP NWSFO NEW YORK, NY US",11/26/2010,0.21,0,0,55,36,55,,
USC00308721,"UPTON COOP NWSFO NEW YORK, NY US",11/27/2010,0.01,0,0,55,32,32,,
USC00308721,"UPTON COOP NWSFO NEW YORK, NY US",11/28/2010,0,0,0,44,26,26,,
USC00308721,"UPTON COOP NWSFO NEW YORK, NY US",11/29/2010,0,0,0,44,21,22,,
USC00308721,"UPTON COOP NWSFO NEW YORK, NY US",11/30/2010,0,0,0,49,22,34,,
USC00308721,"UPTON COOP NWSFO NEW YORK, NY US",12/1/2010,0.06,0,0,56,34,56,,
USC00308721,"UPTON COOP NWSFO NEW YORK, NY US",12/2/2010,0.64,0,0,58,34,34,,
USC00308721,"UPTON COOP NWSFO NEW YORK, NY US",12/3/2010,0,0,0,43,33,34,,
USC00308721,"UPTON COOP NWSFO NEW YORK, NY US",12/4/2010,0,0,0,41,31,31,,
USC00308721,"UPTON COOP NWSFO NEW YORK, NY US",12/5/2010,0,0,0,42,26,29,,
USC00308721,"UPTON COOP NWSFO NEW YORK, NY US",12/6/2010,0,0,0,39,29,31,,
USC00308721,"UPTON COOP NWSFO NEW YORK, NY US",12/7/2010,0,0,0,35,29,29,,
USC00308721,"UPTON COOP NWSFO NEW YORK, NY US",12/8/2010,0,0,0,37,26,27,,
USC00308721,"UPTON COOP NWSFO NEW YORK, NY US",12/9/2010,0,0,0,35,23,23,,
USC00308721,"UPTON COOP NWSFO NEW YORK, NY US",12/10/2010,0,0,0,31,9,10,,
USC00308721,"UPTON COOP NWSFO NEW YORK, NY US",12/11/2010,0,0,0,31,9,21,,
USC00308721,"UPTON COOP NWSFO NEW YORK, NY US",12/12/2010,0.13,0,0,46,21,46,,
USC00308721,"UPTON COOP NWSFO NEW YORK, NY US",12/13/2010,1.24,0,0,56,46,49,,
USC00308721,"UPTON COOP NWSFO NEW YORK, NY US",12/14/2010,0.05,0.7,1,49,21,21,,
USC00308721,"UPTON COOP NWSFO NEW YORK, NY US",12/15/2010,0,0,0,25,19,20,,
USC00308721,"UPTON COOP NWSFO NEW YORK, NY US",12/16/2010,0,0,0,28,19,21,,
USC00308721,"UPTON COOP NWSFO NEW YORK, NY US",12/17/2010,0,0,0,33,16,16,,
USC00308721,"UPTON COOP NWSFO NEW YORK, NY US",12/18/2010,0,0,0,36,16,18,,
USC00308721,"UPTON COOP NWSFO NEW YORK, NY US",12/19/2010,0,0,0,39,18,23,,
USC00308721,"UPTON COOP NWSFO NEW YORK, NY US",12/20/2010,0,0,0,35,23,29,,
USC00308721,"UPTON COOP NWSFO NEW YORK, NY US",12/21/2010,0,0,0,34,28,28,,
USC00308721,"UPTON COOP NWSFO NEW YORK, NY US",12/22/2010,0,0,0,36,28,29,,
USC00308721,"UPTON COOP NWSFO NEW YORK, NY US",12/23/2010,0,0,0,39,29,31,,
USC00308721,"UPTON COOP NWSFO NEW YORK, NY US",12/24/2010,0.02,0.3,0,33,27,28,,
USC00308721,"UPTON COOP NWSFO NEW YORK, NY US",12/25/2010,0,0,0,37,24,24,,
USC00308721,"UPTON COOP NWSFO NEW YORK, NY US",12/26/2010,0,0,0,32,24,29,,
USC00308721,"UPTON COOP NWSFO NEW YORK, NY US",12/27/2010,1.85,17.6,14,30,20,22,,
USC00308721,"UPTON COOP NWSFO NEW YORK, NY US",12/28/2010,0.09,1.2,11,27,19,19,,
USC00308721,"UPTON COOP NWSFO NEW YORK, NY US",12/29/2010,0,0,10,37,19,31,,
USC00308721,"UPTON COOP NWSFO NEW YORK, NY US",12/30/2010,0,0,10,37,14,17,,
USC00308721,"UPTON COOP NWSFO NEW YORK, NY US",12/31/2010,0,0,9,42,16,28,,
USC00308721,"UPTON COOP NWSFO NEW YORK, NY US",1/1/2011,0,0,7,46,28,32,,
USC00308721,"UPTON COOP NWSFO NEW YORK, NY US",1/2/2011,0,0,3,50,31,41,,
USC00308721,"UPTON COOP NWSFO NEW YORK, NY US",1/3/2011,0.13,0,2,47,27,28,,
USC00308721,"UPTON COOP NWSFO NEW YORK, NY US",1/4/2011,0,0,1,35,20,26,,
USC00308721,"UPTON COOP NWSFO NEW YORK, NY US",1/5/2011,0,0,1,40,25,28,,
USC00308721,"UPTON COOP NWSFO NEW YORK, NY US",1/6/2011,0,0,1,40,14,14,,
USC00308721,"UPTON COOP NWSFO NEW YORK, NY US",1/7/2011,0,0,1,36,14,27,,
USC00308721,"UPTON COOP NWSFO NEW YORK, NY US",1/8/2011,0.23,1.8,3,35,16,16,,
USC00308721,"UPTON COOP NWSFO NEW YORK, NY US",1/9/2011,0.16,1.7,4,31,16,24,,
USC00308721,"UPTON COOP NWSFO NEW YORK, NY US",1/10/2011,0,0,4,34,23,23,,
USC00308721,"UPTON COOP NWSFO NEW YORK, NY US",1/11/2011,0,0,4,35,19,19,,
USC00308721,"UPTON COOP NWSFO NEW YORK, NY US",1/12/2011,1.3,11.8,14,31,18,25,,
USC00308721,"UPTON COOP NWSFO NEW YORK, NY US",1/13/2011,0.21,2.3,14,30,21,21,,
USC00308721,"UPTON COOP NWSFO NEW YORK, NY US",1/14/2011,0,0,13,31,9,10,,
USC00308721,"UPTON COOP NWSFO NEW YORK, NY US",1/15/2011,0,0,13,25,3,4,,
USC00308721,"UPTON COOP NWSFO NEW YORK, NY US",1/16/2011,0,0,12,36,4,28,,
USC00308721,"UPTON COOP NWSFO NEW YORK, NY US",1/17/2011,0,0,11,35,20,21,,
USC00308721,"UPTON COOP NWSFO NEW YORK, NY US",1/18/2011,0.3,0.5,12,33,20,33,,
USC00308721,"UPTON COOP NWSFO NEW YORK, NY US",1/19/2011,0.83,0,8,43,31,33,,
USC00308721,"UPTON COOP NWSFO NEW YORK, NY US",1/20/2011,0.05,0,6,37,28,28,,
USC00308721,"UPTON COOP NWSFO NEW YORK, NY US",1/21/2011,0.27,2.7,8,33,26,29,,
USC00308721,"UPTON COOP NWSFO NEW YORK, NY US",1/22/2011,0.04,0.7,9,33,9,9,,
USC00308721,"UPTON COOP NWSFO NEW YORK, NY US",1/23/2011,0,0,9,24,5,7,,
USC00308721,"UPTON COOP NWSFO NEW YORK, NY US",1/24/2011,0,0,8,26,1,1,,
USC00308721,"UPTON COOP NWSFO NEW YORK, NY US",1/25/2011,0,0,8,19,1,19,,
USC00308721,"UPTON COOP NWSFO NEW YORK, NY US",1/26/2011,0,0,8,32,18,26,,
USC00308721,"UPTON COOP NWSFO NEW YORK, NY US",1/27/2011,1.71,13.3,19,32,26,27,,
USC00308721,"UPTON COOP NWSFO NEW YORK, NY US",1/28/2011,0,0,17,35,17,17,,
USC00308721,"UPTON COOP NWSFO NEW YORK, NY US",1/29/2011,0.02,0.4,16,38,17,24,,
USC00308721,"UPTON COOP NWSFO NEW YORK, NY US",1/30/2011,0,0,15,38,22,23,,
USC00308721,"UPTON COOP NWSFO NEW YORK, NY US",1/31/2011,0.05,0.5,15,30,15,28,,
USC00308721,"UPTON COOP NWSFO NEW YORK, NY US",2/1/2011,0.05,0.5,16,30,15,28,,
USC00308721,"UPTON COOP NWSFO NEW YORK, NY US",2/2/2011,0.55,0,15,33,21,33,,
USC00308721,"UPTON COOP NWSFO NEW YORK, NY US",2/3/2011,0.3,0,14,46,25,25,,
USC00308721,"UPTON COOP NWSFO NEW YORK, NY US",2/4/2011,0,0,14,29,8,11,,
USC00308721,"UPTON COOP NWSFO NEW YORK, NY US",2/5/2011,0,0,13,33,10,26,,
USC00308721,"UPTON COOP NWSFO NEW YORK, NY US",2/6/2011,0.22,0,11,49,25,34,,
USC00308721,"UPTON COOP NWSFO NEW YORK, NY US",2/7/2011,0,0,9,44,25,25,,
USC00308721,"UPTON COOP NWSFO NEW YORK, NY US",2/8/2011,0.25,0,9,45,25,34,,
USC00308721,"UPTON COOP NWSFO NEW YORK, NY US",2/9/2011,0.06,0,9,38,15,16,,
USC00308721,"UPTON COOP NWSFO NEW YORK, NY US",2/10/2011,0,0,9,30,16,25,,
USC00308721,"UPTON COOP NWSFO NEW YORK, NY US",2/11/2011,0,0,8,29,9,10,,
USC00308721,"UPTON COOP NWSFO NEW YORK, NY US",2/12/2011,0,0,8,34,9,15,,
USC00308721,"UPTON COOP NWSFO NEW YORK, NY US",2/13/2011,0,0,8,40,15,23,,
USC00308721,"UPTON COOP NWSFO NEW YORK, NY US",2/14/2011,0,0,7,42,23,40,,
USC00308721,"UPTON COOP NWSFO NEW YORK, NY US",2/15/2011,0,0,5,53,26,26,,
USC00308721,"UPTON COOP NWSFO NEW YORK, NY US",2/16/2011,0,0,5,32,14,15,,
USC00308721,"UPTON COOP NWSFO NEW YORK, NY US",2/17/2011,0,0,4,40,14,31,,
USC00308721,"UPTON COOP NWSFO NEW YORK, NY US",2/18/2011,0,0,3,56,31,43,,
USC00308721,"UPTON COOP NWSFO NEW YORK, NY US",2/19/2011,0,0,1,59,40,40,,
USC00308721,"UPTON COOP NWSFO NEW YORK, NY US",2/20/2011,0,0,0,43,17,18,,
USC00308721,"UPTON COOP NWSFO NEW YORK, NY US",2/21/2011,0.11,2,2,35,18,27,,
USC00308721,"UPTON COOP NWSFO NEW YORK, NY US",2/22/2011,0.15,2.2,4,30,16,16,,
USC00308721,"UPTON COOP NWSFO NEW YORK, NY US",2/23/2011,0,0,2,32,16,19,,
USC00308721,"UPTON COOP NWSFO NEW YORK, NY US",2/24/2011,0,0,1,40,11,12,,
USC00308721,"UPTON COOP NWSFO NEW YORK, NY US",2/25/2011,0.53,0,0,42,11,42,,
USC00308721,"UPTON COOP NWSFO NEW YORK, NY US",2/26/2011,1.13,0,0,50,27,29,,
USC00308721,"UPTON COOP NWSFO NEW YORK, NY US",2/27/2011,0,0,0,40,29,36,,
USC00308721,"UPTON COOP NWSFO NEW YORK, NY US",2/28/2011,0.11,0,0,48,29,38,,
USC00308721,"UPTON COOP NWSFO NEW YORK, NY US",3/1/2011,0.23,0,0,52,31,31,,
USC00308721,"UPTON COOP NWSFO NEW YORK, NY US",3/2/2011,0,0,0,42,23,36,,
USC00308721,"UPTON COOP NWSFO NEW YORK, NY US",3/3/2011,0,0,0,50,17,18,,
USC00308721,"UPTON COOP NWSFO NEW YORK, NY US",3/4/2011,0,0,0,29,13,18,,
USC00308721,"UPTON COOP NWSFO NEW YORK, NY US",3/5/2011,0,0,0,46,18,46,,
USC00308721,"UPTON COOP NWSFO NEW YORK, NY US",3/6/2011,0,0,0,57,46,51,,
USC00308721,"UPTON COOP NWSFO NEW YORK, NY US",3/7/2011,0.83,0,0,56,37,37,,
USC00308721,"UPTON COOP NWSFO NEW YORK, NY US",3/8/2011,0,0,0,43,27,27,,
USC00308721,"UPTON COOP NWSFO NEW YORK, NY US",3/9/2011,0,0,0,45,25,30,,
USC00308721,"UPTON COOP NWSFO NEW YORK, NY US",3/10/2011,0,0,0,45,30,42,,
USC00308721,"UPTON COOP NWSFO NEW YORK, NY US",3/11/2011,0.28,0,0,51,42,46,,
USC00308721,"UPTON COOP NWSFO NEW YORK, NY US",3/12/2011,0.21,0,0,52,36,37,,
USC00308721,"UPTON COOP NWSFO NEW YORK, NY US",3/13/2011,0,0,0,55,38,45,,
USC00308721,"UPTON COOP NWSFO NEW YORK, NY US",3/14/2011,0,0,0,53,28,33,,
USC00308721,"UPTON COOP NWSFO NEW YORK, NY US",3/15/2011,0,0,0,45,26,31,,
USC00308721,"UPTON COOP NWSFO NEW YORK, NY US",3/16/2011,0.23,0,0,43,31,40,,
USC00308721,"UPTON COOP NWSFO NEW YORK, NY US",3/17/2011,0.23,0,0,51,34,40,,
USC00308721,"UPTON COOP NWSFO NEW YORK, NY US",3/18/2011,0,0,0,62,40,47,,
USC00308721,"UPTON COOP NWSFO NEW YORK, NY US",3/19/2011,0,0,0,75,41,46,,
USC00308721,"UPTON COOP NWSFO NEW YORK, NY US",3/20/2011,0,0,0,52,29,33,,
USC00308721,"UPTON COOP NWSFO NEW YORK, NY US",3/21/2011,0,0,0,47,30,39,,
USC00308721,"UPTON COOP NWSFO NEW YORK, NY US",3/22/2011,0.33,0,0,44,34,38,,
USC00308721,"UPTON COOP NWSFO NEW YORK, NY US",3/23/2011,0,0,0,48,35,35,,
USC00308721,"UPTON COOP NWSFO NEW YORK, NY US",3/24/2011,0.32,1.3,1,39,29,30,,
USC00308721,"UPTON COOP NWSFO NEW YORK, NY US",3/25/2011,0,0,0,43,27,31,,
USC00308721,"UPTON COOP NWSFO NEW YORK, NY US",3/26/2011,0,0,0,43,22,29,,
USC00308721,"UPTON COOP NWSFO NEW YORK, NY US",3/27/2011,0,0,0,39,27,29,,
USC00308721,"UPTON COOP NWSFO NEW YORK, NY US",3/28/2011,0,0,0,43,26,28,,
USC00308721,"UPTON COOP NWSFO NEW YORK, NY US",3/29/2011,0,0,0,46,28,33,,
USC00308721,"UPTON COOP NWSFO NEW YORK, NY US",3/30/2011,0,0,0,49,27,32,,
USC00308721,"UPTON COOP NWSFO NEW YORK, NY US",3/31/2011,0,0,0,50,32,40,,
USC00308721,"UPTON COOP NWSFO NEW YORK, NY US",4/1/2011,0.54,0,0,43,34,35,,
USC00308721,"UPTON COOP NWSFO NEW YORK, NY US",4/2/2011,0.08,0,0,41,34,40,,
USC00308721,"UPTON COOP NWSFO NEW YORK, NY US",4/3/2011,0,0,0,55,40,44,,
USC00308721,"UPTON COOP NWSFO NEW YORK, NY US",4/4/2011,0.07,0,0,57,41,43,,
USC00308721,"UPTON COOP NWSFO NEW YORK, NY US",4/5/2011,0,0,0,53,43,52,,
USC00308721,"UPTON COOP NWSFO NEW YORK, NY US",4/6/2011,0.1,0,0,53,38,41,,
USC00308721,"UPTON COOP NWSFO NEW YORK, NY US",4/7/2011,0.14,0,0,54,39,40,,
USC00308721,"UPTON COOP NWSFO NEW YORK, NY US",4/8/2011,0,0,0,49,30,36,,
USC00308721,"UPTON COOP NWSFO NEW YORK, NY US",4/9/2011,0,0,0,49,34,37,,
USC00308721,"UPTON COOP NWSFO NEW YORK, NY US",4/10/2011,0,0,0,57,30,39,,
USC00308721,"UPTON COOP NWSFO NEW YORK, NY US",4/11/2011,0,0,0,55,39,52,,
USC00308721,"UPTON COOP NWSFO NEW YORK, NY US",4/12/2011,0,0,0,55,51,55,,
USC00308721,"UPTON COOP NWSFO NEW YORK, NY US",4/13/2011,0.54,0,0,59,44,45,,
USC00308721,"UPTON COOP NWSFO NEW YORK, NY US",4/14/2011,0.12,0,0,52,45,48,,
USC00308721,"UPTON COOP NWSFO NEW YORK, NY US",4/15/2011,0,0,0,64,42,46,,
USC00308721,"UPTON COOP NWSFO NEW YORK, NY US",4/16/2011,0,0,0,53,35,41,,
USC00308721,"UPTON COOP NWSFO NEW YORK, NY US",4/17/2011,1.9,0,0,54,41,54,,
USC00308721,"UPTON COOP NWSFO NEW YORK, NY US",4/18/2011,0.02,0,0,61,39,48,,
USC00308721,"UPTON COOP NWSFO NEW YORK, NY US",4/19/2011,0,0,0,64,44,50,,
USC00308721,"UPTON COOP NWSFO NEW YORK, NY US",4/20/2011,0,0,0,57,44,46,,
USC00308721,"UPTON COOP NWSFO NEW YORK, NY US",4/21/2011,0,0,0,63,46,52,,
USC00308721,"UPTON COOP NWSFO NEW YORK, NY US",4/22/2011,0,0,0,58,34,42,,
USC00308721,"UPTON COOP NWSFO NEW YORK, NY US",4/23/2011,0.1,0,0,51,42,44,,
USC00308721,"UPTON COOP NWSFO NEW YORK, NY US",4/24/2011,0.81,0,0,59,44,59,,
USC00308721,"UPTON COOP NWSFO NEW YORK, NY US",4/25/2011,0.16,0,0,75,53,56,,
USC00308721,"UPTON COOP NWSFO NEW YORK, NY US",4/26/2011,0,0,0,70,51,56,,
USC00308721,"UPTON COOP NWSFO NEW YORK, NY US",4/27/2011,0,0,0,71,54,57,,
USC00308721,"UPTON COOP NWSFO NEW YORK, NY US",4/28/2011,0,0,0,66,56,59,,
USC00308721,"UPTON COOP NWSFO NEW YORK, NY US",4/29/2011,0.22,0,0,62,48,56,,
USC00308721,"UPTON COOP NWSFO NEW YORK, NY US",4/30/2011,0,0,0,70,48,50,,
USC00308721,"UPTON COOP NWSFO NEW YORK, NY US",5/1/2011,0,0,0,62,41,53,,
USC00308721,"UPTON COOP NWSFO NEW YORK, NY US",5/2/2011,0,0,0,65,35,51,,
USC00308721,"UPTON COOP NWSFO NEW YORK, NY US",5/3/2011,0,0,0,58,48,55,,
USC00308721,"UPTON COOP NWSFO NEW YORK, NY US",5/4/2011,0,0,0,70,55,58,,
USC00308721,"UPTON COOP NWSFO NEW YORK, NY US",5/5/2011,0.27,0,0,63,45,49,,
USC00308721,"UPTON COOP NWSFO NEW YORK, NY US",5/6/2011,0,0,0,63,37,56,,
USC00308721,"UPTON COOP NWSFO NEW YORK, NY US",5/7/2011,0,0,0,67,46,58,,
USC00308721,"UPTON COOP NWSFO NEW YORK, NY US",5/8/2011,0,0,0,71,47,58,,
USC00308721,"UPTON COOP NWSFO NEW YORK, NY US",5/9/2011,0,0,0,72,52,58,,
USC00308721,"UPTON COOP NWSFO NEW YORK, NY US",5/10/2011,0,0,0,69,50,57,,
USC00308721,"UPTON COOP NWSFO NEW YORK, NY US",5/11/2011,0,0,0,69,51,53,,
USC00308721,"UPTON COOP NWSFO NEW YORK, NY US",5/12/2011,0,0,0,65,49,56,,
USC00308721,"UPTON COOP NWSFO NEW YORK, NY US",5/13/2011,0,0,0,69,41,55,,
USC00308721,"UPTON COOP NWSFO NEW YORK, NY US",5/14/2011,0,0,0,66,52,54,,
USC00308721,"UPTON COOP NWSFO NEW YORK, NY US",5/15/2011,0.21,0,0,62,54,58,,
USC00308721,"UPTON COOP NWSFO NEW YORK, NY US",5/16/2011,0.12,0,0,68,54,54,,
USC00308721,"UPTON COOP NWSFO NEW YORK, NY US",5/17/2011,0.47,0,0,57,50,54,,
USC00308721,"UPTON COOP NWSFO NEW YORK, NY US",5/18/2011,0.98,0,0,62,54,62,,
USC00308721,"UPTON COOP NWSFO NEW YORK, NY US",5/19/2011,0.73,0,0,70,60,61,,
USC00308721,"UPTON COOP NWSFO NEW YORK, NY US",5/20/2011,0.01,0,0,73,56,58,,
USC00308721,"UPTON COOP NWSFO NEW YORK, NY US",5/21/2011,0,0,0,68,52,53,,
USC00308721,"UPTON COOP NWSFO NEW YORK, NY US",5/22/2011,0,0,0,71,53,54,,
USC00308721,"UPTON COOP NWSFO NEW YORK, NY US",5/23/2011,0,0,0,60,51,53,,
USC00308721,"UPTON COOP NWSFO NEW YORK, NY US",5/24/2011,0.18,0,0,64,53,60,,
USC00308721,"UPTON COOP NWSFO NEW YORK, NY US",5/25/2011,0,0,0,78,58,66,,
USC00308721,"UPTON COOP NWSFO NEW YORK, NY US",5/26/2011,0,0,0,81,56,62,,
USC00308721,"UPTON COOP NWSFO NEW YORK, NY US",5/27/2011,0,0,0,74,59,63,,
USC00308721,"UPTON COOP NWSFO NEW YORK, NY US",5/28/2011,0,0,0,79,63,70,,
USC00308721,"UPTON COOP NWSFO NEW YORK, NY US",5/29/2011,0,0,0,76,64,67,,
USC00308721,"UPTON COOP NWSFO NEW YORK, NY US",5/30/2011,0,0,0,78,67,71,,
USC00308721,"UPTON COOP NWSFO NEW YORK, NY US",5/31/2011,0.15,0,0,84,65,72,,
USC00308721,"UPTON COOP NWSFO NEW YORK, NY US",6/1/2011,0,0,0,84,63,66,,
USC00308721,"UPTON COOP NWSFO NEW YORK, NY US",6/2/2011,0.02,0,0,76,60,71,,
USC00308721,"UPTON COOP NWSFO NEW YORK, NY US",6/3/2011,0,0,0,77,52,61,,
USC00308721,"UPTON COOP NWSFO NEW YORK, NY US",6/4/2011,0,0,0,73,47,60,,
USC00308721,"UPTON COOP NWSFO NEW YORK, NY US",6/5/2011,0,0,0,77,46,57,,
USC00308721,"UPTON COOP NWSFO NEW YORK, NY US",6/6/2011,0,0,0,67,55,65,,
USC00308721,"UPTON COOP NWSFO NEW YORK, NY US",6/7/2011,0,0,0,80,61,71,,
USC00308721,"UPTON COOP NWSFO NEW YORK, NY US",6/8/2011,0,0,0,88,66,77,,
USC00308721,"UPTON COOP NWSFO NEW YORK, NY US",6/9/2011,0,0,0,90,68,76,,
USC00308721,"UPTON COOP NWSFO NEW YORK, NY US",6/10/2011,0.76,0,0,86,65,71,,
USC00308721,"UPTON COOP NWSFO NEW YORK, NY US",6/11/2011,0.1,0,0,82,62,62,,
USC00308721,"UPTON COOP NWSFO NEW YORK, NY US",6/12/2011,0.78,0,0,66,56,56,,
USC00308721,"UPTON COOP NWSFO NEW YORK, NY US",6/13/2011,0.02,0,0,66,56,60,,
USC00308721,"UPTON COOP NWSFO NEW YORK, NY US",6/14/2011,0.01,0,0,71,56,57,,
USC00308721,"UPTON COOP NWSFO NEW YORK, NY US",6/15/2011,0.12,0,0,66,52,57,,
USC00308721,"UPTON COOP NWSFO NEW YORK, NY US",6/16/2011,0,0,0,78,57,67,,
USC00308721,"UPTON COOP NWSFO NEW YORK, NY US",6/17/2011,0.78,0,0,82,62,65,,
USC00308721,"UPTON COOP NWSFO NEW YORK, NY US",6/18/2011,0.56,0,0,73,55,64,,
USC00308721,"UPTON COOP NWSFO NEW YORK, NY US",6/19/2011,0,0,0,80,61,68,,
USC00308721,"UPTON COOP NWSFO NEW YORK, NY US",6/20/2011,0,0,0,79,53,64,,
USC00308721,"UPTON COOP NWSFO NEW YORK, NY US",6/21/2011,0,0,0,77,60,71,,
USC00308721,"UPTON COOP NWSFO NEW YORK, NY US",6/22/2011,0,0,0,81,65,72,,
USC00308721,"UPTON COOP NWSFO NEW YORK, NY US",6/23/2011,0.29,0,0,79,69,69,,
USC00308721,"UPTON COOP NWSFO NEW YORK, NY US",6/24/2011,1.47,0,0,76,62,63,,
USC00308721,"UPTON COOP NWSFO NEW YORK, NY US",6/25/2011,0.01,0,0,68,61,62,,
USC00308721,"UPTON COOP NWSFO NEW YORK, NY US",6/26/2011,0,0,0,76,62,67,,
USC00308721,"UPTON COOP NWSFO NEW YORK, NY US",6/27/2011,0,0,0,79,61,69,,
USC00308721,"UPTON COOP NWSFO NEW YORK, NY US",6/28/2011,0,0,0,80,66,71,,
USC00308721,"UPTON COOP NWSFO NEW YORK, NY US",6/29/2011,0.23,0,0,81,66,68,,
USC00308721,"UPTON COOP NWSFO NEW YORK, NY US",6/30/2011,0,0,0,82,59,68,,
USC00308721,"UPTON COOP NWSFO NEW YORK, NY US",7/1/2011,0,0,0,79,56,65,,
USC00308721,"UPTON COOP NWSFO NEW YORK, NY US",7/2/2011,0,0,0,80,60,71,,
USC00308721,"UPTON COOP NWSFO NEW YORK, NY US",7/3/2011,0,0,0,82,63,73,,
USC00308721,"UPTON COOP NWSFO NEW YORK, NY US",7/4/2011,0,0,0,77,64,71,,
USC00308721,"UPTON COOP NWSFO NEW YORK, NY US",7/5/2011,0,0,0,84,64,73,,
USC00308721,"UPTON COOP NWSFO NEW YORK, NY US",7/6/2011,0,0,0,86,69,76,,
USC00308721,"UPTON COOP NWSFO NEW YORK, NY US",7/7/2011,0,0,0,87,69,77,,
USC00308721,"UPTON COOP NWSFO NEW YORK, NY US",7/8/2011,0.01,0,0,87,69,74,,
USC00308721,"UPTON COOP NWSFO NEW YORK, NY US",7/9/2011,0.73,0,0,82,67,70,,
USC00308721,"UPTON COOP NWSFO NEW YORK, NY US",7/10/2011,0,0,0,84,58,67,,
USC00308721,"UPTON COOP NWSFO NEW YORK, NY US",7/11/2011,0,0,0,80,67,75,,
USC00308721,"UPTON COOP NWSFO NEW YORK, NY US",7/12/2011,0,0,0,86,73,78,,
USC00308721,"UPTON COOP NWSFO NEW YORK, NY US",7/13/2011,0,0,0,90,69,77,,
USC00308721,"UPTON COOP NWSFO NEW YORK, NY US",7/14/2011,0,0,0,85,63,67,,
USC00308721,"UPTON COOP NWSFO NEW YORK, NY US",7/15/2011,0,0,0,79,57,67,,
USC00308721,"UPTON COOP NWSFO NEW YORK, NY US",7/16/2011,0,0,0,84,60,73,,
USC00308721,"UPTON COOP NWSFO NEW YORK, NY US",7/17/2011,0,0,0,86,66,75,,
USC00308721,"UPTON COOP NWSFO NEW YORK, NY US",7/18/2011,0,0,0,85,71,76,,
USC00308721,"UPTON COOP NWSFO NEW YORK, NY US",7/19/2011,0.97,0,0,87,68,73,,
USC00308721,"UPTON COOP NWSFO NEW YORK, NY US",7/20/2011,0,0,0,87,65,73,,
USC00308721,"UPTON COOP NWSFO NEW YORK, NY US",7/21/2011,0,0,0,84,71,75,,
USC00308721,"UPTON COOP NWSFO NEW YORK, NY US",7/22/2011,0,0,0,84,75,81,,
USC00308721,"UPTON COOP NWSFO NEW YORK, NY US",7/23/2011,0,0,0,99,74,80,,
USC00308721,"UPTON COOP NWSFO NEW YORK, NY US",7/24/2011,0,0,0,92,74,80,,
USC00308721,"UPTON COOP NWSFO NEW YORK, NY US",7/25/2011,0,0,0,86,67,71,,
USC00308721,"UPTON COOP NWSFO NEW YORK, NY US",7/26/2011,0.09,0,0,75,61,69,,
USC00308721,"UPTON COOP NWSFO NEW YORK, NY US",7/27/2011,0.31,0,0,83,64,69,,
USC00308721,"UPTON COOP NWSFO NEW YORK, NY US",7/28/2011,0,0,0,81,61,70,,
USC00308721,"UPTON COOP NWSFO NEW YORK, NY US",7/29/2011,0.05,0,0,82,70,70,,
USC00308721,"UPTON COOP NWSFO NEW YORK, NY US",7/30/2011,0.14,0,0,76,69,75,,
USC00308721,"UPTON COOP NWSFO NEW YORK, NY US",7/31/2011,0,0,0,88,63,74,,
USC00308721,"UPTON COOP NWSFO NEW YORK, NY US",8/1/2011,0,0,0,87,70,76,,
USC00308721,"UPTON COOP NWSFO NEW YORK, NY US",8/2/2011,0.03,0,0,87,67,71,,
USC00308721,"UPTON COOP NWSFO NEW YORK, NY US",8/3/2011,0,0,0,88,63,71,,
USC00308721,"UPTON COOP NWSFO NEW YORK, NY US",8/4/2011,0.2,0,0,81,64,70,,
USC00308721,"UPTON COOP NWSFO NEW YORK, NY US",8/5/2011,0,0,0,81,69,71,,
USC00308721,"UPTON COOP NWSFO NEW YORK, NY US",8/6/2011,0,0,0,78,69,74,,
USC00308721,"UPTON COOP NWSFO NEW YORK, NY US",8/7/2011,0.06,0,0,82,73,73,,
USC00308721,"UPTON COOP NWSFO NEW YORK, NY US",8/8/2011,0.65,0,0,84,68,70,,
USC00308721,"UPTON COOP NWSFO NEW YORK, NY US",8/9/2011,0,0,0,88,68,74,,
USC00308721,"UPTON COOP NWSFO NEW YORK, NY US",8/10/2011,0.12,0,0,82,68,72,,
USC00308721,"UPTON COOP NWSFO NEW YORK, NY US",8/11/2011,0,0,0,85,62,70,,
USC00308721,"UPTON COOP NWSFO NEW YORK, NY US",8/12/2011,0,0,0,82,54,69,,
USC00308721,"UPTON COOP NWSFO NEW YORK, NY US",8/13/2011,0,0,0,82,57,65,,
USC00308721,"UPTON COOP NWSFO NEW YORK, NY US",8/14/2011,1,0,0,84,65,68,,
USC00308721,"UPTON COOP NWSFO NEW YORK, NY US",8/15/2011,3.69,0,0,71,65,70,,
USC00308721,"UPTON COOP NWSFO NEW YORK, NY US",8/16/2011,0.27,0,0,74,64,65,,
USC00308721,"UPTON COOP NWSFO NEW YORK, NY US",8/17/2011,0,0,0,73,59,68,,
USC00308721,"UPTON COOP NWSFO NEW YORK, NY US",8/18/2011,0,0,0,84,66,73,,
USC00308721,"UPTON COOP NWSFO NEW YORK, NY US",8/19/2011,0,0,0,80,67,70,,
USC00308721,"UPTON COOP NWSFO NEW YORK, NY US",8/20/2011,0.04,0,0,79,62,70,,
USC00308721,"UPTON COOP NWSFO NEW YORK, NY US",8/21/2011,0,0,0,82,65,73,,
USC00308721,"UPTON COOP NWSFO NEW YORK, NY US",8/22/2011,0.59,0,0,82,65,65,,
USC00308721,"UPTON COOP NWSFO NEW YORK, NY US",8/23/2011,0,0,0,77,56,66,,
USC00308721,"UPTON COOP NWSFO NEW YORK, NY US",8/24/2011,0,0,0,77,57,68,,
USC00308721,"UPTON COOP NWSFO NEW YORK, NY US",8/25/2011,0,0,0,77,68,75,,
USC00308721,"UPTON COOP NWSFO NEW YORK, NY US",8/26/2011,0.12,0,0,79,66,71,,
USC00308721,"UPTON COOP NWSFO NEW YORK, NY US",8/27/2011,0,0,0,85,69,73,,
USC00308721,"UPTON COOP NWSFO NEW YORK, NY US",8/28/2011,2.91,0,0,78,70,70,,
USC00308721,"UPTON COOP NWSFO NEW YORK, NY US",8/29/2011,0.13,0,0,73,55,60,,
USC00308721,"UPTON COOP NWSFO NEW YORK, NY US",8/30/2011,0,0,0,77,55,62,,
USC00308721,"UPTON COOP NWSFO NEW YORK, NY US",8/31/2011,0,0,0,78,53,63,,
USC00308721,"UPTON COOP NWSFO NEW YORK, NY US",9/1/2011,0,0,0,83,59,64,,
USC00308721,"UPTON COOP NWSFO NEW YORK, NY US",9/2/2011,0,0,0,78,55,62,,
USC00308721,"UPTON COOP NWSFO NEW YORK, NY US",9/3/2011,0,0,0,77,56,66,,
USC00308721,"UPTON COOP NWSFO NEW YORK, NY US",9/4/2011,0,0,0,77,66,71,,
USC00308721,"UPTON COOP NWSFO NEW YORK, NY US",9/5/2011,0,0,0,79,69,71,,
USC00308721,"UPTON COOP NWSFO NEW YORK, NY US",9/6/2011,0.72,0,0,80,60,60,,
USC00308721,"UPTON COOP NWSFO NEW YORK, NY US",9/7/2011,0.7,0,0,64,60,64,,
USC00308721,"UPTON COOP NWSFO NEW YORK, NY US",9/8/2011,1,0,0,68,62,62,,
USC00308721,"UPTON COOP NWSFO NEW YORK, NY US",9/9/2011,0,0,0,79,62,67,,
USC00308721,"UPTON COOP NWSFO NEW YORK, NY US",9/10/2011,0,0,0,82,63,66,,
USC00308721,"UPTON COOP NWSFO NEW YORK, NY US",9/11/2011,0,0,0,80,57,62,,
USC00308721,"UPTON COOP NWSFO NEW YORK, NY US",9/12/2011,0,0,0,73,62,66,,
USC00308721,"UPTON COOP NWSFO NEW YORK, NY US",9/13/2011,0,0,0,80,63,67,,
USC00308721,"UPTON COOP NWSFO NEW YORK, NY US",9/14/2011,0,0,0,80,67,71,,
USC00308721,"UPTON COOP NWSFO NEW YORK, NY US",9/15/2011,0,0,0,81,69,71,,
USC00308721,"UPTON COOP NWSFO NEW YORK, NY US",9/16/2011,0.16,0,0,79,50,53,,
USC00308721,"UPTON COOP NWSFO NEW YORK, NY US",9/17/2011,0,0,0,64,46,53,,
USC00308721,"UPTON COOP NWSFO NEW YORK, NY US",9/18/2011,0,0,0,65,48,51,,
USC00308721,"UPTON COOP NWSFO NEW YORK, NY US",9/19/2011,0,0,0,68,44,53,,
USC00308721,"UPTON COOP NWSFO NEW YORK, NY US",9/20/2011,0,0,0,69,48,56,,
USC00308721,"UPTON COOP NWSFO NEW YORK, NY US",9/21/2011,0.02,0,0,66,56,61,,
USC00308721,"UPTON COOP NWSFO NEW YORK, NY US",9/22/2011,0.02,0,0,74,61,67,,
USC00308721,"UPTON COOP NWSFO NEW YORK, NY US",9/23/2011,0,0,0,80,67,68,,
USC00308721,"UPTON COOP NWSFO NEW YORK, NY US",9/24/2011,1.66,0,0,71,68,70,,
USC00308721,"UPTON COOP NWSFO NEW YORK, NY US",9/25/2011,0,0,0,77,67,69,,
USC00308721,"UPTON COOP NWSFO NEW YORK, NY US",9/26/2011,0,0,0,79,67,67,,
USC00308721,"UPTON COOP NWSFO NEW YORK, NY US",9/27/2011,0,0,0,80,66,66,,
USC00308721,"UPTON COOP NWSFO NEW YORK, NY US",9/28/2011,0,0,0,80,66,68,,
USC00308721,"UPTON COOP NWSFO NEW YORK, NY US",9/29/2011,0.82,0,0,74,67,68,,
USC00308721,"UPTON COOP NWSFO NEW YORK, NY US",9/30/2011,0.26,0,0,75,53,57,,
USC00308721,"UPTON COOP NWSFO NEW YORK, NY US",10/1/2011,0.09,0,0,75,57,62,,
USC00308721,"UPTON COOP NWSFO NEW YORK, NY US",10/2/2011,0.25,0,0,68,55,55,,
USC00308721,"UPTON COOP NWSFO NEW YORK, NY US",10/3/2011,0.14,0,0,68,49,49,,
USC00308721,"UPTON COOP NWSFO NEW YORK, NY US",10/4/2011,0.5,0,0,58,44,46,,
USC00308721,"UPTON COOP NWSFO NEW YORK, NY US",10/5/2011,0.08,0,0,62,47,57,,
USC00308721,"UPTON COOP NWSFO NEW YORK, NY US",10/6/2011,0,0,0,69,41,42,,
USC00308721,"UPTON COOP NWSFO NEW YORK, NY US",10/7/2011,0,0,0,64,39,45,,
USC00308721,"UPTON COOP NWSFO NEW YORK, NY US",10/8/2011,0,0,0,64,45,51,,
USC00308721,"UPTON COOP NWSFO NEW YORK, NY US",10/9/2011,0,0,0,76,50,53,,
USC00308721,"UPTON COOP NWSFO NEW YORK, NY US",10/10/2011,0,0,0,82,52,56,,
USC00308721,"UPTON COOP NWSFO NEW YORK, NY US",10/11/2011,0,0,0,81,56,60,,
USC00308721,"UPTON COOP NWSFO NEW YORK, NY US",10/12/2011,0,0,0,73,55,56,,
USC00308721,"UPTON COOP NWSFO NEW YORK, NY US",10/13/2011,0.68,0,0,62,57,60,,
USC00308721,"UPTON COOP NWSFO NEW YORK, NY US",10/14/2011,0.11,0,0,67,60,67,,
USC00308721,"UPTON COOP NWSFO NEW YORK, NY US",10/15/2011,0.32,0,0,69,53,55,,
USC00308721,"UPTON COOP NWSFO NEW YORK, NY US",10/16/2011,0,0,0,66,52,55,,
USC00308721,"UPTON COOP NWSFO NEW YORK, NY US",10/17/2011,0,0,0,66,54,57,,
USC00308721,"UPTON COOP NWSFO NEW YORK, NY US",10/18/2011,0,0,0,67,48,49,,
USC00308721,"UPTON COOP NWSFO NEW YORK, NY US",10/19/2011,0.04,0,0,69,49,63,,
USC00308721,"UPTON COOP NWSFO NEW YORK, NY US",10/20/2011,1.68,0,0,69,61,67,,
USC00308721,"UPTON COOP NWSFO NEW YORK, NY US",10/21/2011,0,0,0,67,49,50,,
USC00308721,"UPTON COOP NWSFO NEW YORK, NY US",10/22/2011,0,0,0,61,41,43,,
USC00308721,"UPTON COOP NWSFO NEW YORK, NY US",10/23/2011,0,0,0,62,43,49,,
USC00308721,"UPTON COOP NWSFO NEW YORK, NY US",10/24/2011,0,0,0,57,35,37,,
USC00308721,"UPTON COOP NWSFO NEW YORK, NY US",10/25/2011,0,0,0,61,37,44,,
USC00308721,"UPTON COOP NWSFO NEW YORK, NY US",10/26/2011,0,0,0,61,40,43,,
USC00308721,"UPTON COOP NWSFO NEW YORK, NY US",10/27/2011,0.17,0,0,60,43,55,,
USC00308721,"UPTON COOP NWSFO NEW YORK, NY US",10/28/2011,0.45,0,0,54,36,36,,
USC00308721,"UPTON COOP NWSFO NEW YORK, NY US",10/29/2011,0,0,0,49,36,43,,
USC00308721,"UPTON COOP NWSFO NEW YORK, NY US",10/30/2011,1.83,0.2,0,43,33,36,,
USC00308721,"UPTON COOP NWSFO NEW YORK, NY US",10/31/2011,0,0,0,47,26,27,,
USC00308721,"UPTON COOP NWSFO NEW YORK, NY US",11/1/2011,0,0,0,55,27,46,,
USC00308721,"UPTON COOP NWSFO NEW YORK, NY US",11/2/2011,0,0,0,54,30,32,,
USC00308721,"UPTON COOP NWSFO NEW YORK, NY US",11/3/2011,0,0,0,57,32,38,,
USC00308721,"UPTON COOP NWSFO NEW YORK, NY US",11/4/2011,0,0,0,59,38,48,,
USC00308721,"UPTON COOP NWSFO NEW YORK, NY US",11/5/2011,0,0,0,52,35,36,,
USC00308721,"UPTON COOP NWSFO NEW YORK, NY US",11/6/2011,0,0,0,49,23,24,,
USC00308721,"UPTON COOP NWSFO NEW YORK, NY US",11/7/2011,0,0,0,56,24,41,,
USC00308721,"UPTON COOP NWSFO NEW YORK, NY US",11/8/2011,0,0,0,59,38,39,,
USC00308721,"UPTON COOP NWSFO NEW YORK, NY US",11/9/2011,0,0,0,70,40,43,,
USC00308721,"UPTON COOP NWSFO NEW YORK, NY US",11/10/2011,0,0,0,66,43,57,,
USC00308721,"UPTON COOP NWSFO NEW YORK, NY US",11/11/2011,0.55,0,0,63,42,42,,
USC00308721,"UPTON COOP NWSFO NEW YORK, NY US",11/12/2011,0,0,0,49,32,33,,
USC00308721,"UPTON COOP NWSFO NEW YORK, NY US",11/13/2011,0,0,0,54,33,37,,
USC00308721,"UPTON COOP NWSFO NEW YORK, NY US",11/14/2011,0,0,0,60,37,54,,
USC00308721,"UPTON COOP NWSFO NEW YORK, NY US",11/15/2011,0,0,0,63,54,57,,
USC00308721,"UPTON COOP NWSFO NEW YORK, NY US",11/16/2011,0.05,0,0,69,53,53,,
USC00308721,"UPTON COOP NWSFO NEW YORK, NY US",11/17/2011,0.77,0,0,56,46,46,,
USC00308721,"UPTON COOP NWSFO NEW YORK, NY US",11/18/2011,0.17,0,0,47,35,35,,
USC00308721,"UPTON COOP NWSFO NEW YORK, NY US",11/19/2011,0,0,0,46,27,27,,
USC00308721,"UPTON COOP NWSFO NEW YORK, NY US",11/20/2011,0,0,0,53,27,52,,
USC00308721,"UPTON COOP NWSFO NEW YORK, NY US",11/21/2011,0.08,0,0,65,48,48,,
USC00308721,"UPTON COOP NWSFO NEW YORK, NY US",11/22/2011,0,0,0,58,43,43,,
USC00308721,"UPTON COOP NWSFO NEW YORK, NY US",11/23/2011,1.16,0,0,60,44,56,,
USC00308721,"UPTON COOP NWSFO NEW YORK, NY US",11/24/2011,0.13,0,0,55,33,34,,
USC00308721,"UPTON COOP NWSFO NEW YORK, NY US",11/25/2011,0,0,0,49,33,35,,
USC00308721,"UPTON COOP NWSFO NEW YORK, NY US",11/26/2011,0,0,0,63,34,40,,
USC00308721,"UPTON COOP NWSFO NEW YORK, NY US",11/27/2011,0,0,0,66,34,47,,
USC00308721,"UPTON COOP NWSFO NEW YORK, NY US",11/28/2011,0,0,0,62,47,54,,
USC00308721,"UPTON COOP NWSFO NEW YORK, NY US",11/29/2011,0,0,0,67,47,58,,
USC00308721,"UPTON COOP NWSFO NEW YORK, NY US",11/30/2011,0.87,0,0,66,47,47,,
USC00308721,"UPTON COOP NWSFO NEW YORK, NY US",12/1/2011,0,0,0,52,37,37,,
USC00308721,"UPTON COOP NWSFO NEW YORK, NY US",12/2/2011,0,0,0,48,26,26,,
USC00308721,"UPTON COOP NWSFO NEW YORK, NY US",12/3/2011,0,0,0,52,26,33,,
USC00308721,"UPTON COOP NWSFO NEW YORK, NY US",12/4/2011,0,0,0,46,26,28,,
USC00308721,"UPTON COOP NWSFO NEW YORK, NY US",12/5/2011,0,0,0,55,28,51,,
USC00308721,"UPTON COOP NWSFO NEW YORK, NY US",12/6/2011,0.01,0,0,57,48,57,,
USC00308721,"UPTON COOP NWSFO NEW YORK, NY US",12/7/2011,0.26,0,0,57,55,55,,
USC00308721,"UPTON COOP NWSFO NEW YORK, NY US",12/8/2011,1.31,0,0,58,36,37,,
USC00308721,"UPTON COOP NWSFO NEW YORK, NY US",12/9/2011,0,0,0,45,26,26,,
USC00308721,"UPTON COOP NWSFO NEW YORK, NY US",12/10/2011,0.12,0,0,51,26,38,,
USC00308721,"UPTON COOP NWSFO NEW YORK, NY US",12/11/2011,0,0,0,48,24,24,,
USC00308721,"UPTON COOP NWSFO NEW YORK, NY US",12/12/2011,0,0,0,40,19,20,,
USC00308721,"UPTON COOP NWSFO NEW YORK, NY US",12/13/2011,0,0,0,44,19,24,,
USC00308721,"UPTON COOP NWSFO NEW YORK, NY US",12/14/2011,0,0,0,46,24,31,,
USC00308721,"UPTON COOP NWSFO NEW YORK, NY US",12/15/2011,0,0,0,50,31,49,,
USC00308721,"UPTON COOP NWSFO NEW YORK, NY US",12/16/2011,0,0,0,55,49,49,,
USC00308721,"UPTON COOP NWSFO NEW YORK, NY US",12/17/2011,0,0,0,49,31,31,,
USC00308721,"UPTON COOP NWSFO NEW YORK, NY US",12/18/2011,0,0,0,42,23,23,,
USC00308721,"UPTON COOP NWSFO NEW YORK, NY US",12/19/2011,0,0,0,30,14,16,,
USC00308721,"UPTON COOP NWSFO NEW YORK, NY US",12/20/2011,0,0,0,47,16,45,,
USC00308721,"UPTON COOP NWSFO NEW YORK, NY US",12/21/2011,0,0,0,49,37,49,,
USC00308721,"UPTON COOP NWSFO NEW YORK, NY US",12/22/2011,0.13,0,0,55,49,49,,
USC00308721,"UPTON COOP NWSFO NEW YORK, NY US",12/23/2011,0.99,0,0,58,41,45,,
USC00308721,"UPTON COOP NWSFO NEW YORK, NY US",12/24/2011,0.04,0,0,47,29,29,,
USC00308721,"UPTON COOP NWSFO NEW YORK, NY US",12/25/2011,0,0,0,35,18,25,,
USC00308721,"UPTON COOP NWSFO NEW YORK, NY US",12/26/2011,0,0,0,45,25,38,,
USC00308721,"UPTON COOP NWSFO NEW YORK, NY US",12/27/2011,0,0,0,45,25,26,,
USC00308721,"UPTON COOP NWSFO NEW YORK, NY US",12/28/2011,0.3,0,0,57,26,44,,
USC00308721,"UPTON COOP NWSFO NEW YORK, NY US",12/29/2011,0,0,0,48,23,23,,
USC00308721,"UPTON COOP NWSFO NEW YORK, NY US",12/30/2011,0,0,0,33,23,29,,
USC00308721,"UPTON COOP NWSFO NEW YORK, NY US",12/31/2011,0.04,0,0,53,29,47,,
USC00308721,"UPTON COOP NWSFO NEW YORK, NY US",1/1/2012,0.01,0,0,52,23,33,,
USC00308721,"UPTON COOP NWSFO NEW YORK, NY US",1/2/2012,0.14,0,0,50,32,38,,
USC00308721,"UPTON COOP NWSFO NEW YORK, NY US",1/3/2012,0,0,0,43,27,27,,
USC00308721,"UPTON COOP NWSFO NEW YORK, NY US",1/4/2012,0,0,0,31,13,13,,
USC00308721,"UPTON COOP NWSFO NEW YORK, NY US",1/5/2012,0,0,0,28,13,28,,
USC00308721,"UPTON COOP NWSFO NEW YORK, NY US",1/6/2012,0,0,0,41,25,33,,
USC00308721,"UPTON COOP NWSFO NEW YORK, NY US",1/7/2012,0,0,0,51,33,37,,
USC00308721,"UPTON COOP NWSFO NEW YORK, NY US",1/8/2012,0,0,0,62,27,28,,
USC00308721,"UPTON COOP NWSFO NEW YORK, NY US",1/9/2012,0,0,0,46,24,24,,
USC00308721,"UPTON COOP NWSFO NEW YORK, NY US",1/10/2012,0,0,0,41,24,27,,
USC00308721,"UPTON COOP NWSFO NEW YORK, NY US",1/11/2012,0,0,0,46,23,23,,
USC00308721,"UPTON COOP NWSFO NEW YORK, NY US",1/12/2012,0.83,0,0,46,22,46,,
USC00308721,"UPTON COOP NWSFO NEW YORK, NY US",1/13/2012,0.74,0,0,52,40,52,,
USC00308721,"UPTON COOP NWSFO NEW YORK, NY US",1/14/2012,0,0,0,52,26,27,,
USC00308721,"UPTON COOP NWSFO NEW YORK, NY US",1/15/2012,0,0,0,35,17,17,,
USC00308721,"UPTON COOP NWSFO NEW YORK, NY US",1/16/2012,0,0,0,23,10,10,,
USC00308721,"UPTON COOP NWSFO NEW YORK, NY US",1/17/2012,0.14,0,0,41,8,39,,
USC00308721,"UPTON COOP NWSFO NEW YORK, NY US",1/18/2012,0.08,0,0,51,39,39,,
USC00308721,"UPTON COOP NWSFO NEW YORK, NY US",1/19/2012,0,0,0,43,17,17,,
USC00308721,"UPTON COOP NWSFO NEW YORK, NY US",1/20/2012,0.03,0.2,0,37,15,30,,
USC00308721,"UPTON COOP NWSFO NEW YORK, NY US",1/21/2012,0.11,2.4,2,32,21,22,,
USC00308721,"UPTON COOP NWSFO NEW YORK, NY US",1/22/2012,0.32,3.1,4,28,18,20,,
USC00308721,"UPTON COOP NWSFO NEW YORK, NY US",1/23/2012,0,0,3,39,20,39,,
USC00308721,"UPTON COOP NWSFO NEW YORK, NY US",1/24/2012,0.15,0,0,51,39,46,,
USC00308721,"UPTON COOP NWSFO NEW YORK, NY US",1/25/2012,0,0,0,56,36,37,,
USC00308721,"UPTON COOP NWSFO NEW YORK, NY US",1/26/2012,0.02,0.1,0,45,32,32,,
USC00308721,"UPTON COOP NWSFO NEW YORK, NY US",1/27/2012,0.17,0,0,54,32,53,,
USC00308721,"UPTON COOP NWSFO NEW YORK, NY US",1/28/2012,0.18,0,0,56,28,28,,
USC00308721,"UPTON COOP NWSFO NEW YORK, NY US",1/29/2012,0,0,0,47,28,33,,
USC00308721,"UPTON COOP NWSFO NEW YORK, NY US",1/30/2012,0,0,0,43,31,35,,
USC00308721,"UPTON COOP NWSFO NEW YORK, NY US",1/31/2012,0,0,0,54,35,48,,
USC00308721,"UPTON COOP NWSFO NEW YORK, NY US",2/1/2012,0,0,0,54,43,48,,
USC00308721,"UPTON COOP NWSFO NEW YORK, NY US",2/2/2012,0.04,0,0,63,37,37,,
USC00308721,"UPTON COOP NWSFO NEW YORK, NY US",2/3/2012,0,0,0,45,28,28,,
USC00308721,"UPTON COOP NWSFO NEW YORK, NY US",2/4/2012,0,0,0,41,26,31,,
USC00308721,"UPTON COOP NWSFO NEW YORK, NY US",2/5/2012,0,0,0,47,29,29,,
USC00308721,"UPTON COOP NWSFO NEW YORK, NY US",2/6/2012,0,0,0,38,20,25,,
USC00308721,"UPTON COOP NWSFO NEW YORK, NY US",2/7/2012,0,0,0,51,25,28,,
USC00308721,"UPTON COOP NWSFO NEW YORK, NY US",2/8/2012,0,0,0,48,25,28,,
USC00308721,"UPTON COOP NWSFO NEW YORK, NY US",2/9/2012,0.02,0.2,0,37,25,25,,
USC00308721,"UPTON COOP NWSFO NEW YORK, NY US",2/10/2012,0,0,0,44,23,27,,
USC00308721,"UPTON COOP NWSFO NEW YORK, NY US",2/11/2012,0.05,0.2,0,47,27,32,,
USC00308721,"UPTON COOP NWSFO NEW YORK, NY US",2/12/2012,0.06,0.2,0,37,20,20,,
USC00308721,"UPTON COOP NWSFO NEW YORK, NY US",2/13/2012,0,0,0,32,20,27,,
USC00308721,"UPTON COOP NWSFO NEW YORK, NY US",2/14/2012,0,0,0,43,27,31,,
USC00308721,"UPTON COOP NWSFO NEW YORK, NY US",2/15/2012,0.05,0,0,46,31,36,,
USC00308721,"UPTON COOP NWSFO NEW YORK, NY US",2/16/2012,0,0,0,45,26,28,,
USC00308721,"UPTON COOP NWSFO NEW YORK, NY US",2/17/2012,0.15,0,0,43,26,43,,
USC00308721,"UPTON COOP NWSFO NEW YORK, NY US",2/18/2012,0.01,0,0,51,28,28,,
USC00308721,"UPTON COOP NWSFO NEW YORK, NY US",2/19/2012,0,0,0,46,27,32,,
USC00308721,"UPTON COOP NWSFO NEW YORK, NY US",2/20/2012,0,0,0,43,27,31,,
USC00308721,"UPTON COOP NWSFO NEW YORK, NY US",2/21/2012,0,0,0,42,16,18,,
USC00308721,"UPTON COOP NWSFO NEW YORK, NY US",2/22/2012,0,0,0,44,18,38,,
USC00308721,"UPTON COOP NWSFO NEW YORK, NY US",2/23/2012,0,0,0,54,38,46,,
USC00308721,"UPTON COOP NWSFO NEW YORK, NY US",2/24/2012,0.3,0,0,60,35,35,,
USC00308721,"UPTON COOP NWSFO NEW YORK, NY US",2/25/2012,0.29,0,0,46,35,38,,
USC00308721,"UPTON COOP NWSFO NEW YORK, NY US",2/26/2012,0,0,0,48,30,30,,
USC00308721,"UPTON COOP NWSFO NEW YORK, NY US",2/27/2012,0,0,0,42,20,20,,
USC00308721,"UPTON COOP NWSFO NEW YORK, NY US",2/28/2012,0,0,0,50,21,40,,
USC00308721,"UPTON COOP NWSFO NEW YORK, NY US",2/29/2012,0,0,0,50,30,31,,
USC00308721,"UPTON COOP NWSFO NEW YORK, NY US",3/1/2012,0.57,0,0,44,31,41,,
USC00308721,"UPTON COOP NWSFO NEW YORK, NY US",3/2/2012,0.03,0,0,41,30,30,,
USC00308721,"UPTON COOP NWSFO NEW YORK, NY US",3/3/2012,0.16,0,0,51,30,51,,
USC00308721,"UPTON COOP NWSFO NEW YORK, NY US",3/4/2012,0.04,0,0,54,38,38,,
USC00308721,"UPTON COOP NWSFO NEW YORK, NY US",3/5/2012,0,0,0,44,28,30,,
USC00308721,"UPTON COOP NWSFO NEW YORK, NY US",3/6/2012,0,0,0,41,22,23,,
USC00308721,"UPTON COOP NWSFO NEW YORK, NY US",3/7/2012,0,0,0,41,23,41,,
USC00308721,"UPTON COOP NWSFO NEW YORK, NY US",3/8/2012,0,0,0,56,38,48,0,
USC00308721,"UPTON COOP NWSFO NEW YORK, NY US",3/9/2012,0.08,0,0,61,40,41,,
USC00308721,"UPTON COOP NWSFO NEW YORK, NY US",3/10/2012,0,0,0,47,29,30,,
USC00308721,"UPTON COOP NWSFO NEW YORK, NY US",3/11/2012,0,0,0,42,25,35,,
USC00308721,"UPTON COOP NWSFO NEW YORK, NY US",3/12/2012,0,0,0,51,35,38,,
USC00308721,"UPTON COOP NWSFO NEW YORK, NY US",3/13/2012,0.05,0,0,67,38,49,,
USC00308721,"UPTON COOP NWSFO NEW YORK, NY US",3/14/2012,0,0,0,58,44,44,,
USC00308721,"UPTON COOP NWSFO NEW YORK, NY US",3/15/2012,0,0,0,68,42,43,,
USC00308721,"UPTON COOP NWSFO NEW YORK, NY US",3/16/2012,0,0,0,47,42,42,,
USC00308721,"UPTON COOP NWSFO NEW YORK, NY US",3/17/2012,0.01,0,0,47,39,41,0,
USC00308721,"UPTON COOP NWSFO NEW YORK, NY US",3/18/2012,0,0,0,58,33,45,,
USC00308721,"UPTON COOP NWSFO NEW YORK, NY US",3/19/2012,0,0,0,59,42,43,,
USC00308721,"UPTON COOP NWSFO NEW YORK, NY US",3/20/2012,0,0,0,68,43,51,,
USC00308721,"UPTON COOP NWSFO NEW YORK, NY US",3/21/2012,0,0,0,72,51,54,,
USC00308721,"UPTON COOP NWSFO NEW YORK, NY US",3/22/2012,0,0,0,73,54,56,0,
USC00308721,"UPTON COOP NWSFO NEW YORK, NY US",3/23/2012,0,0,0,74,48,52,,
USC00308721,"UPTON COOP NWSFO NEW YORK, NY US",3/24/2012,0,0,0,72,47,54,,
USC00308721,"UPTON COOP NWSFO NEW YORK, NY US",3/25/2012,0.17,0,0,61,42,45,,
USC00308721,"UPTON COOP NWSFO NEW YORK, NY US",3/26/2012,0.04,0,0,48,41,46,,
USC00308721,"UPTON COOP NWSFO NEW YORK, NY US",3/27/2012,0,0,0,56,28,29,,
USC00308721,"UPTON COOP NWSFO NEW YORK, NY US",3/28/2012,0,0,0,47,29,45,,
USC00308721,"UPTON COOP NWSFO NEW YORK, NY US",3/29/2012,0.06,0,0,57,45,50,,
USC00308721,"UPTON COOP NWSFO NEW YORK, NY US",3/30/2012,0,0,0,55,34,39,,
USC00308721,"UPTON COOP NWSFO NEW YORK, NY US",3/31/2012,0.16,0,0,53,37,39,,
USC00308721,"UPTON COOP NWSFO NEW YORK, NY US",4/1/2012,0.1,0,0,41,39,41,,
USC00308721,"UPTON COOP NWSFO NEW YORK, NY US",4/2/2012,0.29,0,0,51,38,43,,
USC00308721,"UPTON COOP NWSFO NEW YORK, NY US",4/3/2012,0,0,0,53,29,40,,
USC00308721,"UPTON COOP NWSFO NEW YORK, NY US",4/4/2012,0,0,0,60,40,45,,
USC00308721,"UPTON COOP NWSFO NEW YORK, NY US",4/5/2012,0,0,0,67,39,45,,
USC00308721,"UPTON COOP NWSFO NEW YORK, NY US",4/6/2012,0,0,0,56,31,39,,
USC00308721,"UPTON COOP NWSFO NEW YORK, NY US",4/7/2012,0,0,0,55,35,43,,
USC00308721,"UPTON COOP NWSFO NEW YORK, NY US",4/8/2012,0,0,0,58,36,46,,
USC00308721,"UPTON COOP NWSFO NEW YORK, NY US",4/9/2012,0,0,0,62,43,50,,
USC00308721,"UPTON COOP NWSFO NEW YORK, NY US",4/10/2012,0,0,0,64,36,47,,
USC00308721,"UPTON COOP NWSFO NEW YORK, NY US",4/11/2012,0,0,0,60,35,43,,
USC00308721,"UPTON COOP NWSFO NEW YORK, NY US",4/12/2012,0.05,0,0,55,42,46,,
USC00308721,"UPTON COOP NWSFO NEW YORK, NY US",4/13/2012,0,0,0,59,35,46,0,
USC00308721,"UPTON COOP NWSFO NEW YORK, NY US",4/14/2012,0,0,0,62,36,47,,
USC00308721,"UPTON COOP NWSFO NEW YORK, NY US",4/15/2012,0,0,0,69,47,57,,
USC00308721,"UPTON COOP NWSFO NEW YORK, NY US",4/16/2012,0,0,0,72,51,62,,
USC00308721,"UPTON COOP NWSFO NEW YORK, NY US",4/17/2012,0,0,0,80,54,65,,
USC00308721,"UPTON COOP NWSFO NEW YORK, NY US",4/18/2012,0,0,0,78,49,51,,
USC00308721,"UPTON COOP NWSFO NEW YORK, NY US",4/19/2012,0.03,0,0,63,47,49,,
USC00308721,"UPTON COOP NWSFO NEW YORK, NY US",4/20/2012,0,0,0,64,40,51,,
USC00308721,"UPTON COOP NWSFO NEW YORK, NY US",4/21/2012,0,0,0,67,51,54,,
USC00308721,"UPTON COOP NWSFO NEW YORK, NY US",4/22/2012,0.02,0,0,68,50,51,,
USC00308721,"UPTON COOP NWSFO NEW YORK, NY US",4/23/2012,3.33,0,0,60,49,52,,
USC00308721,"UPTON COOP NWSFO NEW YORK, NY US",4/24/2012,0,0,0,52,42,44,,
USC00308721,"UPTON COOP NWSFO NEW YORK, NY US",4/25/2012,0,0,0,56,35,45,,
USC00308721,"UPTON COOP NWSFO NEW YORK, NY US",4/26/2012,0.01,0,0,61,32,48,,
USC00308721,"UPTON COOP NWSFO NEW YORK, NY US",4/27/2012,0.07,0,0,60,46,49,,
USC00308721,"UPTON COOP NWSFO NEW YORK, NY US",4/28/2012,0,0,0,57,31,42,,
USC00308721,"UPTON COOP NWSFO NEW YORK, NY US",4/29/2012,0,0,0,58,37,46,,
USC00308721,"UPTON COOP NWSFO NEW YORK, NY US",4/30/2012,,0,0,,,,,
USC00308721,"UPTON COOP NWSFO NEW YORK, NY US",5/1/2012,0.36,0,0,58,47,50,,
USC00308721,"UPTON COOP NWSFO NEW YORK, NY US",5/2/2012,0.34,0,0,62,47,47,,
USC00308721,"UPTON COOP NWSFO NEW YORK, NY US",5/3/2012,0.26,0,0,53,47,50,,
USC00308721,"UPTON COOP NWSFO NEW YORK, NY US",5/4/2012,0.22,0,0,53,49,53,,
USC00308721,"UPTON COOP NWSFO NEW YORK, NY US",5/5/2012,0,0,0,66,53,54,,
USC00308721,"UPTON COOP NWSFO NEW YORK, NY US",5/6/2012,0,0,0,57,51,53,,
USC00308721,"UPTON COOP NWSFO NEW YORK, NY US",5/7/2012,0,0,0,62,41,53,,
USC00308721,"UPTON COOP NWSFO NEW YORK, NY US",5/8/2012,0,0,0,65,52,55,,
USC00308721,"UPTON COOP NWSFO NEW YORK, NY US",5/9/2012,0.62,0,0,64,55,59,,
USC00308721,"UPTON COOP NWSFO NEW YORK, NY US",5/10/2012,1.52,0,0,60,52,53,,
USC00308721,"UPTON COOP NWSFO NEW YORK, NY US",5/11/2012,0,0,0,66,46,54,,
USC00308721,"UPTON COOP NWSFO NEW YORK, NY US",5/12/2012,0,0,0,67,43,59,,
USC00308721,"UPTON COOP NWSFO NEW YORK, NY US",5/13/2012,,0,0,,,,,
USC00308721,"UPTON COOP NWSFO NEW YORK, NY US",5/14/2012,0,0,0,77,60,62,,
USC00308721,"UPTON COOP NWSFO NEW YORK, NY US",5/15/2012,0,0,0,71,60,63,,
USC00308721,"UPTON COOP NWSFO NEW YORK, NY US",5/16/2012,0.41,0,0,65,59,60,,
USC00308721,"UPTON COOP NWSFO NEW YORK, NY US",5/17/2012,0,0,0,73,53,55,,
USC00308721,"UPTON COOP NWSFO NEW YORK, NY US",5/18/2012,0,0,0,69,42,54,,
USC00308721,"UPTON COOP NWSFO NEW YORK, NY US",5/19/2012,0,0,0,69,42,59,,
USC00308721,"UPTON COOP NWSFO NEW YORK, NY US",5/20/2012,0,0,0,77,48,61,,
USC00308721,"UPTON COOP NWSFO NEW YORK, NY US",5/21/2012,0,0,0,78,57,60,,
USC00308721,"UPTON COOP NWSFO NEW YORK, NY US",5/22/2012,0.5,0,0,64,59,61,,
USC00308721,"UPTON COOP NWSFO NEW YORK, NY US",5/23/2012,0.04,0,0,68,59,64,,
USC00308721,"UPTON COOP NWSFO NEW YORK, NY US",5/24/2012,0,0,0,72,57,63,,
USC00308721,"UPTON COOP NWSFO NEW YORK, NY US",5/25/2012,0.02,0,0,72,60,62,,
USC00308721,"UPTON COOP NWSFO NEW YORK, NY US",5/26/2012,0.22,0,0,71,62,64,,
USC00308721,"UPTON COOP NWSFO NEW YORK, NY US",5/27/2012,0,0,0,80,64,65,,
USC00308721,"UPTON COOP NWSFO NEW YORK, NY US",5/28/2012,0.01,0,0,81,65,71,,
USC00308721,"UPTON COOP NWSFO NEW YORK, NY US",5/29/2012,0,0,0,84,64,75,,
USC00308721,"UPTON COOP NWSFO NEW YORK, NY US",5/30/2012,0,0,0,83,66,70,,
USC00308721,"UPTON COOP NWSFO NEW YORK, NY US",5/31/2012,0,0,0,75,61,65,,
USC00308721,"UPTON COOP NWSFO NEW YORK, NY US",6/1/2012,0,0,0,80,55,64,,
USC00308721,"UPTON COOP NWSFO NEW YORK, NY US",6/2/2012,1.84,0,0,71,59,65,,
USC00308721,"UPTON COOP NWSFO NEW YORK, NY US",6/3/2012,0.02,0,0,76,55,63,,
USC00308721,"UPTON COOP NWSFO NEW YORK, NY US",6/4/2012,0,0,0,77,55,57,,
USC00308721,"UPTON COOP NWSFO NEW YORK, NY US",6/5/2012,,0,0,,,,,
USC00308721,"UPTON COOP NWSFO NEW YORK, NY US",6/6/2012,,0,0,,,,,
USC00308721,"UPTON COOP NWSFO NEW YORK, NY US",6/7/2012,0.01,0,0,68,56,63,,
USC00308721,"UPTON COOP NWSFO NEW YORK, NY US",6/8/2012,0,0,0,74,51,63,,
USC00308721,"UPTON COOP NWSFO NEW YORK, NY US",6/9/2012,0,0,0,79,60,68,,
USC00308721,"UPTON COOP NWSFO NEW YORK, NY US",6/10/2012,0,0,0,73,59,68,,
USC00308721,"UPTON COOP NWSFO NEW YORK, NY US",6/11/2012,0,0,0,81,58,64,,
USC00308721,"UPTON COOP NWSFO NEW YORK, NY US",6/12/2012,0,0,0,71,61,66,,
USC00308721,"UPTON COOP NWSFO NEW YORK, NY US",6/13/2012,1.54,0,0,72,63,64,,
USC00308721,"UPTON COOP NWSFO NEW YORK, NY US",6/14/2012,0.33,0,0,66,61,61,,
USC00308721,"UPTON COOP NWSFO NEW YORK, NY US",6/15/2012,0,0,0,70,50,63,,
USC00308721,"UPTON COOP NWSFO NEW YORK, NY US",6/16/2012,0,0,0,77,52,64,,
USC00308721,"UPTON COOP NWSFO NEW YORK, NY US",6/17/2012,0,0,0,76,55,59,,
USC00308721,"UPTON COOP NWSFO NEW YORK, NY US",6/18/2012,0,0,0,68,50,60,,
USC00308721,"UPTON COOP NWSFO NEW YORK, NY US",6/19/2012,0,0,0,68,54,63,,
USC00308721,"UPTON COOP NWSFO NEW YORK, NY US",6/20/2012,0,0,0,73,62,73,,
USC00308721,"UPTON COOP NWSFO NEW YORK, NY US",6/21/2012,0,0,0,92,73,80,,
USC00308721,"UPTON COOP NWSFO NEW YORK, NY US",6/22/2012,0,0,0,92,71,79,,
USC00308721,"UPTON COOP NWSFO NEW YORK, NY US",6/23/2012,0.17,0,0,91,66,68,,
USC00308721,"UPTON COOP NWSFO NEW YORK, NY US",6/24/2012,0,0,0,84,58,70,,
USC00308721,"UPTON COOP NWSFO NEW YORK, NY US",6/25/2012,0.08,0,0,82,65,70,,
USC00308721,"UPTON COOP NWSFO NEW YORK, NY US",6/26/2012,3.64,0,0,74,54,60,,
USC00308721,"UPTON COOP NWSFO NEW YORK, NY US",6/27/2012,0,0,0,71,57,68,,
USC00308721,"UPTON COOP NWSFO NEW YORK, NY US",6/28/2012,0,0,0,79,60,68,,
USC00308721,"UPTON COOP NWSFO NEW YORK, NY US",6/29/2012,0.06,0,0,85,68,69,,
USC00308721,"UPTON COOP NWSFO NEW YORK, NY US",6/30/2012,0,0,0,91,69,78,,
USC00308721,"UPTON COOP NWSFO NEW YORK, NY US",7/1/2012,0,0,0,91,66,76,,
USC00308721,"UPTON COOP NWSFO NEW YORK, NY US",7/2/2012,0,0,0,88,64,74,,
USC00308721,"UPTON COOP NWSFO NEW YORK, NY US",7/3/2012,0,0,0,85,61,71,,
USC00308721,"UPTON COOP NWSFO NEW YORK, NY US",7/4/2012,0.09,0,0,85,71,72,,
USC00308721,"UPTON COOP NWSFO NEW YORK, NY US",7/5/2012,0,0,0,85,70,78,,
USC00308721,"UPTON COOP NWSFO NEW YORK, NY US",7/6/2012,0,0,0,89,65,72,,
USC00308721,"UPTON COOP NWSFO NEW YORK, NY US",7/7/2012,0,0,0,87,72,79,,
USC00308721,"UPTON COOP NWSFO NEW YORK, NY US",7/8/2012,0.49,0,0,92,69,72,,
USC00308721,"UPTON COOP NWSFO NEW YORK, NY US",7/9/2012,0,0,0,87,66,71,,
USC00308721,"UPTON COOP NWSFO NEW YORK, NY US",7/10/2012,0,0,0,82,62,70,,
USC00308721,"UPTON COOP NWSFO NEW YORK, NY US",7/11/2012,0,0,0,83,62,68,,
USC00308721,"UPTON COOP NWSFO NEW YORK, NY US",7/12/2012,0,0,0,82,60,69,,
USC00308721,"UPTON COOP NWSFO NEW YORK, NY US",7/13/2012,0,0,0,83,64,69,,
USC00308721,"UPTON COOP NWSFO NEW YORK, NY US",7/14/2012,0,0,0,84,69,73,,
USC00308721,"UPTON COOP NWSFO NEW YORK, NY US",7/15/2012,0,0,0,87,70,78,,
USC00308721,"UPTON COOP NWSFO NEW YORK, NY US",7/16/2012,1.23,0,0,84,69,74,,
USC00308721,"UPTON COOP NWSFO NEW YORK, NY US",7/17/2012,0,0,0,88,70,78,,
USC00308721,"UPTON COOP NWSFO NEW YORK, NY US",7/18/2012,0,0,0,88,76,81,,
USC00308721,"UPTON COOP NWSFO NEW YORK, NY US",7/19/2012,0.2,0,0,93,68,69,,
USC00308721,"UPTON COOP NWSFO NEW YORK, NY US",7/20/2012,0.05,0,0,76,65,65,,
USC00308721,"UPTON COOP NWSFO NEW YORK, NY US",7/21/2012,0.62,0,0,65,56,63,,
USC00308721,"UPTON COOP NWSFO NEW YORK, NY US",7/22/2012,0,0,0,75,53,65,,
USC00308721,"UPTON COOP NWSFO NEW YORK, NY US",7/23/2012,0,0,0,78,65,72,,
USC00308721,"UPTON COOP NWSFO NEW YORK, NY US",7/24/2012,0,0,0,81,72,78,,
USC00308721,"UPTON COOP NWSFO NEW YORK, NY US",7/25/2012,0.13,0,0,89,63,69,,
USC00308721,"UPTON COOP NWSFO NEW YORK, NY US",7/26/2012,0,0,0,81,69,72,,
USC00308721,"UPTON COOP NWSFO NEW YORK, NY US",7/27/2012,0.18,0,0,83,70,73,,
USC00308721,"UPTON COOP NWSFO NEW YORK, NY US",7/28/2012,0,0,0,86,69,72,,
USC00308721,"UPTON COOP NWSFO NEW YORK, NY US",7/29/2012,5.54,0,0,74,67,68,,
USC00308721,"UPTON COOP NWSFO NEW YORK, NY US",7/30/2012,0,0,0,76,62,67,,
USC00308721,"UPTON COOP NWSFO NEW YORK, NY US",7/31/2012,0,0,0,78,63,69,,
USC00308721,"UPTON COOP NWSFO NEW YORK, NY US",8/1/2012,0,0,0,73,62,73,,
USC00308721,"UPTON COOP NWSFO NEW YORK, NY US",8/2/2012,0,0,0,82,69,73,,
USC00308721,"UPTON COOP NWSFO NEW YORK, NY US",8/3/2012,0,0,0,84,73,77,,
USC00308721,"UPTON COOP NWSFO NEW YORK, NY US",8/4/2012,0.01,0,0,88,74,77,,
USC00308721,"UPTON COOP NWSFO NEW YORK, NY US",8/5/2012,0,0,0,85,76,78,,
USC00308721,"UPTON COOP NWSFO NEW YORK, NY US",8/6/2012,0.69,0,0,84,72,75,,
USC00308721,"UPTON COOP NWSFO NEW YORK, NY US",8/7/2012,0,0,0,84,61,70,,
USC00308721,"UPTON COOP NWSFO NEW YORK, NY US",8/8/2012,0,0,0,80,63,69,,
USC00308721,"UPTON COOP NWSFO NEW YORK, NY US",8/9/2012,0,0,0,80,66,70,,
USC00308721,"UPTON COOP NWSFO NEW YORK, NY US",8/10/2012,0,0,0,83,70,75,,
USC00308721,"UPTON COOP NWSFO NEW YORK, NY US",8/11/2012,1.37,0,0,79,71,74,,
USC00308721,"UPTON COOP NWSFO NEW YORK, NY US",8/12/2012,0.01,0,0,82,71,73,,
USC00308721,"UPTON COOP NWSFO NEW YORK, NY US",8/13/2012,0,0,0,83,62,72,,
USC00308721,"UPTON COOP NWSFO NEW YORK, NY US",8/14/2012,0,0,0,82,61,69,,
USC00308721,"UPTON COOP NWSFO NEW YORK, NY US",8/15/2012,0.72,0,0,84,66,68,,
USC00308721,"UPTON COOP NWSFO NEW YORK, NY US",8/16/2012,0.59,0,0,80,64,69,,
USC00308721,"UPTON COOP NWSFO NEW YORK, NY US",8/17/2012,0,0,0,81,61,68,,
USC00308721,"UPTON COOP NWSFO NEW YORK, NY US",8/18/2012,0.35,0,0,85,62,62,,
USC00308721,"UPTON COOP NWSFO NEW YORK, NY US",8/19/2012,0.15,0,0,71,55,61,,
USC00308721,"UPTON COOP NWSFO NEW YORK, NY US",8/20/2012,0,0,0,72,59,62,,
USC00308721,"UPTON COOP NWSFO NEW YORK, NY US",8/21/2012,0,0,0,77,62,65,,
USC00308721,"UPTON COOP NWSFO NEW YORK, NY US",8/22/2012,0,0,0,79,57,65,,
USC00308721,"UPTON COOP NWSFO NEW YORK, NY US",8/23/2012,0,0,0,79,57,64,,
USC00308721,"UPTON COOP NWSFO NEW YORK, NY US",8/24/2012,0,0,0,82,60,65,,
USC00308721,"UPTON COOP NWSFO NEW YORK, NY US",8/25/2012,0,0,0,83,63,69,,
USC00308721,"UPTON COOP NWSFO NEW YORK, NY US",8/26/2012,0,0,0,81,61,67,,
USC00308721,"UPTON COOP NWSFO NEW YORK, NY US",8/27/2012,0,0,0,78,58,65,,
USC00308721,"UPTON COOP NWSFO NEW YORK, NY US",8/28/2012,0.3,,,80,65,69,,
USC00308721,"UPTON COOP NWSFO NEW YORK, NY US",8/29/2012,0.01,0,0,83,63,66,,
USC00308721,"UPTON COOP NWSFO NEW YORK, NY US",8/30/2012,0,0,0,74,50,59,,
USC00308721,"UPTON COOP NWSFO NEW YORK, NY US",8/31/2012,0,0,0,79,59,70,,
USC00308721,"UPTON COOP NWSFO NEW YORK, NY US",9/1/2012,0,0,0,86,68,73,,
USC00308721,"UPTON COOP NWSFO NEW YORK, NY US",9/2/2012,0,0,0,84,63,68,,
USC00308721,"UPTON COOP NWSFO NEW YORK, NY US",9/3/2012,0,0,0,79,65,66,,
USC00308721,"UPTON COOP NWSFO NEW YORK, NY US",9/4/2012,0.71,0,0,76,66,70,,
USC00308721,"UPTON COOP NWSFO NEW YORK, NY US",9/5/2012,0.16,0,0,76,70,76,,
USC00308721,"UPTON COOP NWSFO NEW YORK, NY US",9/6/2012,0.68,0,0,78,67,69,,
USC00308721,"UPTON COOP NWSFO NEW YORK, NY US",9/7/2012,0,0,0,75,64,68,,
USC00308721,"UPTON COOP NWSFO NEW YORK, NY US",9/8/2012,0,0,0,82,68,73,,
USC00308721,"UPTON COOP NWSFO NEW YORK, NY US",9/9/2012,0.18,0,0,79,62,62,,
USC00308721,"UPTON COOP NWSFO NEW YORK, NY US",9/10/2012,0,0,0,73,58,62,,
USC00308721,"UPTON COOP NWSFO NEW YORK, NY US",9/11/2012,0,0,0,71,50,57,,
USC00308721,"UPTON COOP NWSFO NEW YORK, NY US",9/12/2012,0,0,0,69,47,52,,
USC00308721,"UPTON COOP NWSFO NEW YORK, NY US",9/13/2012,0,0,0,75,52,57,,
USC00308721,"UPTON COOP NWSFO NEW YORK, NY US",9/14/2012,0,0,0,76,53,56,,
USC00308721,"UPTON COOP NWSFO NEW YORK, NY US",9/15/2012,0,0,0,76,56,63,,
USC00308721,"UPTON COOP NWSFO NEW YORK, NY US",9/16/2012,0,0,0,72,49,53,,
USC00308721,"UPTON COOP NWSFO NEW YORK, NY US",9/17/2012,0,0,0,72,46,47,,
USC00308721,"UPTON COOP NWSFO NEW YORK, NY US",9/18/2012,0,0,0,75,46,71,,
USC00308721,"UPTON COOP NWSFO NEW YORK, NY US",9/19/2012,0.91,0,0,75,60,60,,
USC00308721,"UPTON COOP NWSFO NEW YORK, NY US",9/20/2012,0,0,0,69,47,57,,
USC00308721,"UPTON COOP NWSFO NEW YORK, NY US",9/21/2012,0,0,0,69,51,54,,
USC00308721,"UPTON COOP NWSFO NEW YORK, NY US",9/22/2012,0,0,0,72,44,51,,
USC00308721,"UPTON COOP NWSFO NEW YORK, NY US",9/23/2012,0.01,0,0,71,51,60,,
USC00308721,"UPTON COOP NWSFO NEW YORK, NY US",9/24/2012,0,0,0,68,43,49,,
USC00308721,"UPTON COOP NWSFO NEW YORK, NY US",9/25/2012,0,0,0,66,40,47,,
USC00308721,"UPTON COOP NWSFO NEW YORK, NY US",9/26/2012,0,0,0,69,47,67,,
USC00308721,"UPTON COOP NWSFO NEW YORK, NY US",9/27/2012,0.13,0,0,71,59,59,,
USC00308721,"UPTON COOP NWSFO NEW YORK, NY US",9/28/2012,0.01,0,0,73,59,62,,
USC00308721,"UPTON COOP NWSFO NEW YORK, NY US",9/29/2012,0.47,0,0,68,55,56,,
USC00308721,"UPTON COOP NWSFO NEW YORK, NY US",9/30/2012,0.01,0,0,59,49,54,,
USC00308721,"UPTON COOP NWSFO NEW YORK, NY US",10/1/2012,0.09,0,0,64,47,49,,
USC00308721,"UPTON COOP NWSFO NEW YORK, NY US",10/2/2012,0,0,0,70,49,57,,
USC00308721,"UPTON COOP NWSFO NEW YORK, NY US",10/3/2012,0.23,0,0,72,57,66,,
USC00308721,"UPTON COOP NWSFO NEW YORK, NY US",10/4/2012,0,0,0,71,66,67,,
USC00308721,"UPTON COOP NWSFO NEW YORK, NY US",10/5/2012,0.03,0,0,69,63,63,,
USC00308721,"UPTON COOP NWSFO NEW YORK, NY US",10/6/2012,0,0,0,77,59,62,,
USC00308721,"UPTON COOP NWSFO NEW YORK, NY US",10/7/2012,0,0,0,75,41,42,,
USC00308721,"UPTON COOP NWSFO NEW YORK, NY US",10/8/2012,0.22,0,0,56,38,43,,
USC00308721,"UPTON COOP NWSFO NEW YORK, NY US",10/9/2012,0,0,0,54,43,53,,
USC00308721,"UPTON COOP NWSFO NEW YORK, NY US",10/10/2012,0.15,0,0,55,52,54,,
USC00308721,"UPTON COOP NWSFO NEW YORK, NY US",10/11/2012,0.52,0,0,70,47,47,,
USC00308721,"UPTON COOP NWSFO NEW YORK, NY US",10/12/2012,0,0,0,59,42,47,,
USC00308721,"UPTON COOP NWSFO NEW YORK, NY US",10/13/2012,0,0,0,58,30,33,,
USC00308721,"UPTON COOP NWSFO NEW YORK, NY US",10/14/2012,0,0,0,57,33,57,,
USC00308721,"UPTON COOP NWSFO NEW YORK, NY US",10/15/2012,0,0,0,67,57,65,,
USC00308721,"UPTON COOP NWSFO NEW YORK, NY US",10/16/2012,0.07,0,0,69,52,52,,
USC00308721,"UPTON COOP NWSFO NEW YORK, NY US",10/17/2012,0,0,0,60,34,36,,
USC00308721,"UPTON COOP NWSFO NEW YORK, NY US",10/18/2012,0,0,0,59,33,35,,
USC00308721,"UPTON COOP NWSFO NEW YORK, NY US",10/19/2012,0.6,0,0,64,35,63,,
USC00308721,"UPTON COOP NWSFO NEW YORK, NY US",10/20/2012,0.73,0,0,67,61,61,,
USC00308721,"UPTON COOP NWSFO NEW YORK, NY US",10/21/2012,0,0,0,72,41,42,,
USC00308721,"UPTON COOP NWSFO NEW YORK, NY US",10/22/2012,0,0,0,64,42,45,,
USC00308721,"UPTON COOP NWSFO NEW YORK, NY US",10/23/2012,0,0,0,65,42,44,,
USC00308721,"UPTON COOP NWSFO NEW YORK, NY US",10/24/2012,0.06,0,0,67,44,53,,
USC00308721,"UPTON COOP NWSFO NEW YORK, NY US",10/25/2012,0,0,0,57,53,53,,
USC00308721,"UPTON COOP NWSFO NEW YORK, NY US",10/26/2012,0,0,0,61,53,54,,
USC00308721,"UPTON COOP NWSFO NEW YORK, NY US",10/27/2012,0,0,0,68,54,57,,
USC00308721,"UPTON COOP NWSFO NEW YORK, NY US",10/28/2012,0,0,0,68,54,57,,
USC00308721,"UPTON COOP NWSFO NEW YORK, NY US",10/29/2012,0.06,0,0,59,53,56,,
USC00308721,"UPTON COOP NWSFO NEW YORK, NY US",10/30/2012,,0,0,,,,,
USC00308721,"UPTON COOP NWSFO NEW YORK, NY US",10/31/2012,0.01,0,0,63,44,45,,
USC00308721,"UPTON COOP NWSFO NEW YORK, NY US",11/1/2012,0,0,0,53,39,40,,
USC00308721,"UPTON COOP NWSFO NEW YORK, NY US",11/2/2012,0,0,0,53,40,44,,
USC00308721,"UPTON COOP NWSFO NEW YORK, NY US",11/3/2012,0,0,0,55,39,42,,
USC00308721,"UPTON COOP NWSFO NEW YORK, NY US",11/4/2012,0,0,0,53,28,32,,
USC00308721,"UPTON COOP NWSFO NEW YORK, NY US",11/5/2012,0,0,0,53,24,36,,
USC00308721,"UPTON COOP NWSFO NEW YORK, NY US",11/6/2012,0,0,0,41,23,25,,
USC00308721,"UPTON COOP NWSFO NEW YORK, NY US",11/7/2012,0,0,0,44,24,41,,
USC00308721,"UPTON COOP NWSFO NEW YORK, NY US",11/8/2012,1.3,1.1,1,41,32,33,,
USC00308721,"UPTON COOP NWSFO NEW YORK, NY US",11/9/2012,0.13,0,,41,32,33,,
USC00308721,"UPTON COOP NWSFO NEW YORK, NY US",11/10/2012,0,0,0,52,33,38,,
USC00308721,"UPTON COOP NWSFO NEW YORK, NY US",11/11/2012,0,0,0,56,36,42,,
USC00308721,"UPTON COOP NWSFO NEW YORK, NY US",11/12/2012,0,0,0,62,42,44,,
USC00308721,"UPTON COOP NWSFO NEW YORK, NY US",11/13/2012,0.09,0,0,68,44,54,,
USC00308721,"UPTON COOP NWSFO NEW YORK, NY US",11/14/2012,0.24,0,0,54,31,37,,
USC00308721,"UPTON COOP NWSFO NEW YORK, NY US",11/15/2012,0,0,0,48,28,38,,
USC00308721,"UPTON COOP NWSFO NEW YORK, NY US",11/16/2012,0,0,0,41,29,29,,
USC00308721,"UPTON COOP NWSFO NEW YORK, NY US",11/17/2012,0,0,0,46,29,33,,
USC00308721,"UPTON COOP NWSFO NEW YORK, NY US",11/18/2012,0,0,0,50,27,31,,
USC00308721,"UPTON COOP NWSFO NEW YORK, NY US",11/19/2012,0,0,0,50,31,36,,
USC00308721,"UPTON COOP NWSFO NEW YORK, NY US",11/20/2012,0,0,0,47,32,32,,
USC00308721,"UPTON COOP NWSFO NEW YORK, NY US",11/21/2012,0,0,0,49,32,34,,
USC00308721,"UPTON COOP NWSFO NEW YORK, NY US",11/22/2012,0,0,0,52,31,40,,
USC00308721,"UPTON COOP NWSFO NEW YORK, NY US",11/23/2012,0,0,0,54,28,32,,
USC00308721,"UPTON COOP NWSFO NEW YORK, NY US",11/24/2012,0.01,0,0,55,32,42,,
USC00308721,"UPTON COOP NWSFO NEW YORK, NY US",11/25/2012,0,0,0,46,34,34,,
USC00308721,"UPTON COOP NWSFO NEW YORK, NY US",11/26/2012,0,0,0,42,30,33,,
USC00308721,"UPTON COOP NWSFO NEW YORK, NY US",11/27/2012,0,0,0,46,25,35,,
USC00308721,"UPTON COOP NWSFO NEW YORK, NY US",11/28/2012,0.63,0,,38,34,34,,
USC00308721,"UPTON COOP NWSFO NEW YORK, NY US",11/29/2012,0,0,0,41,24,26,,
USC00308721,"UPTON COOP NWSFO NEW YORK, NY US",11/30/2012,0,0,0,46,26,30,,
USC00308721,"UPTON COOP NWSFO NEW YORK, NY US",12/1/2012,0,0,0,45,27,37,,
USC00308721,"UPTON COOP NWSFO NEW YORK, NY US",12/2/2012,0,0,0,45,37,42,,
USC00308721,"UPTON COOP NWSFO NEW YORK, NY US",12/3/2012,0.03,0,0,52,41,41,,
USC00308721,"UPTON COOP NWSFO NEW YORK, NY US",12/4/2012,0,0,0,59,32,37,,
USC00308721,"UPTON COOP NWSFO NEW YORK, NY US",12/5/2012,0.11,0,0,59,37,55,,
USC00308721,"UPTON COOP NWSFO NEW YORK, NY US",12/6/2012,0,0,0,57,28,28,,
USC00308721,"UPTON COOP NWSFO NEW YORK, NY US",12/7/2012,0,0,0,37,20,30,,
USC00308721,"UPTON COOP NWSFO NEW YORK, NY US",12/8/2012,0.54,0,0,46,30,46,,
USC00308721,"UPTON COOP NWSFO NEW YORK, NY US",12/9/2012,0.07,0,0,51,43,44,,
USC00308721,"UPTON COOP NWSFO NEW YORK, NY US",12/10/2012,0.71,0,0,55,44,55,,
USC00308721,"UPTON COOP NWSFO NEW YORK, NY US",12/11/2012,0.57,0,0,58,43,43,,
USC00308721,"UPTON COOP NWSFO NEW YORK, NY US",12/12/2012,0.06,0,0,49,29,29,,
USC00308721,"UPTON COOP NWSFO NEW YORK, NY US",12/13/2012,0,0,0,43,27,27,,
USC00308721,"UPTON COOP NWSFO NEW YORK, NY US",12/14/2012,0,0,0,44,22,25,,
USC00308721,"UPTON COOP NWSFO NEW YORK, NY US",12/15/2012,0,0,0,50,25,28,,
USC00308721,"UPTON COOP NWSFO NEW YORK, NY US",12/16/2012,0,0,0,45,28,43,,
USC00308721,"UPTON COOP NWSFO NEW YORK, NY US",12/17/2012,0.61,0,0,44,42,43,,
USC00308721,"UPTON COOP NWSFO NEW YORK, NY US",12/18/2012,1.84,0,0,51,42,48,,
USC00308721,"UPTON COOP NWSFO NEW YORK, NY US",12/19/2012,0.01,0,0,54,40,40,,
USC00308721,"UPTON COOP NWSFO NEW YORK, NY US",12/20/2012,0,0,0,49,32,32,,
USC00308721,"UPTON COOP NWSFO NEW YORK, NY US",12/21/2012,0.12,0,0,54,30,54,,
USC00308721,"UPTON COOP NWSFO NEW YORK, NY US",12/22/2012,0.51,0,0,56,35,35,,
USC00308721,"UPTON COOP NWSFO NEW YORK, NY US",12/23/2012,0,0,0,40,32,32,,
USC00308721,"UPTON COOP NWSFO NEW YORK, NY US",12/24/2012,0,0,0,44,23,23,,
USC00308721,"UPTON COOP NWSFO NEW YORK, NY US",12/25/2012,0.21,0,0,39,23,39,,
USC00308721,"UPTON COOP NWSFO NEW YORK, NY US",12/26/2012,0.01,0,0,39,27,27,,
USC00308721,"UPTON COOP NWSFO NEW YORK, NY US",12/27/2012,1.02,0,0,46,27,41,,
USC00308721,"UPTON COOP NWSFO NEW YORK, NY US",12/28/2012,0.06,0,0,42,29,29,,
USC00308721,"UPTON COOP NWSFO NEW YORK, NY US",12/29/2012,0,0,0,40,23,28,,
USC00308721,"UPTON COOP NWSFO NEW YORK, NY US",12/30/2012,0.77,1.4,1,37,27,27,,
USC00308721,"UPTON COOP NWSFO NEW YORK, NY US",12/31/2012,0,0,1,34,24,26,,
USC00308721,"UPTON COOP NWSFO NEW YORK, NY US",1/1/2013,0,0,1,39,26,38,,
USC00308721,"UPTON COOP NWSFO NEW YORK, NY US",1/2/2013,0,0,0,39,22,22,,
USC00308721,"UPTON COOP NWSFO NEW YORK, NY US",1/3/2013,0,0,0,31,22,23,,
USC00308721,"UPTON COOP NWSFO NEW YORK, NY US",1/4/2013,0,0,0,30,21,28,,
USC00308721,"UPTON COOP NWSFO NEW YORK, NY US",1/5/2013,0,0,0,39,27,29,,
USC00308721,"UPTON COOP NWSFO NEW YORK, NY US",1/6/2013,0,0.2,0,44,24,32,,
USC00308721,"UPTON COOP NWSFO NEW YORK, NY US",1/7/2013,0,0,0,46,30,32,,
USC00308721,"UPTON COOP NWSFO NEW YORK, NY US",1/8/2013,0,0,0,45,23,24,,
USC00308721,"UPTON COOP NWSFO NEW YORK, NY US",1/9/2013,0,0,0,49,23,24,,
USC00308721,"UPTON COOP NWSFO NEW YORK, NY US",1/10/2013,0,0,0,48,24,37,,
USC00308721,"UPTON COOP NWSFO NEW YORK, NY US",1/11/2013,0,0,0,47,27,28,,
USC00308721,"UPTON COOP NWSFO NEW YORK, NY US",1/12/2013,0.55,0,0,48,28,43,,
USC00308721,"UPTON COOP NWSFO NEW YORK, NY US",1/13/2013,0.02,0,0,44,40,40,,
USC00308721,"UPTON COOP NWSFO NEW YORK, NY US",1/14/2013,0.01,0,0,49,40,47,,
USC00308721,"UPTON COOP NWSFO NEW YORK, NY US",1/15/2013,0.2,0,0,56,34,34,,
USC00308721,"UPTON COOP NWSFO NEW YORK, NY US",1/16/2013,0.71,0.1,0,38,33,33,,
USC00308721,"UPTON COOP NWSFO NEW YORK, NY US",1/17/2013,0.22,0,0,37,33,34,,
USC00308721,"UPTON COOP NWSFO NEW YORK, NY US",1/18/2013,0,0,0,44,27,27,,
USC00308721,"UPTON COOP NWSFO NEW YORK, NY US",1/19/2013,0,0,0,37,15,37,,
USC00308721,"UPTON COOP NWSFO NEW YORK, NY US",1/20/2013,0,0,0,46,36,41,,
USC00308721,"UPTON COOP NWSFO NEW YORK, NY US",1/21/2013,0,0,0,56,24,24,,
USC00308721,"UPTON COOP NWSFO NEW YORK, NY US",1/22/2013,0.16,3.7,2,31,20,20,,
USC00308721,"UPTON COOP NWSFO NEW YORK, NY US",1/23/2013,0,0,1,24,11,11,,
USC00308721,"UPTON COOP NWSFO NEW YORK, NY US",1/24/2013,0,0,1,20,0,4,,
USC00308721,"UPTON COOP NWSFO NEW YORK, NY US",1/25/2013,0,0,1,23,4,8,,
USC00308721,"UPTON COOP NWSFO NEW YORK, NY US",1/26/2013,,0,0,,,,,
USC00308721,"UPTON COOP NWSFO NEW YORK, NY US",1/27/2013,0,0,1,27,9,9,,
USC00308721,"UPTON COOP NWSFO NEW YORK, NY US",1/28/2013,0,0,1,32,9,20,,
USC00308721,"UPTON COOP NWSFO NEW YORK, NY US",1/29/2013,0.2,0,1,35,20,33,,
USC00308721,"UPTON COOP NWSFO NEW YORK, NY US",1/30/2013,0,0,0,51,33,50,,
USC00308721,"UPTON COOP NWSFO NEW YORK, NY US",1/31/2013,0.39,0,0,57,50,53,,
USC00308721,"UPTON COOP NWSFO NEW YORK, NY US",2/1/2013,0,0,0,58,28,30,,
USC00308721,"UPTON COOP NWSFO NEW YORK, NY US",2/2/2013,0,0,0,33,20,20,,
USC00308721,"UPTON COOP NWSFO NEW YORK, NY US",2/3/2013,0.04,0.5,1,30,20,22,,
USC00308721,"UPTON COOP NWSFO NEW YORK, NY US",2/4/2013,0,0,0,31,20,23,,
USC00308721,"UPTON COOP NWSFO NEW YORK, NY US",2/5/2013,0.01,0.2,0,33,22,26,,
USC00308721,"UPTON COOP NWSFO NEW YORK, NY US",2/6/2013,0.01,0.2,0,30,26,29,,
USC00308721,"UPTON COOP NWSFO NEW YORK, NY US",2/7/2013,0,0,0,41,24,25,,
USC00308721,"UPTON COOP NWSFO NEW YORK, NY US",2/8/2013,0,0,0,35,25,35,,
USC00308721,"UPTON COOP NWSFO NEW YORK, NY US",2/9/2013,4.84,30.3,15,36,24,24,4.9,
USC00308721,"UPTON COOP NWSFO NEW YORK, NY US",2/10/2013,0.05,0.6,22,28,11,12,4.8,
USC00308721,"UPTON COOP NWSFO NEW YORK, NY US",2/11/2013,0,0,20,38,12,30,4.4,
USC00308721,"UPTON COOP NWSFO NEW YORK, NY US",2/12/2013,0.72,0,14,46,30,33,,
USC00308721,"UPTON COOP NWSFO NEW YORK, NY US",2/13/2013,0,0,12,43,22,24,,
USC00308721,"UPTON COOP NWSFO NEW YORK, NY US",2/14/2013,0.08,2.1,12,43,24,25,,
USC00308721,"UPTON COOP NWSFO NEW YORK, NY US",2/15/2013,0,0,11,42,25,30,,
USC00308721,"UPTON COOP NWSFO NEW YORK, NY US",2/16/2013,0,0,8,45,30,34,,
USC00308721,"UPTON COOP NWSFO NEW YORK, NY US",2/17/2013,0.1,1.5,9,35,24,24,,
USC00308721,"UPTON COOP NWSFO NEW YORK, NY US",2/18/2013,0,0,8,31,17,17,,
USC00308721,"UPTON COOP NWSFO NEW YORK, NY US",2/19/2013,0,0,8,31,17,27,,
USC00308721,"UPTON COOP NWSFO NEW YORK, NY US",2/20/2013,0.3,0,5,46,27,31,,
USC00308721,"UPTON COOP NWSFO NEW YORK, NY US",2/21/2013,0,0,5,34,23,23,,
USC00308721,"UPTON COOP NWSFO NEW YORK, NY US",2/22/2013,0,,4,32,23,27,,
USC00308721,"UPTON COOP NWSFO NEW YORK, NY US",2/23/2013,0,0,4,37,27,37,,
USC00308721,"UPTON COOP NWSFO NEW YORK, NY US",2/24/2013,0.23,0,3,40,33,34,,
USC00308721,"UPTON COOP NWSFO NEW YORK, NY US",2/25/2013,0.04,0.4,3,41,29,29,,
USC00308721,"UPTON COOP NWSFO NEW YORK, NY US",2/26/2013,0,0,1,46,29,33,,
USC00308721,"UPTON COOP NWSFO NEW YORK, NY US",2/27/2013,1.23,0,0,45,33,45,,
USC00308721,"UPTON COOP NWSFO NEW YORK, NY US",2/28/2013,0.69,0,0,47,36,38,,
USC00308721,"UPTON COOP NWSFO NEW YORK, NY US",3/1/2013,0.21,0,0,47,33,33,,
USC00308721,"UPTON COOP NWSFO NEW YORK, NY US",3/2/2013,0,0,0,45,33,33,,
USC00308721,"UPTON COOP NWSFO NEW YORK, NY US",3/3/2013,0,0,0,41,29,29,,
USC00308721,"UPTON COOP NWSFO NEW YORK, NY US",3/4/2013,0,0,0,38,29,29,,
USC00308721,"UPTON COOP NWSFO NEW YORK, NY US",3/5/2013,0,0,0,43,29,31,,
USC00308721,"UPTON COOP NWSFO NEW YORK, NY US",3/6/2013,0,0,0,46,31,37,,
USC00308721,"UPTON COOP NWSFO NEW YORK, NY US",3/7/2013,0.28,1.3,1,42,32,32,,
USC00308721,"UPTON COOP NWSFO NEW YORK, NY US",3/8/2013,0.81,4,4,36,31,31,,
USC00308721,"UPTON COOP NWSFO NEW YORK, NY US",3/9/2013,0.37,1.1,3,37,31,33,,
USC00308721,"UPTON COOP NWSFO NEW YORK, NY US",3/10/2013,0,0,1,51,25,27,,
USC00308721,"UPTON COOP NWSFO NEW YORK, NY US",3/11/2013,0,0,0,45,27,33,,
USC00308721,"UPTON COOP NWSFO NEW YORK, NY US",3/12/2013,0,0,0,51,33,51,,
USC00308721,"UPTON COOP NWSFO NEW YORK, NY US",3/13/2013,0.81,0,0,52,31,33,,
USC00308721,"UPTON COOP NWSFO NEW YORK, NY US",3/14/2013,0,0,0,50,31,31,,
USC00308721,"UPTON COOP NWSFO NEW YORK, NY US",3/15/2013,0,0,0,37,27,30,,
USC00308721,"UPTON COOP NWSFO NEW YORK, NY US",3/16/2013,0,0,0,43,28,34,,
USC00308721,"UPTON COOP NWSFO NEW YORK, NY US",3/17/2013,0.1,0.8,0,38,23,27,,
USC00308721,"UPTON COOP NWSFO NEW YORK, NY US",3/18/2013,0,0,0,38,26,27,,
USC00308721,"UPTON COOP NWSFO NEW YORK, NY US",3/19/2013,0.86,1.5,0,37,27,37,,
USC00308721,"UPTON COOP NWSFO NEW YORK, NY US",3/20/2013,0.14,0,0,39,28,31,,
USC00308721,"UPTON COOP NWSFO NEW YORK, NY US",3/21/2013,0,0,0,42,28,33,,
USC00308721,"UPTON COOP NWSFO NEW YORK, NY US",3/22/2013,0.02,0,0,36,27,28,,
USC00308721,"UPTON COOP NWSFO NEW YORK, NY US",3/23/2013,0,0,0,42,27,34,,
USC00308721,"UPTON COOP NWSFO NEW YORK, NY US",3/24/2013,0,0,0,46,25,31,,
USC00308721,"UPTON COOP NWSFO NEW YORK, NY US",3/25/2013,0,0,0,44,31,36,,
USC00308721,"UPTON COOP NWSFO NEW YORK, NY US",3/26/2013,0.09,0.1,0,41,32,35,,
USC00308721,"UPTON COOP NWSFO NEW YORK, NY US",3/27/2013,0,0,0,51,27,33,,
USC00308721,"UPTON COOP NWSFO NEW YORK, NY US",3/28/2013,0,0,0,49,32,37,,
USC00308721,"UPTON COOP NWSFO NEW YORK, NY US",3/29/2013,0,0,0,50,37,41,,
USC00308721,"UPTON COOP NWSFO NEW YORK, NY US",3/30/2013,0,0,0,58,28,37,,
USC00308721,"UPTON COOP NWSFO NEW YORK, NY US",3/31/2013,0,0,0,55,27,32,,
USC00308721,"UPTON COOP NWSFO NEW YORK, NY US",4/1/2013,0.15,0,0,54,31,44,,
USC00308721,"UPTON COOP NWSFO NEW YORK, NY US",4/2/2013,0.2,0,0,56,30,33,,
USC00308721,"UPTON COOP NWSFO NEW YORK, NY US",4/3/2013,0,0,0,44,31,35,,
USC00308721,"UPTON COOP NWSFO NEW YORK, NY US",4/4/2013,0,0,0,46,25,32,,
USC00308721,"UPTON COOP NWSFO NEW YORK, NY US",4/5/2013,0,0,0,46,29,40,,
USC00308721,"UPTON COOP NWSFO NEW YORK, NY US",4/6/2013,0,0,0,60,34,35,,
USC00308721,"UPTON COOP NWSFO NEW YORK, NY US",4/7/2013,0,0,0,47,27,40,,
USC00308721,"UPTON COOP NWSFO NEW YORK, NY US",4/8/2013,0,0,0,53,40,46,,
USC00308721,"UPTON COOP NWSFO NEW YORK, NY US",4/9/2013,0,0,0,69,46,51,,
USC00308721,"UPTON COOP NWSFO NEW YORK, NY US",4/10/2013,0,0,0,81,48,50,,
USC00308721,"UPTON COOP NWSFO NEW YORK, NY US",4/11/2013,0.25,0,0,70,46,50,,
USC00308721,"UPTON COOP NWSFO NEW YORK, NY US",4/12/2013,0,0,0,60,41,42,,
USC00308721,"UPTON COOP NWSFO NEW YORK, NY US",4/13/2013,0.99,0,0,42,36,39,,
USC00308721,"UPTON COOP NWSFO NEW YORK, NY US",4/14/2013,0.01,0,0,56,39,49,,
USC00308721,"UPTON COOP NWSFO NEW YORK, NY US",4/15/2013,0,0,0,58,34,38,,
USC00308721,"UPTON COOP NWSFO NEW YORK, NY US",4/16/2013,0,0,0,54,38,45,,
USC00308721,"UPTON COOP NWSFO NEW YORK, NY US",4/17/2013,0.02,0,0,58,45,50,,
USC00308721,"UPTON COOP NWSFO NEW YORK, NY US",4/18/2013,0,0,0,66,37,50,,
USC00308721,"UPTON COOP NWSFO NEW YORK, NY US",4/19/2013,0,0,0,59,50,57,,
USC00308721,"UPTON COOP NWSFO NEW YORK, NY US",4/20/2013,0.31,0,0,67,46,46,,
USC00308721,"UPTON COOP NWSFO NEW YORK, NY US",4/21/2013,0,0,0,57,36,39,,
USC00308721,"UPTON COOP NWSFO NEW YORK, NY US",4/22/2013,0,0,0,51,29,42,,
USC00308721,"UPTON COOP NWSFO NEW YORK, NY US",4/23/2013,0,0,0,53,38,38,,
USC00308721,"UPTON COOP NWSFO NEW YORK, NY US",4/24/2013,0,0,0,47,38,43,,
USC00308721,"UPTON COOP NWSFO NEW YORK, NY US",4/25/2013,0.04,0,0,63,43,47,,
USC00308721,"UPTON COOP NWSFO NEW YORK, NY US",4/26/2013,0,0,0,62,33,46,,
USC00308721,"UPTON COOP NWSFO NEW YORK, NY US",4/27/2013,0,0,0,63,35,45,,
USC00308721,"UPTON COOP NWSFO NEW YORK, NY US",4/28/2013,0,0,0,65,37,52,,
USC00308721,"UPTON COOP NWSFO NEW YORK, NY US",4/29/2013,0,0,0,61,50,52,,
USC00308721,"UPTON COOP NWSFO NEW YORK, NY US",4/30/2013,0,0,0,59,48,56,,
USC00308721,"UPTON COOP NWSFO NEW YORK, NY US",5/1/2013,0,0,0,64,31,51,,
USC00308721,"UPTON COOP NWSFO NEW YORK, NY US",5/2/2013,0,0,0,67,33,47,,
USC00308721,"UPTON COOP NWSFO NEW YORK, NY US",5/3/2013,0,0,0,68,43,48,,
USC00308721,"UPTON COOP NWSFO NEW YORK, NY US",5/4/2013,0,0,0,62,37,51,,
USC00308721,"UPTON COOP NWSFO NEW YORK, NY US",5/5/2013,0,0,0,64,35,46,,
USC00308721,"UPTON COOP NWSFO NEW YORK, NY US",5/6/2013,0,0,0,62,39,46,,
USC00308721,"UPTON COOP NWSFO NEW YORK, NY US",5/7/2013,0,0,0,66,40,49,,
USC00308721,"UPTON COOP NWSFO NEW YORK, NY US",5/8/2013,0.05,0,0,72,49,54,,
USC00308721,"UPTON COOP NWSFO NEW YORK, NY US",5/9/2013,0.29,0,0,60,53,54,,
USC00308721,"UPTON COOP NWSFO NEW YORK, NY US",5/10/2013,0.17,0,0,63,47,56,,
USC00308721,"UPTON COOP NWSFO NEW YORK, NY US",5/11/2013,0.05,0,0,76,56,60,,
USC00308721,"UPTON COOP NWSFO NEW YORK, NY US",5/12/2013,0.2,0,0,66,58,58,,
USC00308721,"UPTON COOP NWSFO NEW YORK, NY US",5/13/2013,0,0,0,71,39,50,,
USC00308721,"UPTON COOP NWSFO NEW YORK, NY US",5/14/2013,0,0,0,56,37,47,,
USC00308721,"UPTON COOP NWSFO NEW YORK, NY US",5/15/2013,0,0,0,59,38,54,,
USC00308721,"UPTON COOP NWSFO NEW YORK, NY US",5/16/2013,0,0,0,63,50,57,,
USC00308721,"UPTON COOP NWSFO NEW YORK, NY US",5/17/2013,0,0,0,75,49,62,,
USC00308721,"UPTON COOP NWSFO NEW YORK, NY US",5/18/2013,0,0,0,71,44,61,,
USC00308721,"UPTON COOP NWSFO NEW YORK, NY US",5/19/2013,0.03,0,0,69,54,56,,
USC00308721,"UPTON COOP NWSFO NEW YORK, NY US",5/20/2013,0.48,0,0,60,56,60,,
USC00308721,"UPTON COOP NWSFO NEW YORK, NY US",5/21/2013,0,0,0,75,59,64,,
USC00308721,"UPTON COOP NWSFO NEW YORK, NY US",5/22/2013,0,0,0,79,55,57,,
USC00308721,"UPTON COOP NWSFO NEW YORK, NY US",5/23/2013,0.47,0,0,78,56,63,,
USC00308721,"UPTON COOP NWSFO NEW YORK, NY US",5/24/2013,0.48,0,0,70,61,62,,
USC00308721,"UPTON COOP NWSFO NEW YORK, NY US",5/25/2013,0.34,0,0,69,45,45,,
USC00308721,"UPTON COOP NWSFO NEW YORK, NY US",5/26/2013,0.35,0,0,52,45,52,,
USC00308721,"UPTON COOP NWSFO NEW YORK, NY US",5/27/2013,0,0,0,65,40,57,,
USC00308721,"UPTON COOP NWSFO NEW YORK, NY US",5/28/2013,0,0,0,71,45,53,,
USC00308721,"UPTON COOP NWSFO NEW YORK, NY US",5/29/2013,0.45,0,0,69,53,58,,
USC00308721,"UPTON COOP NWSFO NEW YORK, NY US",5/30/2013,0,0,0,72,58,71,,
USC00308721,"UPTON COOP NWSFO NEW YORK, NY US",5/31/2013,0,0,0,89,63,73,,
USC00308721,"UPTON COOP NWSFO NEW YORK, NY US",6/1/2013,0,0,0,89,62,71,,
USC00308721,"UPTON COOP NWSFO NEW YORK, NY US",6/2/2013,0,0,0,81,64,69,,
USC00308721,"UPTON COOP NWSFO NEW YORK, NY US",6/3/2013,0.11,0,0,76,62,65,,
USC00308721,"UPTON COOP NWSFO NEW YORK, NY US",6/4/2013,0.2,0,0,72,54,60,,
USC00308721,"UPTON COOP NWSFO NEW YORK, NY US",6/5/2013,0,0,0,72,47,62,,
USC00308721,"UPTON COOP NWSFO NEW YORK, NY US",6/6/2013,0,0,0,71,48,62,,
USC00308721,"UPTON COOP NWSFO NEW YORK, NY US",6/7/2013,0.11,0,0,71,57,59,,
USC00308721,"UPTON COOP NWSFO NEW YORK, NY US",6/8/2013,4.76,0,0,68,54,57,,
USC00308721,"UPTON COOP NWSFO NEW YORK, NY US",6/9/2013,0,0,0,75,55,67,,
USC00308721,"UPTON COOP NWSFO NEW YORK, NY US",6/10/2013,0,0,0,77,59,66,,
USC00308721,"UPTON COOP NWSFO NEW YORK, NY US",6/11/2013,1.96,0,0,72,60,66,,
USC00308721,"UPTON COOP NWSFO NEW YORK, NY US",6/12/2013,0.13,0,0,78,63,67,,
USC00308721,"UPTON COOP NWSFO NEW YORK, NY US",6/13/2013,0,0,0,75,52,61,,
USC00308721,"UPTON COOP NWSFO NEW YORK, NY US",6/14/2013,0.77,0,0,63,52,53,,
USC00308721,"UPTON COOP NWSFO NEW YORK, NY US",6/15/2013,0,0,0,68,53,65,,
USC00308721,"UPTON COOP NWSFO NEW YORK, NY US",6/16/2013,0,0,0,78,53,63,,
USC00308721,"UPTON COOP NWSFO NEW YORK, NY US",6/17/2013,0,0,0,77,63,68,,
USC00308721,"UPTON COOP NWSFO NEW YORK, NY US",6/18/2013,0,0,0,81,60,65,,
USC00308721,"UPTON COOP NWSFO NEW YORK, NY US",6/19/2013,0.19,0,0,80,57,61,,
USC00308721,"UPTON COOP NWSFO NEW YORK, NY US",6/20/2013,0,0,0,76,50,64,,
USC00308721,"UPTON COOP NWSFO NEW YORK, NY US",6/21/2013,0,0,0,75,54,67,,
USC00308721,"UPTON COOP NWSFO NEW YORK, NY US",6/22/2013,0,0,0,77,55,68,,
USC00308721,"UPTON COOP NWSFO NEW YORK, NY US",6/23/2013,0,0,0,79,60,72,,
USC00308721,"UPTON COOP NWSFO NEW YORK, NY US",6/24/2013,0.01,0,0,81,70,75,,
USC00308721,"UPTON COOP NWSFO NEW YORK, NY US",6/25/2013,0,0,0,91,65,76,,
USC00308721,"UPTON COOP NWSFO NEW YORK, NY US",6/26/2013,0,0,0,90,71,78,,
USC00308721,"UPTON COOP NWSFO NEW YORK, NY US",6/27/2013,,0,0,87,68,73,,
USC00308721,"UPTON COOP NWSFO NEW YORK, NY US",6/28/2013,0.2,0,0,82,69,73,,
USC00308721,"UPTON COOP NWSFO NEW YORK, NY US",6/29/2013,0,0,0,80,68,71,,
USC00308721,"UPTON COOP NWSFO NEW YORK, NY US",6/30/2013,0.01,0,0,78,69,71,,
USC00308721,"UPTON COOP NWSFO NEW YORK, NY US",7/1/2013,0.22,0,0,77,71,72,,
USC00308721,"UPTON COOP NWSFO NEW YORK, NY US",7/2/2013,0.12,0,0,75,72,73,,
USC00308721,"UPTON COOP NWSFO NEW YORK, NY US",7/3/2013,0.01,0,0,79,70,73,,
USC00308721,"UPTON COOP NWSFO NEW YORK, NY US",7/4/2013,0.01,0,0,81,71,74,,
USC00308721,"UPTON COOP NWSFO NEW YORK, NY US",7/5/2013,0,0,0,85,71,78,,
USC00308721,"UPTON COOP NWSFO NEW YORK, NY US",7/6/2013,0,0,0,86,74,79,,
USC00308721,"UPTON COOP NWSFO NEW YORK, NY US",7/7/2013,0,0,0,90,72,80,,
USC00308721,"UPTON COOP NWSFO NEW YORK, NY US",7/8/2013,0,0,0,87,71,76,,
USC00308721,"UPTON COOP NWSFO NEW YORK, NY US",7/9/2013,0,0,0,85,68,76,,
USC00308721,"UPTON COOP NWSFO NEW YORK, NY US",7/10/2013,0,0,0,84,71,75,,
USC00308721,"UPTON COOP NWSFO NEW YORK, NY US",7/11/2013,0.01,0,0,82,73,73,,
USC00308721,"UPTON COOP NWSFO NEW YORK, NY US",7/12/2013,0.06,0,0,81,68,71,,
USC00308721,"UPTON COOP NWSFO NEW YORK, NY US",7/13/2013,0.42,0,0,76,67,71,,
USC00308721,"UPTON COOP NWSFO NEW YORK, NY US",7/14/2013,0.05,0,0,80,71,75,,
USC00308721,"UPTON COOP NWSFO NEW YORK, NY US",7/15/2013,0,0,0,89,74,81,,
USC00308721,"UPTON COOP NWSFO NEW YORK, NY US",7/16/2013,0,0,0,93,71,79,,
USC00308721,"UPTON COOP NWSFO NEW YORK, NY US",7/17/2013,0,0,0,92,70,79,,
USC00308721,"UPTON COOP NWSFO NEW YORK, NY US",7/18/2013,0,0,0,92,75,82,,
USC00308721,"UPTON COOP NWSFO NEW YORK, NY US",7/19/2013,0,0,0,96,76,82,,
USC00308721,"UPTON COOP NWSFO NEW YORK, NY US",7/20/2013,0,0,0,92,77,80,,
USC00308721,"UPTON COOP NWSFO NEW YORK, NY US",7/21/2013,0.02,0,0,88,71,75,,
USC00308721,"UPTON COOP NWSFO NEW YORK, NY US",7/22/2013,0,0,0,86,69,74,,
USC00308721,"UPTON COOP NWSFO NEW YORK, NY US",7/23/2013,0.1,0,0,84,73,75,,
USC00308721,"UPTON COOP NWSFO NEW YORK, NY US",7/24/2013,2.28,0,0,83,68,74,,
USC00308721,"UPTON COOP NWSFO NEW YORK, NY US",7/25/2013,0.02,0,0,83,59,61,,
USC00308721,"UPTON COOP NWSFO NEW YORK, NY US",7/26/2013,0.89,0,0,63,60,62,,
USC00308721,"UPTON COOP NWSFO NEW YORK, NY US",7/27/2013,0.04,0,0,73,62,72,,
USC00308721,"UPTON COOP NWSFO NEW YORK, NY US",7/28/2013,0,0,0,80,65,71,,
USC00308721,"UPTON COOP NWSFO NEW YORK, NY US",7/29/2013,0.01,0,0,81,69,73,,
USC00308721,"UPTON COOP NWSFO NEW YORK, NY US",7/30/2013,0,0,0,84,61,69,,
USC00308721,"UPTON COOP NWSFO NEW YORK, NY US",7/31/2013,0,0,0,80,59,68,,
USC00308721,"UPTON COOP NWSFO NEW YORK, NY US",8/1/2013,0,0,0,80,63,72,,
USC00308721,"UPTON COOP NWSFO NEW YORK, NY US",8/2/2013,0.27,0,0,78,67,68,,
USC00308721,"UPTON COOP NWSFO NEW YORK, NY US",8/3/2013,0.01,0,0,82,66,70,,
USC00308721,"UPTON COOP NWSFO NEW YORK, NY US",8/4/2013,0.03,0,0,76,61,68,,
USC00308721,"UPTON COOP NWSFO NEW YORK, NY US",8/5/2013,0,0,0,79,58,65,,
USC00308721,"UPTON COOP NWSFO NEW YORK, NY US",8/6/2013,0,0,0,75,53,68,,
USC00308721,"UPTON COOP NWSFO NEW YORK, NY US",8/7/2013,0,0,0,77,55,64,,
USC00308721,"UPTON COOP NWSFO NEW YORK, NY US",8/8/2013,0.12,0,0,77,64,69,,
USC00308721,"UPTON COOP NWSFO NEW YORK, NY US",8/9/2013,0,0,0,77,69,74,,
USC00308721,"UPTON COOP NWSFO NEW YORK, NY US",8/10/2013,0.02,0,0,79,67,72,,
USC00308721,"UPTON COOP NWSFO NEW YORK, NY US",8/11/2013,0,0,0,82,56,66,,
USC00308721,"UPTON COOP NWSFO NEW YORK, NY US",8/12/2013,0.01,0,0,79,66,68,,
USC00308721,"UPTON COOP NWSFO NEW YORK, NY US",8/13/2013,0.14,0,0,75,62,69,,
USC00308721,"UPTON COOP NWSFO NEW YORK, NY US",8/14/2013,1.12,0,0,72,59,64,,
USC00308721,"UPTON COOP NWSFO NEW YORK, NY US",8/15/2013,0,0,0,73,52,61,,
USC00308721,"UPTON COOP NWSFO NEW YORK, NY US",8/16/2013,0,0,0,76,54,62,,
USC00308721,"UPTON COOP NWSFO NEW YORK, NY US",8/17/2013,0,0,0,77,52,62,,
USC00308721,"UPTON COOP NWSFO NEW YORK, NY US",8/18/2013,0,0,0,81,57,62,,
USC00308721,"UPTON COOP NWSFO NEW YORK, NY US",8/19/2013,0.02,0,0,75,57,64,,
USC00308721,"UPTON COOP NWSFO NEW YORK, NY US",8/20/2013,0,0,0,79,59,67,,
USC00308721,"UPTON COOP NWSFO NEW YORK, NY US",8/21/2013,0,0,0,85,60,68,,
USC00308721,"UPTON COOP NWSFO NEW YORK, NY US",8/22/2013,0.06,0,0,87,68,71,,
USC00308721,"UPTON COOP NWSFO NEW YORK, NY US",8/23/2013,0.06,0,0,78,67,69,,
USC00308721,"UPTON COOP NWSFO NEW YORK, NY US",8/24/2013,0,0,0,80,60,65,,
USC00308721,"UPTON COOP NWSFO NEW YORK, NY US",8/25/2013,0,0,0,77,48,57,,
USC00308721,"UPTON COOP NWSFO NEW YORK, NY US",8/26/2013,0,0,0,80,57,68,,
USC00308721,"UPTON COOP NWSFO NEW YORK, NY US",8/27/2013,0.37,0,0,79,67,69,,
USC00308721,"UPTON COOP NWSFO NEW YORK, NY US",8/28/2013,0.01,0,0,82,63,68,,
USC00308721,"UPTON COOP NWSFO NEW YORK, NY US",8/29/2013,0.54,0,0,84,65,66,,
USC00308721,"UPTON COOP NWSFO NEW YORK, NY US",8/30/2013,0,0,0,75,63,65,,
USC00308721,"UPTON COOP NWSFO NEW YORK, NY US",8/31/2013,0,0,0,77,65,71,,
USC00308721,"UPTON COOP NWSFO NEW YORK, NY US",9/1/2013,0,0,0,79,71,74,,
USC00308721,"UPTON COOP NWSFO NEW YORK, NY US",9/2/2013,0.01,0,0,76,70,72,,
USC00308721,"UPTON COOP NWSFO NEW YORK, NY US",9/3/2013,0,0,0,78,67,72,,
USC00308721,"UPTON COOP NWSFO NEW YORK, NY US",9/4/2013,0.6,0,0,76,57,64,,
USC00308721,"UPTON COOP NWSFO NEW YORK, NY US",9/5/2013,0,0,0,78,61,66,,
USC00308721,"UPTON COOP NWSFO NEW YORK, NY US",9/6/2013,0,0,0,76,53,60,,
USC00308721,"UPTON COOP NWSFO NEW YORK, NY US",9/7/2013,0,0,0,70,45,51,,
USC00308721,"UPTON COOP NWSFO NEW YORK, NY US",9/8/2013,0,0,0,75,51,65,,
USC00308721,"UPTON COOP NWSFO NEW YORK, NY US",9/9/2013,0,0,0,80,45,51,,
USC00308721,"UPTON COOP NWSFO NEW YORK, NY US",9/10/2013,0.08,0,0,70,51,65,,
USC00308721,"UPTON COOP NWSFO NEW YORK, NY US",9/11/2013,0,0,0,75,65,72,,
USC00308721,"UPTON COOP NWSFO NEW YORK, NY US",9/12/2013,0,0,0,86,71,73,,
USC00308721,"UPTON COOP NWSFO NEW YORK, NY US",9/13/2013,0.61,0,0,79,66,67,,
USC00308721,"UPTON COOP NWSFO NEW YORK, NY US",9/14/2013,0,0,0,78,52,56,,
USC00308721,"UPTON COOP NWSFO NEW YORK, NY US",9/15/2013,0,0,0,67,47,54,,
USC00308721,"UPTON COOP NWSFO NEW YORK, NY US",9/16/2013,0,0,0,68,53,56,,
USC00308721,"UPTON COOP NWSFO NEW YORK, NY US",9/17/2013,0.01,0,0,69,47,50,,
USC00308721,"UPTON COOP NWSFO NEW YORK, NY US",9/18/2013,0,0,0,60,37,43,,
USC00308721,"UPTON COOP NWSFO NEW YORK, NY US",9/19/2013,0,0,0,69,43,49,,
USC00308721,"UPTON COOP NWSFO NEW YORK, NY US",9/20/2013,0,0,0,75,44,48,,
USC00308721,"UPTON COOP NWSFO NEW YORK, NY US",9/21/2013,0,0,0,76,47,52,,
USC00308721,"UPTON COOP NWSFO NEW YORK, NY US",9/22/2013,1.09,0,0,75,52,61,,
USC00308721,"UPTON COOP NWSFO NEW YORK, NY US",9/23/2013,0,0,0,71,49,53,,
USC00308721,"UPTON COOP NWSFO NEW YORK, NY US",9/24/2013,0,0,0,64,44,48,,
USC00308721,"UPTON COOP NWSFO NEW YORK, NY US",9/25/2013,0,0,0,67,42,49,,
USC00308721,"UPTON COOP NWSFO NEW YORK, NY US",9/26/2013,0,0,0,71,46,59,,
USC00308721,"UPTON COOP NWSFO NEW YORK, NY US",9/27/2013,0,0,0,67,45,50,,
USC00308721,"UPTON COOP NWSFO NEW YORK, NY US",9/28/2013,0,0,0,66,49,54,,
USC00308721,"UPTON COOP NWSFO NEW YORK, NY US",9/29/2013,0,0,0,72,43,46,,
USC00308721,"UPTON COOP NWSFO NEW YORK, NY US",9/30/2013,0,0,0,68,46,55,,
USC00308721,"UPTON COOP NWSFO NEW YORK, NY US",10/1/2013,0,0,0,70,44,53,,
USC00308721,"UPTON COOP NWSFO NEW YORK, NY US",10/2/2013,0,0,0,78,50,53,,
USC00308721,"UPTON COOP NWSFO NEW YORK, NY US",10/3/2013,0,0,0,81,50,55,,
USC00308721,"UPTON COOP NWSFO NEW YORK, NY US",10/4/2013,0,0,0,77,55,58,,
USC00308721,"UPTON COOP NWSFO NEW YORK, NY US",10/5/2013,0,0,0,81,58,62,,
USC00308721,"UPTON COOP NWSFO NEW YORK, NY US",10/6/2013,0.09,0,0,72,62,62,,
USC00308721,"UPTON COOP NWSFO NEW YORK, NY US",10/7/2013,0.01,0,0,68,62,68,,
USC00308721,"UPTON COOP NWSFO NEW YORK, NY US",10/8/2013,0.19,0,0,76,50,56,,
USC00308721,"UPTON COOP NWSFO NEW YORK, NY US",10/9/2013,0,0,0,65,49,54,,
USC00308721,"UPTON COOP NWSFO NEW YORK, NY US",10/10/2013,0,0,0,63,52,56,,
USC00308721,"UPTON COOP NWSFO NEW YORK, NY US",10/11/2013,0.01,0,0,65,56,60,,
USC00308721,"UPTON COOP NWSFO NEW YORK, NY US",10/12/2013,0.01,0,0,68,56,56,,
USC00308721,"UPTON COOP NWSFO NEW YORK, NY US",10/13/2013,0,0,0,70,53,53,,
USC00308721,"UPTON COOP NWSFO NEW YORK, NY US",10/14/2013,0,0,0,61,36,39,,
USC00308721,"UPTON COOP NWSFO NEW YORK, NY US",10/15/2013,0,0,0,63,36,38,,
USC00308721,"UPTON COOP NWSFO NEW YORK, NY US",10/16/2013,0,0,0,70,38,56,,
USC00308721,"UPTON COOP NWSFO NEW YORK, NY US",10/17/2013,0,0,0,67,56,61,,
USC00308721,"UPTON COOP NWSFO NEW YORK, NY US",10/18/2013,0.01,0,0,72,58,58,,
USC00308721,"UPTON COOP NWSFO NEW YORK, NY US",10/19/2013,0,0,0,67,38,40,,
USC00308721,"UPTON COOP NWSFO NEW YORK, NY US",10/20/2013,0.09,0,0,66,40,50,,
USC00308721,"UPTON COOP NWSFO NEW YORK, NY US",10/21/2013,0,0,0,62,36,37,,
USC00308721,"UPTON COOP NWSFO NEW YORK, NY US",10/22/2013,0,0,0,66,37,42,,
USC00308721,"UPTON COOP NWSFO NEW YORK, NY US",10/23/2013,0,0,0,68,37,41,,
USC00308721,"UPTON COOP NWSFO NEW YORK, NY US",10/24/2013,0.02,0,0,51,35,37,,
USC00308721,"UPTON COOP NWSFO NEW YORK, NY US",10/25/2013,0,0,0,55,33,38,,
USC00308721,"UPTON COOP NWSFO NEW YORK, NY US",10/26/2013,0,0,0,52,30,30,,
USC00308721,"UPTON COOP NWSFO NEW YORK, NY US",10/27/2013,0,0,0,54,30,42,,
USC00308721,"UPTON COOP NWSFO NEW YORK, NY US",10/28/2013,0,0,0,59,31,32,,
USC00308721,"UPTON COOP NWSFO NEW YORK, NY US",10/29/2013,0,0,0,61,32,40,,
USC00308721,"UPTON COOP NWSFO NEW YORK, NY US",10/30/2013,0,0,0,53,31,35,,
USC00308721,"UPTON COOP NWSFO NEW YORK, NY US",10/31/2013,0,0,0,59,35,49,,
USC00308721,"UPTON COOP NWSFO NEW YORK, NY US",11/1/2013,0.02,0,0,65,49,65,,
USC00308721,"UPTON COOP NWSFO NEW YORK, NY US",11/2/2013,0.06,0,0,66,49,49,,
USC00308721,"UPTON COOP NWSFO NEW YORK, NY US",11/3/2013,0,0,0,67,45,46,,
USC00308721,"UPTON COOP NWSFO NEW YORK, NY US",11/4/2013,0,0,0,51,34,34,,
USC00308721,"UPTON COOP NWSFO NEW YORK, NY US",11/5/2013,0,0,0,45,27,33,,
USC00308721,"UPTON COOP NWSFO NEW YORK, NY US",11/6/2013,0,0,0,53,30,31,,
USC00308721,"UPTON COOP NWSFO NEW YORK, NY US",11/7/2013,0.05,0,0,61,31,59,,
USC00308721,"UPTON COOP NWSFO NEW YORK, NY US",11/8/2013,0.26,0,0,61,32,40,,
USC00308721,"UPTON COOP NWSFO NEW YORK, NY US",11/9/2013,0,0,0,50,32,33,,
USC00308721,"UPTON COOP NWSFO NEW YORK, NY US",11/10/2013,0,0,0,51,33,45,,
USC00308721,"UPTON COOP NWSFO NEW YORK, NY US",11/11/2013,0,0,0,62,41,42,,
USC00308721,"UPTON COOP NWSFO NEW YORK, NY US",11/12/2013,0,0,0,52,39,39,,
USC00308721,"UPTON COOP NWSFO NEW YORK, NY US",11/13/2013,0.13,0.2,0,40,26,27,,
USC00308721,"UPTON COOP NWSFO NEW YORK, NY US",11/14/2013,0,,0,37,24,32,,
USC00308721,"UPTON COOP NWSFO NEW YORK, NY US",11/15/2013,0,,0,51,32,34,,
USC00308721,"UPTON COOP NWSFO NEW YORK, NY US",11/16/2013,0,0,0,55,33,42,,
USC00308721,"UPTON COOP NWSFO NEW YORK, NY US",11/17/2013,0,0,0,61,33,51,,
USC00308721,"UPTON COOP NWSFO NEW YORK, NY US",11/18/2013,0.35,0,0,60,51,58,,
USC00308721,"UPTON COOP NWSFO NEW YORK, NY US",11/19/2013,0.02,0,0,67,40,40,,
USC00308721,"UPTON COOP NWSFO NEW YORK, NY US",11/20/2013,0,0,0,50,30,30,,
USC00308721,"UPTON COOP NWSFO NEW YORK, NY US",11/21/2013,0,0,0,42,21,29,,
USC00308721,"UPTON COOP NWSFO NEW YORK, NY US",11/22/2013,0,0,0,50,29,45,,
USC00308721,"UPTON COOP NWSFO NEW YORK, NY US",11/23/2013,0.14,0,0,53,40,40,,
USC00308721,"UPTON COOP NWSFO NEW YORK, NY US",11/24/2013,0,0,0,47,22,23,,
USC00308721,"UPTON COOP NWSFO NEW YORK, NY US",11/25/2013,0,0,0,30,19,19,,
USC00308721,"UPTON COOP NWSFO NEW YORK, NY US",11/26/2013,0,0,0,36,19,35,,
USC00308721,"UPTON COOP NWSFO NEW YORK, NY US",11/27/2013,1.46,0,0,61,35,61,,
USC00308721,"UPTON COOP NWSFO NEW YORK, NY US",11/28/2013,0.58,0,0,62,29,29,,
USC00308721,"UPTON COOP NWSFO NEW YORK, NY US",11/29/2013,0,0,0,35,24,27,,
USC00308721,"UPTON COOP NWSFO NEW YORK, NY US",11/30/2013,0,0,,39,20,20,,
USC00308721,"UPTON COOP NWSFO NEW YORK, NY US",12/1/2013,0.03,0,0,46,20,43,,
USC00308721,"UPTON COOP NWSFO NEW YORK, NY US",12/2/2013,0.01,0,0,50,31,31,,
USC00308721,"UPTON COOP NWSFO NEW YORK, NY US",12/3/2013,0,0,0,46,30,36,,
USC00308721,"UPTON COOP NWSFO NEW YORK, NY US",12/4/2013,0,0,0,50,27,32,,
USC00308721,"UPTON COOP NWSFO NEW YORK, NY US",12/5/2013,0,0,0,53,32,52,,
USC00308721,"UPTON COOP NWSFO NEW YORK, NY US",12/6/2013,0.02,0,0,59,52,55,,
USC00308721,"UPTON COOP NWSFO NEW YORK, NY US",12/7/2013,0.69,0,0,55,34,34,,
USC00308721,"UPTON COOP NWSFO NEW YORK, NY US",12/8/2013,0,0,0,40,25,26,,
USC00308721,"UPTON COOP NWSFO NEW YORK, NY US",12/9/2013,0.16,0.4,0,35,26,35,,
USC00308721,"UPTON COOP NWSFO NEW YORK, NY US",12/10/2013,0.19,0,0,46,31,32,,
USC00308721,"UPTON COOP NWSFO NEW YORK, NY US",12/11/2013,0.18,0.4,0,35,23,24,,
USC00308721,"UPTON COOP NWSFO NEW YORK, NY US",12/12/2013,0,0,0,35,23,23,,
USC00308721,"UPTON COOP NWSFO NEW YORK, NY US",12/13/2013,0,0,0,29,18,24,,
USC00308721,"UPTON COOP NWSFO NEW YORK, NY US",12/14/2013,0,0,0,35,23,24,,
USC00308721,"UPTON COOP NWSFO NEW YORK, NY US",12/15/2013,1.96,2.8,,45,20,32,,
USC00308721,"UPTON COOP NWSFO NEW YORK, NY US",12/16/2013,0.01,0,,38,27,27,,
USC00308721,"UPTON COOP NWSFO NEW YORK, NY US",12/17/2013,0,0,0,31,16,23,,
USC00308721,"UPTON COOP NWSFO NEW YORK, NY US",12/18/2013,0.57,1,0,33,21,26,,
USC00308721,"UPTON COOP NWSFO NEW YORK, NY US",12/19/2013,0,0,0,35,23,24,,
USC00308721,"UPTON COOP NWSFO NEW YORK, NY US",12/20/2013,0,,0,45,24,25,,
USC00308721,"UPTON COOP NWSFO NEW YORK, NY US",12/21/2013,0,0,0,51,25,45,,
USC00308721,"UPTON COOP NWSFO NEW YORK, NY US",12/22/2013,0,0,0,56,45,54,,
USC00308721,"UPTON COOP NWSFO NEW YORK, NY US",12/23/2013,0.02,0,0,60,53,54,,
USC00308721,"UPTON COOP NWSFO NEW YORK, NY US",12/24/2013,0.4,0,0,55,33,33,,
USC00308721,"UPTON COOP NWSFO NEW YORK, NY US",12/25/2013,0.05,0.8,1,38,19,19,,
USC00308721,"UPTON COOP NWSFO NEW YORK, NY US",12/26/2013,0,0,0,26,19,25,,
USC00308721,"UPTON COOP NWSFO NEW YORK, NY US",12/27/2013,0,0,0,37,22,22,,
USC00308721,"UPTON COOP NWSFO NEW YORK, NY US",12/28/2013,0,0,0,40,22,34,,
USC00308721,"UPTON COOP NWSFO NEW YORK, NY US",12/29/2013,0,0,0,51,34,41,,
USC00308721,"UPTON COOP NWSFO NEW YORK, NY US",12/30/2013,1.61,0,0,54,34,36,,
USC00308721,"UPTON COOP NWSFO NEW YORK, NY US",12/31/2013,0,0,0,43,18,19,,
USC00308721,"UPTON COOP NWSFO NEW YORK, NY US",1/1/2014,0,0,0,30,18,20,,
USC00308721,"UPTON COOP NWSFO NEW YORK, NY US",1/2/2014,0.03,0,0,32,19,27,,
USC00308721,"UPTON COOP NWSFO NEW YORK, NY US",1/3/2014,0.66,8.3,8,29,10,12,,
USC00308721,"UPTON COOP NWSFO NEW YORK, NY US",1/4/2014,0.18,2.9,9,14,-4,-4,,
USC00308721,"UPTON COOP NWSFO NEW YORK, NY US",1/5/2014,0,0,7,26,-4,15,,
USC00308721,"UPTON COOP NWSFO NEW YORK, NY US",1/6/2014,0.1,0,0,55,15,54,,
USC00308721,"UPTON COOP NWSFO NEW YORK, NY US",1/7/2014,0.2,0,0,56,8,8,,
USC00308721,"UPTON COOP NWSFO NEW YORK, NY US",1/8/2014,0,0,0,12,4,4,,
USC00308721,"UPTON COOP NWSFO NEW YORK, NY US",1/9/2014,0,0,0,21,4,18,,
USC00308721,"UPTON COOP NWSFO NEW YORK, NY US",1/10/2014,0,0,0,31,11,25,,
USC00308721,"UPTON COOP NWSFO NEW YORK, NY US",1/11/2014,0.15,0,0,53,25,53,,
USC00308721,"UPTON COOP NWSFO NEW YORK, NY US",1/12/2014,0.71,0,0,56,40,41,,
USC00308721,"UPTON COOP NWSFO NEW YORK, NY US",1/13/2014,0,0,0,47,27,28,,
USC00308721,"UPTON COOP NWSFO NEW YORK, NY US",1/14/2014,0,0,0,51,27,45,,
USC00308721,"UPTON COOP NWSFO NEW YORK, NY US",1/15/2014,0.76,0,0,48,29,31,,
USC00308721,"UPTON COOP NWSFO NEW YORK, NY US",1/16/2014,0,0,0,43,31,38,,
USC00308721,"UPTON COOP NWSFO NEW YORK, NY US",1/17/2014,0,0,0,39,25,25,,
USC00308721,"UPTON COOP NWSFO NEW YORK, NY US",1/18/2014,0,0,0,43,24,33,,
USC00308721,"UPTON COOP NWSFO NEW YORK, NY US",1/19/2014,0.01,0,0,47,25,26,,
USC00308721,"UPTON COOP NWSFO NEW YORK, NY US",1/20/2014,0,0,0,37,25,36,,
USC00308721,"UPTON COOP NWSFO NEW YORK, NY US",1/21/2014,0,0,0,45,23,24,,
USC00308721,"UPTON COOP NWSFO NEW YORK, NY US",1/22/2014,0.55,10,10,24,11,11,,
USC00308721,"UPTON COOP NWSFO NEW YORK, NY US",1/23/2014,0,0,6,16,4,7,,
USC00308721,"UPTON COOP NWSFO NEW YORK, NY US",1/24/2014,0,0,0,18,7,8,,
USC00308721,"UPTON COOP NWSFO NEW YORK, NY US",1/25/2014,0,0,4,27,8,27,,
USC00308721,"UPTON COOP NWSFO NEW YORK, NY US",1/26/2014,0.07,1.4,4,35,16,16,,
USC00308721,"UPTON COOP NWSFO NEW YORK, NY US",1/27/2014,0,0,3,40,15,39,,
USC00308721,"UPTON COOP NWSFO NEW YORK, NY US",1/28/2014,0,0,1,43,13,13,,
USC00308721,"UPTON COOP NWSFO NEW YORK, NY US",1/29/2014,0.12,2,2,19,13,14,,
USC00308721,"UPTON COOP NWSFO NEW YORK, NY US",1/30/2014,0,0,2,24,7,9,,
USC00308721,"UPTON COOP NWSFO NEW YORK, NY US",1/31/2014,0,0,1,27,6,24,,
USC00308721,"UPTON COOP NWSFO NEW YORK, NY US",2/1/2014,0,0,1,42,24,29,,
USC00308721,"UPTON COOP NWSFO NEW YORK, NY US",2/2/2014,0,0,0,42,28,35,,
USC00308721,"UPTON COOP NWSFO NEW YORK, NY US",2/3/2014,0.26,0.9,1,53,31,31,,
USC00308721,"UPTON COOP NWSFO NEW YORK, NY US",2/4/2014,0.79,6.3,7,32,20,20,,
USC00308721,"UPTON COOP NWSFO NEW YORK, NY US",2/5/2014,0.57,1.7,7,35,19,31,,
USC00308721,"UPTON COOP NWSFO NEW YORK, NY US",2/6/2014,0.38,0.6,6,32,23,23,,
USC00308721,"UPTON COOP NWSFO NEW YORK, NY US",2/7/2014,0,0,6,29,13,13,,
USC00308721,"UPTON COOP NWSFO NEW YORK, NY US",2/8/2014,0,0,6,32,12,13,,
USC00308721,"UPTON COOP NWSFO NEW YORK, NY US",2/9/2014,0,0,6,28,12,16,,
USC00308721,"UPTON COOP NWSFO NEW YORK, NY US",2/10/2014,0.06,1,7,31,15,20,,
USC00308721,"UPTON COOP NWSFO NEW YORK, NY US",2/11/2014,0,0,6,29,7,11,,
USC00308721,"UPTON COOP NWSFO NEW YORK, NY US",2/12/2014,0,0,6,26,10,10,,
USC00308721,"UPTON COOP NWSFO NEW YORK, NY US",2/13/2014,0.17,1.5,8,31,10,31,,
USC00308721,"UPTON COOP NWSFO NEW YORK, NY US",2/14/2014,1.65,6.6,12,34,29,30,,
USC00308721,"UPTON COOP NWSFO NEW YORK, NY US",2/15/2014,0,0,9,40,24,26,,
USC00308721,"UPTON COOP NWSFO NEW YORK, NY US",2/16/2014,0.33,3.2,11,36,21,21,,
USC00308721,"UPTON COOP NWSFO NEW YORK, NY US",2/17/2014,0.01,0.1,10,30,15,16,,
USC00308721,"UPTON COOP NWSFO NEW YORK, NY US",2/18/2014,0,0.1,10,30,11,27,,
USC00308721,"UPTON COOP NWSFO NEW YORK, NY US",2/19/2014,0.53,1.1,10,37,21,22,,
USC00308721,"UPTON COOP NWSFO NEW YORK, NY US",2/20/2014,0.35,0,9,43,22,30,,
USC00308721,"UPTON COOP NWSFO NEW YORK, NY US",2/21/2014,0.08,0,7,49,30,35,,
USC00308721,"UPTON COOP NWSFO NEW YORK, NY US",2/22/2014,0.17,0,0,53,30,34,,
USC00308721,"UPTON COOP NWSFO NEW YORK, NY US",2/23/2014,0,0,1,48,34,35,,
USC00308721,"UPTON COOP NWSFO NEW YORK, NY US",2/24/2014,0.04,0,0,55,33,33,,
USC00308721,"UPTON COOP NWSFO NEW YORK, NY US",2/25/2014,0,0,0,38,21,21,,
USC00308721,"UPTON COOP NWSFO NEW YORK, NY US",2/27/2014,0.05,0.6,0,30,5,9,,
USC00308721,"UPTON COOP NWSFO NEW YORK, NY US",2/28/2014,0.02,0.2,0,32,9,10,,
USC00308721,"UPTON COOP NWSFO NEW YORK, NY US",3/1/2014,0,0,0,23,4,6,,
USC00308721,"UPTON COOP NWSFO NEW YORK, NY US",3/2/2014,0,0,0,37,6,34,,
USC00308721,"UPTON COOP NWSFO NEW YORK, NY US",3/3/2014,0.07,0.6,1,39,6,18,,
USC00308721,"UPTON COOP NWSFO NEW YORK, NY US",3/4/2014,0,0,1,20,10,11,,
USC00308721,"UPTON COOP NWSFO NEW YORK, NY US",3/5/2014,0,0,0,27,11,20,,
USC00308721,"UPTON COOP NWSFO NEW YORK, NY US",3/6/2014,0,0,0,37,16,16,,
USC00308721,"UPTON COOP NWSFO NEW YORK, NY US",3/7/2014,0,0,0,28,16,26,,
USC00308721,"UPTON COOP NWSFO NEW YORK, NY US",3/8/2014,0,0,0,34,26,28,,
USC00308721,"UPTON COOP NWSFO NEW YORK, NY US",3/9/2014,0.02,0,0,56,28,32,,
USC00308721,"UPTON COOP NWSFO NEW YORK, NY US",3/10/2014,0.01,0.1,0,42,31,32,,
USC00308721,"UPTON COOP NWSFO NEW YORK, NY US",3/11/2014,0,0,0,46,32,45,,
USC00308721,"UPTON COOP NWSFO NEW YORK, NY US",3/12/2014,0,,0,63,35,38,,
USC00308721,"UPTON COOP NWSFO NEW YORK, NY US",3/13/2014,0.45,0,0,58,20,20,,
USC00308721,"UPTON COOP NWSFO NEW YORK, NY US",3/14/2014,0,0,0,28,17,22,,
USC00308721,"UPTON COOP NWSFO NEW YORK, NY US",3/15/2014,0.01,0,0,41,22,40,,
USC00308721,"UPTON COOP NWSFO NEW YORK, NY US",3/16/2014,0,0,0,60,29,29,,
USC00308721,"UPTON COOP NWSFO NEW YORK, NY US",3/17/2014,0,0,0,38,24,24,,
USC00308721,"UPTON COOP NWSFO NEW YORK, NY US",3/18/2014,0,0,0,29,15,23,,
USC00308721,"UPTON COOP NWSFO NEW YORK, NY US",3/19/2014,0,0,0,41,23,27,,
USC00308721,"UPTON COOP NWSFO NEW YORK, NY US",3/20/2014,0.75,0,0,46,27,40,,
USC00308721,"UPTON COOP NWSFO NEW YORK, NY US",3/21/2014,0,0,0,55,33,36,,
USC00308721,"UPTON COOP NWSFO NEW YORK, NY US",3/22/2014,0,0,0,48,24,39,,
USC00308721,"UPTON COOP NWSFO NEW YORK, NY US",3/23/2014,0,0,0,61,27,28,,
USC00308721,"UPTON COOP NWSFO NEW YORK, NY US",3/24/2014,0,0,0,43,19,21,,
USC00308721,"UPTON COOP NWSFO NEW YORK, NY US",3/25/2014,0,0,0,32,13,17,,
USC00308721,"UPTON COOP NWSFO NEW YORK, NY US",3/26/2014,0,0,0,37,17,31,,
USC00308721,"UPTON COOP NWSFO NEW YORK, NY US",3/27/2014,0,0,0,38,21,24,,
USC00308721,"UPTON COOP NWSFO NEW YORK, NY US",3/28/2014,0,0,0,43,24,43,,
USC00308721,"UPTON COOP NWSFO NEW YORK, NY US",3/29/2014,0,0,0,51,35,39,,
USC00308721,"UPTON COOP NWSFO NEW YORK, NY US",3/30/2014,4.56,0,0,54,39,45,,
USC00308721,"UPTON COOP NWSFO NEW YORK, NY US",3/31/2014,0.3,0,0,45,33,33,,
USC00308721,"UPTON COOP NWSFO NEW YORK, NY US",4/1/2014,0.59,2.5,0,42,31,34,,
USC00308721,"UPTON COOP NWSFO NEW YORK, NY US",4/2/2014,0,0,0,56,33,35,,
USC00308721,"UPTON COOP NWSFO NEW YORK, NY US",4/3/2014,0,0,0,49,32,41,,
USC00308721,"UPTON COOP NWSFO NEW YORK, NY US",4/4/2014,0.05,0,0,62,38,39,,
USC00308721,"UPTON COOP NWSFO NEW YORK, NY US",4/5/2014,0.03,0,0,44,37,39,,
USC00308721,"UPTON COOP NWSFO NEW YORK, NY US",4/6/2014,0,0,0,55,27,34,,
USC00308721,"UPTON COOP NWSFO NEW YORK, NY US",4/7/2014,0,0,0,55,30,36,,
USC00308721,"UPTON COOP NWSFO NEW YORK, NY US",4/8/2014,1.18,0,0,51,36,51,,
USC00308721,"UPTON COOP NWSFO NEW YORK, NY US",4/9/2014,0,0,0,60,34,45,,
USC00308721,"UPTON COOP NWSFO NEW YORK, NY US",4/10/2014,0,0,0,61,27,40,,
USC00308721,"UPTON COOP NWSFO NEW YORK, NY US",4/11/2014,0,0,0,56,40,50,,
USC00308721,"UPTON COOP NWSFO NEW YORK, NY US",4/12/2014,0,0,0,68,46,50,,
USC00308721,"UPTON COOP NWSFO NEW YORK, NY US",4/13/2014,0,0,0,69,37,49,,
USC00308721,"UPTON COOP NWSFO NEW YORK, NY US",4/14/2014,0,0,0,64,49,57,,
USC00308721,"UPTON COOP NWSFO NEW YORK, NY US",4/15/2014,0,0,0,66,53,58,,
USC00308721,"UPTON COOP NWSFO NEW YORK, NY US",4/16/2014,1.16,0,0,59,29,31,,
USC00308721,"UPTON COOP NWSFO NEW YORK, NY US",4/17/2014,0,0,0,44,30,36,,
USC00308721,"UPTON COOP NWSFO NEW YORK, NY US",4/18/2014,0,0,0,48,30,36,,
USC00308721,"UPTON COOP NWSFO NEW YORK, NY US",4/19/2014,0,0,0,47,31,41,,
USC00308721,"UPTON COOP NWSFO NEW YORK, NY US",4/20/2014,0,0,0,63,37,46,,
USC00308721,"UPTON COOP NWSFO NEW YORK, NY US",4/21/2014,0,0,0,55,27,40,,
USC00308721,"UPTON COOP NWSFO NEW YORK, NY US",4/22/2014,0,0,0,62,38,50,,
USC00308721,"UPTON COOP NWSFO NEW YORK, NY US",4/23/2014,0.01,0,0,63,42,50,,
USC00308721,"UPTON COOP NWSFO NEW YORK, NY US",4/25/2014,0,0,0,59,37,47,,
USC00308721,"UPTON COOP NWSFO NEW YORK, NY US",4/26/2014,0.25,0,0,60,41,43,,
USC00308721,"UPTON COOP NWSFO NEW YORK, NY US",4/27/2014,0.32,0,0,55,35,44,,
USC00308721,"UPTON COOP NWSFO NEW YORK, NY US",4/28/2014,0,0,0,57,39,47,,
USC00308721,"UPTON COOP NWSFO NEW YORK, NY US",4/29/2014,0,0,0,62,44,44,,
USC00308721,"UPTON COOP NWSFO NEW YORK, NY US",4/30/2014,0.17,0,0,48,40,42,,
USC00308721,"UPTON COOP NWSFO NEW YORK, NY US",5/1/2014,2.35,0,0,57,41,55,,
USC00308721,"UPTON COOP NWSFO NEW YORK, NY US",5/2/2014,0.02,0,0,64,49,53,,
USC00308721,"UPTON COOP NWSFO NEW YORK, NY US",5/3/2014,0,0,0,65,39,52,,
USC00308721,"UPTON COOP NWSFO NEW YORK, NY US",5/4/2014,0,0,0,66,48,56,,
USC00308721,"UPTON COOP NWSFO NEW YORK, NY US",5/5/2014,0,0,0,66,47,53,,
USC00308721,"UPTON COOP NWSFO NEW YORK, NY US",5/6/2014,0,0,0,66,39,54,,
USC00308721,"UPTON COOP NWSFO NEW YORK, NY US",5/7/2014,0,0,0,67,41,53,,
USC00308721,"UPTON COOP NWSFO NEW YORK, NY US",5/8/2014,0.13,0,0,65,44,50,,
USC00308721,"UPTON COOP NWSFO NEW YORK, NY US",5/9/2014,0.32,0,0,55,50,53,,
USC00308721,"UPTON COOP NWSFO NEW YORK, NY US",5/10/2014,0.01,0,0,61,53,54,,
USC00308721,"UPTON COOP NWSFO NEW YORK, NY US",5/11/2014,0.14,0,0,77,54,62,,
USC00308721,"UPTON COOP NWSFO NEW YORK, NY US",5/12/2014,0,0,0,78,46,59,,
USC00308721,"UPTON COOP NWSFO NEW YORK, NY US",5/13/2014,0,0,0,80,55,58,,
USC00308721,"UPTON COOP NWSFO NEW YORK, NY US",5/14/2014,0,0,0,65,44,50,,
USC00308721,"UPTON COOP NWSFO NEW YORK, NY US",5/15/2014,0,0,0,63,50,63,,
USC00308721,"UPTON COOP NWSFO NEW YORK, NY US",5/16/2014,0.04,0,0,73,61,63,,
USC00308721,"UPTON COOP NWSFO NEW YORK, NY US",5/17/2014,1.15,0,0,67,53,55,,
USC00308721,"UPTON COOP NWSFO NEW YORK, NY US",5/18/2014,0,,,68,44,54,,
USC00308721,"UPTON COOP NWSFO NEW YORK, NY US",5/19/2014,0,0,0,67,47,56,,
USC00308721,"UPTON COOP NWSFO NEW YORK, NY US",5/20/2014,0,0,0,69,46,60,,
USC00308721,"UPTON COOP NWSFO NEW YORK, NY US",5/21/2014,0,0,0,76,53,65,,
USC00308721,"UPTON COOP NWSFO NEW YORK, NY US",5/22/2014,0.31,0,0,73,52,55,,
USC00308721,"UPTON COOP NWSFO NEW YORK, NY US",5/23/2014,,0,0,,,,,
USC00308721,"UPTON COOP NWSFO NEW YORK, NY US",5/24/2014,0.71,0,0,64,51,54,,
USC00308721,"UPTON COOP NWSFO NEW YORK, NY US",5/25/2014,0,0,0,67,52,58,,
USC00308721,"UPTON COOP NWSFO NEW YORK, NY US",5/26/2014,0,0,0,74,52,60,,
USC00308721,"UPTON COOP NWSFO NEW YORK, NY US",5/27/2014,0,0,0,82,60,73,,
USC00308721,"UPTON COOP NWSFO NEW YORK, NY US",5/28/2014,0,0,0,87,52,53,,
USC00308721,"UPTON COOP NWSFO NEW YORK, NY US",5/29/2014,0.15,0,0,55,47,50,,
USC00308721,"UPTON COOP NWSFO NEW YORK, NY US",5/30/2014,0,0,0,63,42,54,,
USC00308721,"UPTON COOP NWSFO NEW YORK, NY US",5/31/2014,0.01,0,0,70,50,58,,
USC00308721,"UPTON COOP NWSFO NEW YORK, NY US",6/1/2014,0.01,0,0,68,42,58,,
USC00308721,"UPTON COOP NWSFO NEW YORK, NY US",6/2/2014,0,0,0,75,45,63,,
USC00308721,"UPTON COOP NWSFO NEW YORK, NY US",6/3/2014,0,0,0,74,57,67,,
USC00308721,"UPTON COOP NWSFO NEW YORK, NY US",6/4/2014,0.02,0,0,83,58,58,,
USC00308721,"UPTON COOP NWSFO NEW YORK, NY US",6/5/2014,0.5,0,0,76,58,60,,
USC00308721,"UPTON COOP NWSFO NEW YORK, NY US",6/6/2014,0.66,0,0,66,53,60,,
USC00308721,"UPTON COOP NWSFO NEW YORK, NY US",6/7/2014,0,0,0,74,53,65,,
USC00308721,"UPTON COOP NWSFO NEW YORK, NY US",6/8/2014,0,0,0,80,53,69,,
USC00308721,"UPTON COOP NWSFO NEW YORK, NY US",6/9/2014,0,0,0,83,61,65,,
USC00308721,"UPTON COOP NWSFO NEW YORK, NY US",6/10/2014,0.32,0,0,67,60,67,,
USC00308721,"UPTON COOP NWSFO NEW YORK, NY US",6/11/2014,0.01,0,0,72,60,61,,
USC00308721,"UPTON COOP NWSFO NEW YORK, NY US",6/12/2014,0,0,0,71,57,60,,
USC00308721,"UPTON COOP NWSFO NEW YORK, NY US",6/13/2014,0.22,0,0,75,60,65,,
USC00308721,"UPTON COOP NWSFO NEW YORK, NY US",6/14/2014,0.13,0,0,79,63,67,,
USC00308721,"UPTON COOP NWSFO NEW YORK, NY US",6/15/2014,0,0,0,77,56,62,,
USC00308721,"UPTON COOP NWSFO NEW YORK, NY US",6/16/2014,0,0,0,75,53,67,,
USC00308721,"UPTON COOP NWSFO NEW YORK, NY US",6/17/2014,0.05,0,0,77,62,66,,
USC00308721,"UPTON COOP NWSFO NEW YORK, NY US",6/18/2014,0,0,0,80,66,80,,
USC00308721,"UPTON COOP NWSFO NEW YORK, NY US",6/19/2014,0,0,0,87,62,66,,
USC00308721,"UPTON COOP NWSFO NEW YORK, NY US",6/20/2014,0.08,0,0,73,55,65,,
USC00308721,"UPTON COOP NWSFO NEW YORK, NY US",6/21/2014,0,0,0,76,51,62,,
USC00308721,"UPTON COOP NWSFO NEW YORK, NY US",6/22/2014,0,0,0,74,49,63,,
USC00308721,"UPTON COOP NWSFO NEW YORK, NY US",6/23/2014,0,0,0,75,50,63,,
USC00308721,"UPTON COOP NWSFO NEW YORK, NY US",6/24/2014,0,0,0,79,57,69,,
USC00308721,"UPTON COOP NWSFO NEW YORK, NY US",6/25/2014,0,0,0,77,66,70,,
USC00308721,"UPTON COOP NWSFO NEW YORK, NY US",6/26/2014,0.27,0,0,78,70,72,,
USC00308721,"UPTON COOP NWSFO NEW YORK, NY US",6/27/2014,0.05,0,0,84,59,65,,
USC00308721,"UPTON COOP NWSFO NEW YORK, NY US",6/28/2014,0,0,0,79,52,68,,
USC00308721,"UPTON COOP NWSFO NEW YORK, NY US",6/29/2014,0,0,0,82,53,67,,
USC00308721,"UPTON COOP NWSFO NEW YORK, NY US",6/30/2014,0,0,0,78,63,71,,
USC00308721,"UPTON COOP NWSFO NEW YORK, NY US",7/1/2014,0,0,0,79,69,75,,
USC00308721,"UPTON COOP NWSFO NEW YORK, NY US",7/2/2014,0,0,0,81,72,75,,
USC00308721,"UPTON COOP NWSFO NEW YORK, NY US",7/3/2014,0,0,0,82,71,74,,
USC00308721,"UPTON COOP NWSFO NEW YORK, NY US",7/4/2014,0.14,0,0,84,67,70,,
USC00308721,"UPTON COOP NWSFO NEW YORK, NY US",7/5/2014,0.73,0,0,71,59,66,,
USC00308721,"UPTON COOP NWSFO NEW YORK, NY US",7/6/2014,0,0,0,79,58,69,,
USC00308721,"UPTON COOP NWSFO NEW YORK, NY US",7/7/2014,0,0,0,82,68,70,,
USC00308721,"UPTON COOP NWSFO NEW YORK, NY US",7/8/2014,0,0,0,82,67,75,,
USC00308721,"UPTON COOP NWSFO NEW YORK, NY US",7/9/2014,0,0,0,85,69,71,,
USC00308721,"UPTON COOP NWSFO NEW YORK, NY US",7/10/2014,0.16,0,0,84,66,67,,
USC00308721,"UPTON COOP NWSFO NEW YORK, NY US",7/11/2014,0,0,0,79,63,71,,
USC00308721,"UPTON COOP NWSFO NEW YORK, NY US",7/12/2014,0,0,0,83,56,69,,
USC00308721,"UPTON COOP NWSFO NEW YORK, NY US",7/13/2014,0,0,0,82,68,72,,
USC00308721,"UPTON COOP NWSFO NEW YORK, NY US",7/14/2014,0,0,0,78,71,75,,
USC00308721,"UPTON COOP NWSFO NEW YORK, NY US",7/15/2014,0.54,0,0,81,71,72,,
USC00308721,"UPTON COOP NWSFO NEW YORK, NY US",7/16/2014,1,0,0,79,68,72,,
USC00308721,"UPTON COOP NWSFO NEW YORK, NY US",7/17/2014,0.07,0,0,73,62,67,,
USC00308721,"UPTON COOP NWSFO NEW YORK, NY US",7/18/2014,0,0,0,81,58,67,,
USC00308721,"UPTON COOP NWSFO NEW YORK, NY US",7/19/2014,0,0,0,79,57,62,,
USC00308721,"UPTON COOP NWSFO NEW YORK, NY US",7/20/2014,0,0,0,76,62,65,,
USC00308721,"UPTON COOP NWSFO NEW YORK, NY US",7/21/2014,0,0,0,77,58,67,,
USC00308721,"UPTON COOP NWSFO NEW YORK, NY US",7/22/2014,0,0,0,80,60,70,,
USC00308721,"UPTON COOP NWSFO NEW YORK, NY US",7/23/2014,0,0,0,84,69,73,,
USC00308721,"UPTON COOP NWSFO NEW YORK, NY US",7/24/2014,0,0,0,83,69,72,,
USC00308721,"UPTON COOP NWSFO NEW YORK, NY US",7/25/2014,0,0,0,80,62,68,,
USC00308721,"UPTON COOP NWSFO NEW YORK, NY US",7/26/2014,0,0,0,79,61,70,,
USC00308721,"UPTON COOP NWSFO NEW YORK, NY US",7/27/2014,0,0,0,80,68,72,,
USC00308721,"UPTON COOP NWSFO NEW YORK, NY US",7/28/2014,0.14,0,0,79,67,70,,
USC00308721,"UPTON COOP NWSFO NEW YORK, NY US",7/29/2014,0,0,0,81,60,67,,
USC00308721,"UPTON COOP NWSFO NEW YORK, NY US",7/30/2014,0,0,0,76,53,63,,
USC00308721,"UPTON COOP NWSFO NEW YORK, NY US",7/31/2014,0,0,0,79,58,67,,
USC00308721,"UPTON COOP NWSFO NEW YORK, NY US",8/1/2014,0,0,0,79,66,72,,
USC00308721,"UPTON COOP NWSFO NEW YORK, NY US",8/2/2014,0.21,0,0,83,65,65,,
USC00308721,"UPTON COOP NWSFO NEW YORK, NY US",8/3/2014,0.29,0,0,65,61,63,,
USC00308721,"UPTON COOP NWSFO NEW YORK, NY US",8/4/2014,0.01,0,0,71,60,66,,
USC00308721,"UPTON COOP NWSFO NEW YORK, NY US",8/5/2014,0.01,0,0,79,63,67,,
USC00308721,"UPTON COOP NWSFO NEW YORK, NY US",8/6/2014,0,0,0,86,63,68,,
USC00308721,"UPTON COOP NWSFO NEW YORK, NY US",8/7/2014,0,0,0,81,60,66,,
USC00308721,"UPTON COOP NWSFO NEW YORK, NY US",8/8/2014,0,0,0,82,56,66,,
USC00308721,"UPTON COOP NWSFO NEW YORK, NY US",8/9/2014,0,0,0,80,59,69,,
USC00308721,"UPTON COOP NWSFO NEW YORK, NY US",8/10/2014,0,0,0,84,59,70,,
USC00308721,"UPTON COOP NWSFO NEW YORK, NY US",8/11/2014,0,0,0,86,60,67,,
USC00308721,"UPTON COOP NWSFO NEW YORK, NY US",8/12/2014,0,0,0,81,61,72,,
USC00308721,"UPTON COOP NWSFO NEW YORK, NY US",8/13/2014,1.74,0,0,81,61,70,,
USC00308721,"UPTON COOP NWSFO NEW YORK, NY US",8/14/2014,0.25,0,0,79,58,62,,
USC00308721,"UPTON COOP NWSFO NEW YORK, NY US",8/15/2014,0,0,0,75,55,63,,
USC00308721,"UPTON COOP NWSFO NEW YORK, NY US",8/16/2014,0,0,0,73,55,65,,
USC00308721,"UPTON COOP NWSFO NEW YORK, NY US",8/17/2014,0,0,0,76,61,69,,
USC00308721,"UPTON COOP NWSFO NEW YORK, NY US",8/18/2014,0,0,0,80,55,64,,
USC00308721,"UPTON COOP NWSFO NEW YORK, NY US",8/19/2014,0,0,0,78,54,63,,
USC00308721,"UPTON COOP NWSFO NEW YORK, NY US",8/20/2014,0,0,0,77,55,61,,
USC00308721,"UPTON COOP NWSFO NEW YORK, NY US",8/21/2014,0,0,0,81,57,64,,
USC00308721,"UPTON COOP NWSFO NEW YORK, NY US",8/22/2014,0.13,0,0,76,60,63,,
USC00308721,"UPTON COOP NWSFO NEW YORK, NY US",8/23/2014,0,0,0,74,60,65,,
USC00308721,"UPTON COOP NWSFO NEW YORK, NY US",8/24/2014,0,0,0,75,54,61,,
USC00308721,"UPTON COOP NWSFO NEW YORK, NY US",8/25/2014,0,0,0,77,52,63,,
USC00308721,"UPTON COOP NWSFO NEW YORK, NY US",8/26/2014,0,0,0,85,59,66,,
USC00308721,"UPTON COOP NWSFO NEW YORK, NY US",8/27/2014,0,0,0,84,56,67,,
USC00308721,"UPTON COOP NWSFO NEW YORK, NY US",8/28/2014,0,0,0,84,65,69,,
USC00308721,"UPTON COOP NWSFO NEW YORK, NY US",8/29/2014,0,0,0,80,56,63,,
USC00308721,"UPTON COOP NWSFO NEW YORK, NY US",8/30/2014,0,0,0,75,50,60,,
USC00308721,"UPTON COOP NWSFO NEW YORK, NY US",8/31/2014,0,0,0,76,60,73,,
USC00308721,"UPTON COOP NWSFO NEW YORK, NY US",9/1/2014,0.32,0,0,82,72,72,,
USC00308721,"UPTON COOP NWSFO NEW YORK, NY US",9/2/2014,0,0,0,85,71,75,,
USC00308721,"UPTON COOP NWSFO NEW YORK, NY US",9/3/2014,0,0,0,88,69,70,,
USC00308721,"UPTON COOP NWSFO NEW YORK, NY US",9/4/2014,0,0,0,82,58,63,,
USC00308721,"UPTON COOP NWSFO NEW YORK, NY US",9/5/2014,0,0,0,83,63,67,,
USC00308721,"UPTON COOP NWSFO NEW YORK, NY US",9/6/2014,0,0,0,82,67,76,,
USC00308721,"UPTON COOP NWSFO NEW YORK, NY US",9/7/2014,0.26,0,0,84,63,67,,
USC00308721,"UPTON COOP NWSFO NEW YORK, NY US",9/8/2014,0,0,0,78,57,61,,
USC00308721,"UPTON COOP NWSFO NEW YORK, NY US",9/9/2014,0,0,0,74,58,63,,
USC00308721,"UPTON COOP NWSFO NEW YORK, NY US",9/10/2014,0,0,0,71,61,62,,
USC00308721,"UPTON COOP NWSFO NEW YORK, NY US",9/11/2014,0,0,0,73,56,67,,
USC00308721,"UPTON COOP NWSFO NEW YORK, NY US",9/12/2014,0,0,0,77,58,61,,
USC00308721,"UPTON COOP NWSFO NEW YORK, NY US",9/13/2014,0,0,0,73,58,60,,
USC00308721,"UPTON COOP NWSFO NEW YORK, NY US",9/14/2014,0.35,0,0,67,50,53,,
USC00308721,"UPTON COOP NWSFO NEW YORK, NY US",9/15/2014,0,0,0,66,46,54,,
USC00308721,"UPTON COOP NWSFO NEW YORK, NY US",9/16/2014,0,0,0,68,48,53,,
USC00308721,"UPTON COOP NWSFO NEW YORK, NY US",9/17/2014,0.18,0,0,64,50,53,,
USC00308721,"UPTON COOP NWSFO NEW YORK, NY US",9/18/2014,0,0,0,70,43,50,,
USC00308721,"UPTON COOP NWSFO NEW YORK, NY US",9/19/2014,0,0,0,73,50,54,,
USC00308721,"UPTON COOP NWSFO NEW YORK, NY US",9/20/2014,0,0,0,63,44,52,,
USC00308721,"UPTON COOP NWSFO NEW YORK, NY US",9/21/2014,0.75,0,0,73,52,67,,
USC00308721,"UPTON COOP NWSFO NEW YORK, NY US",9/22/2014,0.02,0,0,75,59,62,,
USC00308721,"UPTON COOP NWSFO NEW YORK, NY US",9/23/2014,0,0,0,72,44,50,,
USC00308721,"UPTON COOP NWSFO NEW YORK, NY US",9/24/2014,0,0,0,68,44,47,,
USC00308721,"UPTON COOP NWSFO NEW YORK, NY US",9/25/2014,0.02,0,0,70,47,58,,
USC00308721,"UPTON COOP NWSFO NEW YORK, NY US",9/26/2014,1.19,0,0,62,56,57,,
USC00308721,"UPTON COOP NWSFO NEW YORK, NY US",9/27/2014,0,0,0,71,50,54,,
USC00308721,"UPTON COOP NWSFO NEW YORK, NY US",9/28/2014,0,0,0,77,50,53,,
USC00308721,"UPTON COOP NWSFO NEW YORK, NY US",9/29/2014,0,0,0,79,50,61,,
USC00308721,"UPTON COOP NWSFO NEW YORK, NY US",9/30/2014,0.02,0,0,75,61,62,,
USC00308721,"UPTON COOP NWSFO NEW YORK, NY US",10/1/2014,0.22,0,0,63,58,59,,
USC00308721,"UPTON COOP NWSFO NEW YORK, NY US",10/2/2014,0.07,0,0,61,57,57,,
USC00308721,"UPTON COOP NWSFO NEW YORK, NY US",10/3/2014,0.02,0,0,61,46,47,,
USC00308721,"UPTON COOP NWSFO NEW YORK, NY US",10/4/2014,0,0,0,66,47,61,,
USC00308721,"UPTON COOP NWSFO NEW YORK, NY US",10/5/2014,0.89,0,0,67,42,44,,
USC00308721,"UPTON COOP NWSFO NEW YORK, NY US",10/6/2014,0,0,0,58,35,37,,
USC00308721,"UPTON COOP NWSFO NEW YORK, NY US",10/7/2014,0,0,0,67,37,65,,
USC00308721,"UPTON COOP NWSFO NEW YORK, NY US",10/8/2014,0.17,0,0,70,60,63,,
USC00308721,"UPTON COOP NWSFO NEW YORK, NY US",10/9/2014,0,0,0,72,44,49,,
USC00308721,"UPTON COOP NWSFO NEW YORK, NY US",10/10/2014,0,0,0,65,39,41,,
USC00308721,"UPTON COOP NWSFO NEW YORK, NY US",10/11/2014,0.28,0,0,63,41,52,,
USC00308721,"UPTON COOP NWSFO NEW YORK, NY US",10/12/2014,0.32,0,0,53,39,43,,
USC00308721,"UPTON COOP NWSFO NEW YORK, NY US",10/13/2014,0,0,0,61,35,43,,
USC00308721,"UPTON COOP NWSFO NEW YORK, NY US",10/14/2014,0.01,0,0,66,43,66,,
USC00308721,"UPTON COOP NWSFO NEW YORK, NY US",10/15/2014,0,0,0,75,66,69,,
USC00308721,"UPTON COOP NWSFO NEW YORK, NY US",10/16/2014,0.2,0,0,76,67,67,,
USC00308721,"UPTON COOP NWSFO NEW YORK, NY US",10/17/2014,1.38,0,0,67,55,55,,
USC00308721,"UPTON COOP NWSFO NEW YORK, NY US",10/18/2014,0,0,0,69,55,62,,
USC00308721,"UPTON COOP NWSFO NEW YORK, NY US",10/19/2014,0.01,0,0,68,50,50,,
USC00308721,"UPTON COOP NWSFO NEW YORK, NY US",10/20/2014,0,0,0,56,34,35,,
USC00308721,"UPTON COOP NWSFO NEW YORK, NY US",10/21/2014,0,0,0,57,35,46,,
USC00308721,"UPTON COOP NWSFO NEW YORK, NY US",10/22/2014,0.47,0,0,68,46,54,,
USC00308721,"UPTON COOP NWSFO NEW YORK, NY US",10/23/2014,1.18,0,0,56,49,50,,
USC00308721,"UPTON COOP NWSFO NEW YORK, NY US",10/24/2014,0.18,0,0,56,48,48,,
USC00308721,"UPTON COOP NWSFO NEW YORK, NY US",10/25/2014,0.07,0,0,54,44,44,,
USC00308721,"UPTON COOP NWSFO NEW YORK, NY US",10/26/2014,0.01,0,0,65,44,51,,
USC00308721,"UPTON COOP NWSFO NEW YORK, NY US",10/27/2014,0,0,0,60,46,47,,
USC00308721,"UPTON COOP NWSFO NEW YORK, NY US",10/28/2014,0,0,0,61,38,49,,
USC00308721,"UPTON COOP NWSFO NEW YORK, NY US",10/29/2014,0,0,0,67,49,61,,
USC00308721,"UPTON COOP NWSFO NEW YORK, NY US",10/30/2014,0.02,0,0,71,38,40,,
USC00308721,"UPTON COOP NWSFO NEW YORK, NY US",10/31/2014,0,0,0,58,40,41,,
USC00308721,"UPTON COOP NWSFO NEW YORK, NY US",11/1/2014,0.07,0,0,55,41,45,,
USC00308721,"UPTON COOP NWSFO NEW YORK, NY US",11/2/2014,1.04,0,0,47,41,41,,
USC00308721,"UPTON COOP NWSFO NEW YORK, NY US",11/3/2014,0,0,0,48,33,36,,
USC00308721,"UPTON COOP NWSFO NEW YORK, NY US",11/4/2014,0,0,0,56,36,45,,
USC00308721,"UPTON COOP NWSFO NEW YORK, NY US",11/5/2014,0,0,0,65,45,53,,
USC00308721,"UPTON COOP NWSFO NEW YORK, NY US",11/6/2014,0.23,0,0,65,46,47,,
USC00308721,"UPTON COOP NWSFO NEW YORK, NY US",11/7/2014,0.43,0,0,58,44,44,,
USC00308721,"UPTON COOP NWSFO NEW YORK, NY US",11/8/2014,0.01,0,0,50,30,31,,
USC00308721,"UPTON COOP NWSFO NEW YORK, NY US",11/9/2014,0,0,0,47,31,43,,
USC00308721,"UPTON COOP NWSFO NEW YORK, NY US",11/10/2014,0,0,0,56,29,30,,
USC00308721,"UPTON COOP NWSFO NEW YORK, NY US",11/11/2014,0,0,0,61,30,33,,
USC00308721,"UPTON COOP NWSFO NEW YORK, NY US",11/12/2014,0,0,0,63,33,53,,
USC00308721,"UPTON COOP NWSFO NEW YORK, NY US",11/13/2014,0,0,0,62,38,38,,
USC00308721,"UPTON COOP NWSFO NEW YORK, NY US",11/14/2014,0.28,0,0,49,34,34,,
USC00308721,"UPTON COOP NWSFO NEW YORK, NY US",11/15/2014,0,0,0,43,29,31,,
USC00308721,"UPTON COOP NWSFO NEW YORK, NY US",11/16/2014,0,0,0,40,21,25,,
USC00308721,"UPTON COOP NWSFO NEW YORK, NY US",11/17/2014,0.49,0,0,42,25,41,,
USC00308721,"UPTON COOP NWSFO NEW YORK, NY US",11/18/2014,0.98,0,0,58,32,32,,
USC00308721,"UPTON COOP NWSFO NEW YORK, NY US",11/19/2014,0,0,0,34,20,20,,
USC00308721,"UPTON COOP NWSFO NEW YORK, NY US",11/20/2014,0,0,0,39,20,35,,
USC00308721,"UPTON COOP NWSFO NEW YORK, NY US",11/21/2014,0,0,0,49,26,27,,
USC00308721,"UPTON COOP NWSFO NEW YORK, NY US",11/22/2014,0,0,0,36,19,19,,
USC00308721,"UPTON COOP NWSFO NEW YORK, NY US",11/23/2014,0,0,0,44,19,43,,
USC00308721,"UPTON COOP NWSFO NEW YORK, NY US",11/24/2014,0.68,0,0,60,38,59,,
USC00308721,"UPTON COOP NWSFO NEW YORK, NY US",11/25/2014,0.26,0,0,61,54,55,,
USC00308721,"UPTON COOP NWSFO NEW YORK, NY US",11/26/2014,0.04,0,0,57,40,40,,
USC00308721,"UPTON COOP NWSFO NEW YORK, NY US",11/27/2014,1.56,0,0,40,32,34,,
USC00308721,"UPTON COOP NWSFO NEW YORK, NY US",11/28/2014,0.01,0,0,37,29,29,,
USC00308721,"UPTON COOP NWSFO NEW YORK, NY US",11/29/2014,0,0,0,39,17,17,,
USC00308721,"UPTON COOP NWSFO NEW YORK, NY US",11/30/2014,0,0,0,48,16,47,,
USC00308721,"UPTON COOP NWSFO NEW YORK, NY US",12/1/2014,0,0,0,55,46,51,,
USC00308721,"UPTON COOP NWSFO NEW YORK, NY US",12/2/2014,0.09,0,0,64,36,36,,
USC00308721,"UPTON COOP NWSFO NEW YORK, NY US",12/3/2014,0.37,0,0,45,36,42,,
USC00308721,"UPTON COOP NWSFO NEW YORK, NY US",12/4/2014,0.16,0,0,48,31,31,,
USC00308721,"UPTON COOP NWSFO NEW YORK, NY US",12/5/2014,0,0,0,46,29,32,,
USC00308721,"UPTON COOP NWSFO NEW YORK, NY US",12/6/2014,0.54,0,0,50,32,44,,
USC00308721,"UPTON COOP NWSFO NEW YORK, NY US",12/7/2014,1.26,0,0,50,36,36,,
USC00308721,"UPTON COOP NWSFO NEW YORK, NY US",12/8/2014,0,0,0,40,24,25,,
USC00308721,"UPTON COOP NWSFO NEW YORK, NY US",12/9/2014,0.46,0.1,0,39,25,39,,
USC00308721,"UPTON COOP NWSFO NEW YORK, NY US",12/10/2014,2.41,0,0,43,36,36,,
USC00308721,"UPTON COOP NWSFO NEW YORK, NY US",12/11/2014,0.23,0.2,0,37,29,29,,
USC00308721,"UPTON COOP NWSFO NEW YORK, NY US",12/12/2014,0,0,0,38,25,28,,
USC00308721,"UPTON COOP NWSFO NEW YORK, NY US",12/13/2014,0,0,0,38,28,30,,
USC00308721,"UPTON COOP NWSFO NEW YORK, NY US",12/14/2014,0,0,0,42,30,35,,
USC00308721,"UPTON COOP NWSFO NEW YORK, NY US",12/15/2014,0,0,0,43,27,28,,
USC00308721,"UPTON COOP NWSFO NEW YORK, NY US",12/16/2014,0,0,0,44,24,30,,
USC00308721,"UPTON COOP NWSFO NEW YORK, NY US",12/17/2014,0.42,0,0,45,30,41,,
USC00308721,"UPTON COOP NWSFO NEW YORK, NY US",12/18/2014,0,0,0,53,35,35,,
USC00308721,"UPTON COOP NWSFO NEW YORK, NY US",12/19/2014,0,0,0,42,30,35,,
USC00308721,"UPTON COOP NWSFO NEW YORK, NY US",12/20/2014,0,0,0,41,28,30,,
USC00308721,"UPTON COOP NWSFO NEW YORK, NY US",12/21/2014,0,0,0,32,30,32,,
USC00308721,"UPTON COOP NWSFO NEW YORK, NY US",12/22/2014,0,0,0,36,32,36,,
USC00308721,"UPTON COOP NWSFO NEW YORK, NY US",12/23/2014,0.14,0,0,46,36,43,,
USC00308721,"UPTON COOP NWSFO NEW YORK, NY US",12/24/2014,0.17,0,0,46,43,44,,
USC00308721,"UPTON COOP NWSFO NEW YORK, NY US",12/25/2014,0.87,0,0,61,44,53,,
USC00308721,"UPTON COOP NWSFO NEW YORK, NY US",12/26/2014,0.06,0,0,53,32,33,,
USC00308721,"UPTON COOP NWSFO NEW YORK, NY US",12/27/2014,0,0,0,49,27,29,,
USC00308721,"UPTON COOP NWSFO NEW YORK, NY US",12/28/2014,0,0,0,55,28,46,,
USC00308721,"UPTON COOP NWSFO NEW YORK, NY US",12/29/2014,0.06,0,0,51,31,31,,
USC00308721,"UPTON COOP NWSFO NEW YORK, NY US",12/30/2014,0,0,0,43,27,27,,
USC00308721,"UPTON COOP NWSFO NEW YORK, NY US",12/31/2014,0,0,0,32,19,19,,
USC00308721,"UPTON COOP NWSFO NEW YORK, NY US",1/1/2015,0,0,0,32,17,24,,
USC00308721,"UPTON COOP NWSFO NEW YORK, NY US",1/2/2015,0,0,0,38,24,33,,
USC00308721,"UPTON COOP NWSFO NEW YORK, NY US",1/3/2015,0,0,0,43,22,23,,
USC00308721,"UPTON COOP NWSFO NEW YORK, NY US",1/4/2015,0.88,0,0,50,22,49,,
USC00308721,"UPTON COOP NWSFO NEW YORK, NY US",1/5/2015,0.31,0,0,53,39,39,,
USC00308721,"UPTON COOP NWSFO NEW YORK, NY US",1/6/2015,0,0,0,39,17,18,,
USC00308721,"UPTON COOP NWSFO NEW YORK, NY US",1/7/2015,0.02,0.4,0,20,13,18,,
USC00308721,"UPTON COOP NWSFO NEW YORK, NY US",1/8/2015,0,0,0,24,6,7,,
USC00308721,"UPTON COOP NWSFO NEW YORK, NY US",1/9/2015,0,0,0,34,7,32,,
USC00308721,"UPTON COOP NWSFO NEW YORK, NY US",1/10/2015,0.06,1.2,1,32,13,16,,
USC00308721,"UPTON COOP NWSFO NEW YORK, NY US",1/11/2015,0,,0,23,10,16,,
USC00308721,"UPTON COOP NWSFO NEW YORK, NY US",1/12/2015,0,0,0,36,16,35,,
USC00308721,"UPTON COOP NWSFO NEW YORK, NY US",1/13/2015,0.75,0,0,36,29,29,,
USC00308721,"UPTON COOP NWSFO NEW YORK, NY US",1/14/2015,0,,,29,17,22,,
USC00308721,"UPTON COOP NWSFO NEW YORK, NY US",1/15/2015,0,0,0,28,20,21,,
USC00308721,"UPTON COOP NWSFO NEW YORK, NY US",1/16/2015,0,0,0,33,20,28,,
USC00308721,"UPTON COOP NWSFO NEW YORK, NY US",1/17/2015,0,0,0,41,13,14,,
USC00308721,"UPTON COOP NWSFO NEW YORK, NY US",1/18/2015,0,0,0,27,13,25,,
USC00308721,"UPTON COOP NWSFO NEW YORK, NY US",1/19/2015,0.66,0,0,50,25,35,,
USC00308721,"UPTON COOP NWSFO NEW YORK, NY US",1/20/2015,0,0,0,43,29,30,,
USC00308721,"UPTON COOP NWSFO NEW YORK, NY US",1/21/2015,0,0,0,39,21,22,,
USC00308721,"UPTON COOP NWSFO NEW YORK, NY US",1/22/2015,0,0,0,34,21,29,,
USC00308721,"UPTON COOP NWSFO NEW YORK, NY US",1/23/2015,0,0,0,38,18,19,,
USC00308721,"UPTON COOP NWSFO NEW YORK, NY US",1/24/2015,0.65,3.1,3,38,18,31,0.4,
USC00308721,"UPTON COOP NWSFO NEW YORK, NY US",1/25/2015,0.35,0,1,34,30,32,,
USC00308721,"UPTON COOP NWSFO NEW YORK, NY US",1/26/2015,0,0,1,42,24,24,,
USC00308721,"UPTON COOP NWSFO NEW YORK, NY US",1/27/2015,1.69,16.2,15,27,18,19,,
USC00308721,"UPTON COOP NWSFO NEW YORK, NY US",1/28/2015,0.14,1.4,13,22,13,13,,
USC00308721,"UPTON COOP NWSFO NEW YORK, NY US",1/29/2015,0,0,12,22,11,11,,
USC00308721,"UPTON COOP NWSFO NEW YORK, NY US",1/30/2015,0.01,0.1,11,31,11,31,,
USC00308721,"UPTON COOP NWSFO NEW YORK, NY US",1/31/2015,0.04,0.4,10,32,11,11,,
USC00308721,"UPTON COOP NWSFO NEW YORK, NY US",2/1/2015,0,0,10,24,7,8,,
USC00308721,"UPTON COOP NWSFO NEW YORK, NY US",2/2/2015,0.64,3.1,12,35,8,32,,
USC00308721,"UPTON COOP NWSFO NEW YORK, NY US",2/3/2015,0.99,1.7,13,32,7,7,,
USC00308721,"UPTON COOP NWSFO NEW YORK, NY US",2/4/2015,0,0,12,24,4,10,,
USC00308721,"UPTON COOP NWSFO NEW YORK, NY US",2/5/2015,0,0,11,40,10,32,,
USC00308721,"UPTON COOP NWSFO NEW YORK, NY US",2/6/2015,0.04,0.6,11,33,3,3,,
USC00308721,"UPTON COOP NWSFO NEW YORK, NY US",2/7/2015,0,0,11,25,3,17,,
USC00308721,"UPTON COOP NWSFO NEW YORK, NY US",2/8/2015,0,0,10,35,17,34,,
USC00308721,"UPTON COOP NWSFO NEW YORK, NY US",2/9/2015,0,,10,37,23,25,,
USC00308721,"UPTON COOP NWSFO NEW YORK, NY US",2/10/2015,0.01,0.1,9,27,22,22,,
USC00308721,"UPTON COOP NWSFO NEW YORK, NY US",2/11/2015,0,0,9,34,21,21,,
USC00308721,"UPTON COOP NWSFO NEW YORK, NY US",2/12/2015,0,0,9,29,11,16,,
USC00308721,"UPTON COOP NWSFO NEW YORK, NY US",2/13/2015,0.02,0.7,10,35,7,7,,
USC00308721,"UPTON COOP NWSFO NEW YORK, NY US",2/14/2015,0,0,9,19,-3,2,,
USC00308721,"UPTON COOP NWSFO NEW YORK, NY US",2/15/2015,0.12,2.4,11,33,2,17,,
USC00308721,"UPTON COOP NWSFO NEW YORK, NY US",2/16/2015,0,0,11,19,1,2,,
USC00308721,"UPTON COOP NWSFO NEW YORK, NY US",2/17/2015,0.08,1.9,13,18,2,13,,
USC00308721,"UPTON COOP NWSFO NEW YORK, NY US",2/18/2015,0.05,1.3,13,23,-4,-2,,
USC00308721,"UPTON COOP NWSFO NEW YORK, NY US",2/19/2015,0,0,12,32,-2,16,,
USC00308721,"UPTON COOP NWSFO NEW YORK, NY US",2/20/2015,0,0,11,23,1,1,,
USC00308721,"UPTON COOP NWSFO NEW YORK, NY US",2/21/2015,0,0,11,18,-7,-4,,
USC00308721,"UPTON COOP NWSFO NEW YORK, NY US",2/22/2015,1,2.7,12,32,-4,31,,
USC00308721,"UPTON COOP NWSFO NEW YORK, NY US",2/23/2015,0.05,0.5,12,38,27,28,,
USC00308721,"UPTON COOP NWSFO NEW YORK, NY US",2/24/2015,0,0,12,28,-6,-4,,
USC00308721,"UPTON COOP NWSFO NEW YORK, NY US",2/25/2015,0,0.2,12,21,-4,10,,
USC00308721,"UPTON COOP NWSFO NEW YORK, NY US",2/26/2015,0,0,12,36,10,20,,
USC00308721,"UPTON COOP NWSFO NEW YORK, NY US",2/27/2015,0,0,11,27,13,14,,
USC00308721,"UPTON COOP NWSFO NEW YORK, NY US",2/28/2015,0,0,11,27,10,11,,
USC00308721,"UPTON COOP NWSFO NEW YORK, NY US",3/1/2015,0,0,10,27,3,8,,
USC00308721,"UPTON COOP NWSFO NEW YORK, NY US",3/2/2015,0.61,5.9,15,31,8,28,3,
USC00308721,"UPTON COOP NWSFO NEW YORK, NY US",3/3/2015,0,0,14,35,19,19,,
USC00308721,"UPTON COOP NWSFO NEW YORK, NY US",3/4/2015,0.77,0.9,15,36,19,34,,
USC00308721,"UPTON COOP NWSFO NEW YORK, NY US",3/5/2015,0.4,0.4,12,42,31,31,,
USC00308721,"UPTON COOP NWSFO NEW YORK, NY US",3/6/2015,0.52,7,18,31,10,10,,
USC00308721,"UPTON COOP NWSFO NEW YORK, NY US",3/7/2015,0,,17,26,7,10,,
USC00308721,"UPTON COOP NWSFO NEW YORK, NY US",3/8/2015,0,0,15,35,10,27,,
USC00308721,"UPTON COOP NWSFO NEW YORK, NY US",3/9/2015,0,0,13,46,21,38,,
USC00308721,"UPTON COOP NWSFO NEW YORK, NY US",3/10/2015,0,0,11,50,23,25,,
USC00308721,"UPTON COOP NWSFO NEW YORK, NY US",3/11/2015,0.58,0,7,50,25,39,,
USC00308721,"UPTON COOP NWSFO NEW YORK, NY US",3/12/2015,0,0,4,53,34,36,,
USC00308721,"UPTON COOP NWSFO NEW YORK, NY US",3/13/2015,0,0,3,42,25,26,,
USC00308721,"UPTON COOP NWSFO NEW YORK, NY US",3/14/2015,0.1,0,2,39,26,39,,
USC00308721,"UPTON COOP NWSFO NEW YORK, NY US",3/15/2015,1.18,0,0,48,37,39,,
USC00308721,"UPTON COOP NWSFO NEW YORK, NY US",3/16/2015,0,0,0,46,29,31,,
USC00308721,"UPTON COOP NWSFO NEW YORK, NY US",3/17/2015,0.05,0,0,48,31,38,,
USC00308721,"UPTON COOP NWSFO NEW YORK, NY US",3/18/2015,0.03,0,0,57,26,27,,
USC00308721,"UPTON COOP NWSFO NEW YORK, NY US",3/19/2015,0,0,0,37,18,25,,
USC00308721,"UPTON COOP NWSFO NEW YORK, NY US",3/20/2015,0,0,0,38,21,26,,
USC00308721,"UPTON COOP NWSFO NEW YORK, NY US",3/21/2015,0.45,6.5,5,35,26,28,,
USC00308721,"UPTON COOP NWSFO NEW YORK, NY US",3/22/2015,0.04,0.4,1,43,28,32,,
USC00308721,"UPTON COOP NWSFO NEW YORK, NY US",3/23/2015,0,0,0,39,19,22,,
USC00308721,"UPTON COOP NWSFO NEW YORK, NY US",3/24/2015,0,0,0,35,22,25,,
USC00308721,"UPTON COOP NWSFO NEW YORK, NY US",3/25/2015,0,0,0,37,17,24,,
USC00308721,"UPTON COOP NWSFO NEW YORK, NY US",3/26/2015,0.1,0,0,46,24,43,,
USC00308721,"UPTON COOP NWSFO NEW YORK, NY US",3/27/2015,0.58,0,0,54,37,37,,
USC00308721,"UPTON COOP NWSFO NEW YORK, NY US",3/28/2015,0.07,0.4,0,42,31,31,,
USC00308721,"UPTON COOP NWSFO NEW YORK, NY US",3/29/2015,0.3,2.4,2,32,23,23,,
USC00308721,"UPTON COOP NWSFO NEW YORK, NY US",3/30/2015,0,0,0,40,23,35,,
USC00308721,"UPTON COOP NWSFO NEW YORK, NY US",3/31/2015,0,0,0,50,34,38,,
USC00308721,"UPTON COOP NWSFO NEW YORK, NY US",4/1/2015,0.08,0,0,50,30,32,,
USC00308721,"UPTON COOP NWSFO NEW YORK, NY US",4/2/2015,0,0,0,48,23,31,,
USC00308721,"UPTON COOP NWSFO NEW YORK, NY US",4/3/2015,0.04,0,0,56,31,45,,
USC00308721,"UPTON COOP NWSFO NEW YORK, NY US",4/4/2015,0.07,0,0,52,45,46,,
USC00308721,"UPTON COOP NWSFO NEW YORK, NY US",4/5/2015,0,0,0,54,27,41,,
USC00308721,"UPTON COOP NWSFO NEW YORK, NY US",4/6/2015,0,0,0,54,31,37,,
USC00308721,"UPTON COOP NWSFO NEW YORK, NY US",4/7/2015,0.01,0,0,60,37,48,,
USC00308721,"UPTON COOP NWSFO NEW YORK, NY US",4/8/2015,0.14,0,0,49,38,40,,
USC00308721,"UPTON COOP NWSFO NEW YORK, NY US",4/9/2015,0.08,0,0,44,34,35,,
USC00308721,"UPTON COOP NWSFO NEW YORK, NY US",4/10/2015,0.14,0,0,43,35,38,,
USC00308721,"UPTON COOP NWSFO NEW YORK, NY US",4/11/2015,0,0,0,53,38,48,,
USC00308721,"UPTON COOP NWSFO NEW YORK, NY US",4/12/2015,0,0,0,58,29,40,,
USC00308721,"UPTON COOP NWSFO NEW YORK, NY US",4/13/2015,0,0,0,62,32,42,,
USC00308721,"UPTON COOP NWSFO NEW YORK, NY US",4/14/2015,0,0,0,64,42,54,,
USC00308721,"UPTON COOP NWSFO NEW YORK, NY US",4/15/2015,0.04,,,63,45,50,,
USC00308721,"UPTON COOP NWSFO NEW YORK, NY US",4/16/2015,0,0,0,68,37,47,,
USC00308721,"UPTON COOP NWSFO NEW YORK, NY US",4/17/2015,0.14,0,0,59,44,53,,
USC00308721,"UPTON COOP NWSFO NEW YORK, NY US",4/18/2015,0.01,0,0,62,43,49,,
USC00308721,"UPTON COOP NWSFO NEW YORK, NY US",4/19/2015,0,0,0,74,37,48,,
USC00308721,"UPTON COOP NWSFO NEW YORK, NY US",4/20/2015,0,0,0,57,43,49,,
USC00308721,"UPTON COOP NWSFO NEW YORK, NY US",4/21/2015,0.84,0,0,57,48,50,,
USC00308721,"UPTON COOP NWSFO NEW YORK, NY US",4/22/2015,0,0,0,65,36,49,,
USC00308721,"UPTON COOP NWSFO NEW YORK, NY US",4/23/2015,0.21,0,0,64,37,42,,
USC00308721,"UPTON COOP NWSFO NEW YORK, NY US",4/24/2015,0,0,0,50,35,40,,
USC00308721,"UPTON COOP NWSFO NEW YORK, NY US",4/25/2015,0,0,0,50,27,40,,
USC00308721,"UPTON COOP NWSFO NEW YORK, NY US",4/26/2015,0,0,0,56,31,45,,
USC00308721,"UPTON COOP NWSFO NEW YORK, NY US",4/27/2015,0,0,0,58,45,48,,
USC00308721,"UPTON COOP NWSFO NEW YORK, NY US",4/28/2015,0,0,0,61,44,49,,
USC00308721,"UPTON COOP NWSFO NEW YORK, NY US",4/29/2015,0,0,0,62,42,58,,
USC00308721,"UPTON COOP NWSFO NEW YORK, NY US",4/30/2015,0,0,0,72,41,51,,
USC00308721,"UPTON COOP NWSFO NEW YORK, NY US",5/1/2015,0,0,0,62,42,48,,
USC00308721,"UPTON COOP NWSFO NEW YORK, NY US",5/2/2015,0,0,0,59,33,45,,
USC00308721,"UPTON COOP NWSFO NEW YORK, NY US",5/3/2015,0,0,0,60,35,53,,
USC00308721,"UPTON COOP NWSFO NEW YORK, NY US",5/4/2015,0,0,0,67,44,55,,
USC00308721,"UPTON COOP NWSFO NEW YORK, NY US",5/5/2015,0,0,0,75,54,61,,
USC00308721,"UPTON COOP NWSFO NEW YORK, NY US",5/6/2015,0,0,0,78,56,58,,
USC00308721,"UPTON COOP NWSFO NEW YORK, NY US",5/7/2015,0,0,0,68,37,52,,
USC00308721,"UPTON COOP NWSFO NEW YORK, NY US",5/8/2015,0,0,0,76,52,55,,
USC00308721,"UPTON COOP NWSFO NEW YORK, NY US",5/9/2015,0,0,0,75,53,55,,
USC00308721,"UPTON COOP NWSFO NEW YORK, NY US",5/10/2015,0,0,0,66,54,60,,
USC00308721,"UPTON COOP NWSFO NEW YORK, NY US",5/11/2015,0,0,0,76,60,64,,
USC00308721,"UPTON COOP NWSFO NEW YORK, NY US",5/12/2015,0,0,0,77,63,67,,
USC00308721,"UPTON COOP NWSFO NEW YORK, NY US",5/13/2015,0,0,0,80,51,60,,
USC00308721,"UPTON COOP NWSFO NEW YORK, NY US",5/14/2015,0,0,0,67,44,54,,
USC00308721,"UPTON COOP NWSFO NEW YORK, NY US",5/15/2015,0,0,0,69,41,56,,
USC00308721,"UPTON COOP NWSFO NEW YORK, NY US",5/16/2015,0.03,0,0,71,54,56,,
USC00308721,"UPTON COOP NWSFO NEW YORK, NY US",5/17/2015,0.26,0,0,68,56,65,,
USC00308721,"UPTON COOP NWSFO NEW YORK, NY US",5/18/2015,0,0,0,82,56,56,,
USC00308721,"UPTON COOP NWSFO NEW YORK, NY US",5/19/2015,0.1,0,0,64,52,56,,
USC00308721,"UPTON COOP NWSFO NEW YORK, NY US",5/20/2015,0.02,0,0,70,50,56,,
USC00308721,"UPTON COOP NWSFO NEW YORK, NY US",5/21/2015,0,0,0,63,42,52,,
USC00308721,"UPTON COOP NWSFO NEW YORK, NY US",5/22/2015,0.09,0,0,62,47,54,,
USC00308721,"UPTON COOP NWSFO NEW YORK, NY US",5/23/2015,0,0,0,73,46,50,,
USC00308721,"UPTON COOP NWSFO NEW YORK, NY US",5/24/2015,0,0,0,63,48,60,,
USC00308721,"UPTON COOP NWSFO NEW YORK, NY US",5/25/2015,0,0,0,71,53,63,,
USC00308721,"UPTON COOP NWSFO NEW YORK, NY US",5/26/2015,0,0,0,76,59,64,,
USC00308721,"UPTON COOP NWSFO NEW YORK, NY US",5/27/2015,0,0,0,76,62,64,,
USC00308721,"UPTON COOP NWSFO NEW YORK, NY US",5/28/2015,0,0,0,73,61,63,,
USC00308721,"UPTON COOP NWSFO NEW YORK, NY US",5/29/2015,0,0,0,75,56,65,,
USC00308721,"UPTON COOP NWSFO NEW YORK, NY US",5/30/2015,0,0,0,80,58,69,,
USC00308721,"UPTON COOP NWSFO NEW YORK, NY US",5/31/2015,0,0,0,79,64,67,,
USC00308721,"UPTON COOP NWSFO NEW YORK, NY US",6/1/2015,0.22,0,0,79,53,54,,
USC00308721,"UPTON COOP NWSFO NEW YORK, NY US",6/2/2015,0.58,0,0,56,48,48,,
USC00308721,"UPTON COOP NWSFO NEW YORK, NY US",6/3/2015,0.36,0,0,52,47,50,,
USC00308721,"UPTON COOP NWSFO NEW YORK, NY US",6/4/2015,0,0,0,65,46,53,,
USC00308721,"UPTON COOP NWSFO NEW YORK, NY US",6/5/2015,0,0,0,65,46,56,,
USC00308721,"UPTON COOP NWSFO NEW YORK, NY US",6/6/2015,0,0,0,68,56,59,,
USC00308721,"UPTON COOP NWSFO NEW YORK, NY US",6/7/2015,0,0,0,74,45,58,,
USC00308721,"UPTON COOP NWSFO NEW YORK, NY US",6/8/2015,0,0,0,71,53,61,,
USC00308721,"UPTON COOP NWSFO NEW YORK, NY US",6/9/2015,0.02,0,0,71,61,67,,
USC00308721,"UPTON COOP NWSFO NEW YORK, NY US",6/10/2015,0.04,0,0,73,56,66,,
USC00308721,"UPTON COOP NWSFO NEW YORK, NY US",6/11/2015,0,0,0,78,64,70,,
USC00308721,"UPTON COOP NWSFO NEW YORK, NY US",6/12/2015,0,0,0,82,65,72,,
USC00308721,"UPTON COOP NWSFO NEW YORK, NY US",6/13/2015,0,0,0,83,68,77,,
USC00308721,"UPTON COOP NWSFO NEW YORK, NY US",6/14/2015,0,0,0,82,57,71,,
USC00308721,"UPTON COOP NWSFO NEW YORK, NY US",6/15/2015,1.02,0,0,84,62,62,,
USC00308721,"UPTON COOP NWSFO NEW YORK, NY US",6/16/2015,0.08,0,0,67,60,61,,
USC00308721,"UPTON COOP NWSFO NEW YORK, NY US",6/17/2015,0,0,0,72,61,68,,
USC00308721,"UPTON COOP NWSFO NEW YORK, NY US",6/18/2015,0,0,0,77,55,61,,
USC00308721,"UPTON COOP NWSFO NEW YORK, NY US",6/19/2015,0,0,0,71,61,68,,
USC00308721,"UPTON COOP NWSFO NEW YORK, NY US",6/20/2015,0,0,0,83,62,65,,
USC00308721,"UPTON COOP NWSFO NEW YORK, NY US",6/21/2015,0.86,0,0,72,65,70,,
USC00308721,"UPTON COOP NWSFO NEW YORK, NY US",6/22/2015,0.06,0,0,83,66,72,,
USC00308721,"UPTON COOP NWSFO NEW YORK, NY US",6/23/2015,0,0,0,84,66,74,,
USC00308721,"UPTON COOP NWSFO NEW YORK, NY US",6/24/2015,0.04,0,0,82,62,69,,
USC00308721,"UPTON COOP NWSFO NEW YORK, NY US",6/25/2015,0,0,0,81,56,67,,
USC00308721,"UPTON COOP NWSFO NEW YORK, NY US",6/26/2015,0,0,0,80,65,69,,
USC00308721,"UPTON COOP NWSFO NEW YORK, NY US",6/27/2015,0,0,0,76,53,64,,
USC00308721,"UPTON COOP NWSFO NEW YORK, NY US",6/28/2015,0.89,0,0,68,59,62,,
USC00308721,"UPTON COOP NWSFO NEW YORK, NY US",6/29/2015,0.03,0,0,67,57,65,,
USC00308721,"UPTON COOP NWSFO NEW YORK, NY US",6/30/2015,0,0,0,74,60,69,,
USC00308721,"UPTON COOP NWSFO NEW YORK, NY US",7/1/2015,0.22,0,0,79,68,69,,
USC00308721,"UPTON COOP NWSFO NEW YORK, NY US",7/2/2015,0,0,0,78,58,68,,
USC00308721,"UPTON COOP NWSFO NEW YORK, NY US",7/3/2015,0.03,0,0,77,58,64,,
USC00308721,"UPTON COOP NWSFO NEW YORK, NY US",7/4/2015,0,0,0,78,61,65,,
USC00308721,"UPTON COOP NWSFO NEW YORK, NY US",7/5/2015,0,0,0,75,58,67,,
USC00308721,"UPTON COOP NWSFO NEW YORK, NY US",7/6/2015,0,0,0,79,60,68,,
USC00308721,"UPTON COOP NWSFO NEW YORK, NY US",7/7/2015,0,0,0,80,68,74,,
USC00308721,"UPTON COOP NWSFO NEW YORK, NY US",7/8/2015,0.02,0,0,79,72,76,,
USC00308721,"UPTON COOP NWSFO NEW YORK, NY US",7/9/2015,0.02,0,0,85,67,70,,
USC00308721,"UPTON COOP NWSFO NEW YORK, NY US",7/10/2015,0.23,0,0,72,66,69,,
USC00308721,"UPTON COOP NWSFO NEW YORK, NY US",7/11/2015,0,0,0,80,61,70,,
USC00308721,"UPTON COOP NWSFO NEW YORK, NY US",7/12/2015,0,0,0,85,61,70,,
USC00308721,"UPTON COOP NWSFO NEW YORK, NY US",7/13/2015,0,0,0,85,66,70,,
USC00308721,"UPTON COOP NWSFO NEW YORK, NY US",7/14/2015,0.01,0,0,81,67,74,,
USC00308721,"UPTON COOP NWSFO NEW YORK, NY US",7/15/2015,0.49,0,0,80,71,73,,
USC00308721,"UPTON COOP NWSFO NEW YORK, NY US",7/16/2015,0,0,0,79,63,65,,
USC00308721,"UPTON COOP NWSFO NEW YORK, NY US",7/17/2015,0,0,0,74,52,64,,
USC00308721,"UPTON COOP NWSFO NEW YORK, NY US",7/18/2015,0,0,0,76,64,70,,
USC00308721,"UPTON COOP NWSFO NEW YORK, NY US",7/19/2015,0.04,0,0,77,69,75,,
USC00308721,"UPTON COOP NWSFO NEW YORK, NY US",7/20/2015,0,0,0,87,75,80,,
USC00308721,"UPTON COOP NWSFO NEW YORK, NY US",7/21/2015,0,0,0,92,70,75,,
USC00308721,"UPTON COOP NWSFO NEW YORK, NY US",7/22/2015,0,0,0,92,63,71,,
USC00308721,"UPTON COOP NWSFO NEW YORK, NY US",7/23/2015,0,0,0,82,58,69,,
USC00308721,"UPTON COOP NWSFO NEW YORK, NY US",7/24/2015,0,0,0,82,59,70,,
USC00308721,"UPTON COOP NWSFO NEW YORK, NY US",7/25/2015,0,0,0,82,56,70,,
USC00308721,"UPTON COOP NWSFO NEW YORK, NY US",7/26/2015,0,0,0,81,66,72,,
USC00308721,"UPTON COOP NWSFO NEW YORK, NY US",7/27/2015,0.01,0,0,82,71,74,,
USC00308721,"UPTON COOP NWSFO NEW YORK, NY US",7/28/2015,0,0,0,82,69,75,,
USC00308721,"UPTON COOP NWSFO NEW YORK, NY US",7/29/2015,0,0,0,87,67,74,,
USC00308721,"UPTON COOP NWSFO NEW YORK, NY US",7/30/2015,0.02,0,0,91,74,78,,
USC00308721,"UPTON COOP NWSFO NEW YORK, NY US",7/31/2015,0.25,0,0,84,69,73,,
USC00308721,"UPTON COOP NWSFO NEW YORK, NY US",8/1/2015,0,0,0,87,67,75,,
USC00308721,"UPTON COOP NWSFO NEW YORK, NY US",8/2/2015,0,0,0,87,58,69,,
USC00308721,"UPTON COOP NWSFO NEW YORK, NY US",8/3/2015,0,0,0,84,65,76,,
USC00308721,"UPTON COOP NWSFO NEW YORK, NY US",8/4/2015,0.2,0,0,86,66,69,,
USC00308721,"UPTON COOP NWSFO NEW YORK, NY US",8/5/2015,0,0,0,86,59,66,,
USC00308721,"UPTON COOP NWSFO NEW YORK, NY US",8/6/2015,0,0,0,86,56,68,,
USC00308721,"UPTON COOP NWSFO NEW YORK, NY US",8/7/2015,0,0,0,80,58,68,,
USC00308721,"UPTON COOP NWSFO NEW YORK, NY US",8/8/2015,0,0,0,80,59,68,,
USC00308721,"UPTON COOP NWSFO NEW YORK, NY US",8/9/2015,0,0,0,81,58,69,,
USC00308721,"UPTON COOP NWSFO NEW YORK, NY US",8/10/2015,0,0,0,80,54,65,,
USC00308721,"UPTON COOP NWSFO NEW YORK, NY US",8/11/2015,0.19,0,0,78,65,70,,
USC00308721,"UPTON COOP NWSFO NEW YORK, NY US",8/12/2015,0.77,0,0,73,65,70,,
USC00308721,"UPTON COOP NWSFO NEW YORK, NY US",8/13/2015,0,0,0,83,62,69,,
USC00308721,"UPTON COOP NWSFO NEW YORK, NY US",8/14/2015,0,0,0,81,55,68,,
USC00308721,"UPTON COOP NWSFO NEW YORK, NY US",8/15/2015,0,0,0,84,63,72,,
USC00308721,"UPTON COOP NWSFO NEW YORK, NY US",8/16/2015,0,0,0,87,67,72,,
USC00308721,"UPTON COOP NWSFO NEW YORK, NY US",8/17/2015,0,0,0,88,66,73,,
USC00308721,"UPTON COOP NWSFO NEW YORK, NY US",8/18/2015,0.01,0,0,88,71,75,,
USC00308721,"UPTON COOP NWSFO NEW YORK, NY US",8/19/2015,0,0,0,86,69,73,,
USC00308721,"UPTON COOP NWSFO NEW YORK, NY US",8/20/2015,0,0,0,83,68,76,,
USC00308721,"UPTON COOP NWSFO NEW YORK, NY US",8/21/2015,0.05,0,0,82,74,74,,
USC00308721,"UPTON COOP NWSFO NEW YORK, NY US",8/22/2015,0.23,0,0,79,61,65,,
USC00308721,"UPTON COOP NWSFO NEW YORK, NY US",8/23/2015,0,0,0,82,65,69,,
USC00308721,"UPTON COOP NWSFO NEW YORK, NY US",8/24/2015,0.06,0,0,79,67,70,,
USC00308721,"UPTON COOP NWSFO NEW YORK, NY US",8/25/2015,0,0,0,84,67,75,,
USC00308721,"UPTON COOP NWSFO NEW YORK, NY US",8/26/2015,0,0,0,84,62,69,,
USC00308721,"UPTON COOP NWSFO NEW YORK, NY US",8/27/2015,0,0,0,82,59,67,,
USC00308721,"UPTON COOP NWSFO NEW YORK, NY US",8/28/2015,0,0,0,81,60,66,,
USC00308721,"UPTON COOP NWSFO NEW YORK, NY US",8/29/2015,0,0,0,78,58,64,,
USC00308721,"UPTON COOP NWSFO NEW YORK, NY US",8/30/2015,0,0,0,83,64,71,,
USC00308721,"UPTON COOP NWSFO NEW YORK, NY US",8/31/2015,0,0,0,84,71,73,,
USC00308721,"UPTON COOP NWSFO NEW YORK, NY US",9/1/2015,0,0,0,87,68,74,,
USC00308721,"UPTON COOP NWSFO NEW YORK, NY US",9/2/2015,0,0,0,85,60,66,,
USC00308721,"UPTON COOP NWSFO NEW YORK, NY US",9/3/2015,0,0,0,85,65,70,,
USC00308721,"UPTON COOP NWSFO NEW YORK, NY US",9/4/2015,0,0,0,89,67,72,,
USC00308721,"UPTON COOP NWSFO NEW YORK, NY US",9/5/2015,0,0,0,81,57,63,,
USC00308721,"UPTON COOP NWSFO NEW YORK, NY US",9/6/2015,0,0,0,78,48,56,,
USC00308721,"UPTON COOP NWSFO NEW YORK, NY US",9/7/2015,0,0,0,81,56,68,,
USC00308721,"UPTON COOP NWSFO NEW YORK, NY US",9/8/2015,0,0,0,84,68,73,,
USC00308721,"UPTON COOP NWSFO NEW YORK, NY US",9/9/2015,0,0,0,90,73,76,,
USC00308721,"UPTON COOP NWSFO NEW YORK, NY US",9/10/2015,0.14,0,0,85,70,71,,
USC00308721,"UPTON COOP NWSFO NEW YORK, NY US",9/11/2015,0.94,0,0,75,62,63,,
USC00308721,"UPTON COOP NWSFO NEW YORK, NY US",9/12/2015,0,0,0,74,59,64,,
USC00308721,"UPTON COOP NWSFO NEW YORK, NY US",9/13/2015,0.47,0,0,79,64,67,,
USC00308721,"UPTON COOP NWSFO NEW YORK, NY US",9/14/2015,0.08,0,0,78,54,58,,
USC00308721,"UPTON COOP NWSFO NEW YORK, NY US",9/15/2015,0,0,0,73,51,59,,
USC00308721,"UPTON COOP NWSFO NEW YORK, NY US",9/16/2015,0,0,0,81,54,60,,
USC00308721,"UPTON COOP NWSFO NEW YORK, NY US",9/17/2015,0,0,0,83,54,57,,
USC00308721,"UPTON COOP NWSFO NEW YORK, NY US",9/18/2015,0,0,0,84,55,60,,
USC00308721,"UPTON COOP NWSFO NEW YORK, NY US",9/19/2015,0,0,0,81,57,61,,
USC00308721,"UPTON COOP NWSFO NEW YORK, NY US",9/20/2015,0,0,0,79,61,69,,
USC00308721,"UPTON COOP NWSFO NEW YORK, NY US",9/21/2015,0,0,0,76,56,59,,
USC00308721,"UPTON COOP NWSFO NEW YORK, NY US",9/22/2015,0,0,0,69,58,60,,
USC00308721,"UPTON COOP NWSFO NEW YORK, NY US",9/23/2015,0,0,0,72,51,55,,
USC00308721,"UPTON COOP NWSFO NEW YORK, NY US",9/24/2015,0,0,0,73,46,58,,
USC00308721,"UPTON COOP NWSFO NEW YORK, NY US",9/25/2015,0,0,0,78,52,57,,
USC00308721,"UPTON COOP NWSFO NEW YORK, NY US",9/26/2015,0,0,0,71,51,53,,
USC00308721,"UPTON COOP NWSFO NEW YORK, NY US",9/27/2015,0,0,0,68,45,53,,
USC00308721,"UPTON COOP NWSFO NEW YORK, NY US",9/28/2015,0,0,0,69,52,59,,
USC00308721,"UPTON COOP NWSFO NEW YORK, NY US",9/29/2015,0,0,0,79,59,68,,
USC00308721,"UPTON COOP NWSFO NEW YORK, NY US",9/30/2015,1.37,0,0,79,68,73,,
USC00308721,"UPTON COOP NWSFO NEW YORK, NY US",10/1/2015,0.3,0,0,73,55,56,,
USC00308721,"UPTON COOP NWSFO NEW YORK, NY US",10/2/2015,0.28,0,0,58,50,50,,
USC00308721,"UPTON COOP NWSFO NEW YORK, NY US",10/3/2015,2.16,0,0,50,48,50,,
USC00308721,"UPTON COOP NWSFO NEW YORK, NY US",10/4/2015,0.02,0,0,54,50,53,,
USC00308721,"UPTON COOP NWSFO NEW YORK, NY US",10/5/2015,0,0,0,62,51,53,,
USC00308721,"UPTON COOP NWSFO NEW YORK, NY US",10/6/2015,0,0,0,61,41,44,,
USC00308721,"UPTON COOP NWSFO NEW YORK, NY US",10/7/2015,0,0,0,68,44,54,,
USC00308721,"UPTON COOP NWSFO NEW YORK, NY US",10/8/2015,0,0,0,70,49,53,,
USC00308721,"UPTON COOP NWSFO NEW YORK, NY US",10/9/2015,0,0,0,68,46,61,,
USC00308721,"UPTON COOP NWSFO NEW YORK, NY US",10/10/2015,0.78,0,0,70,48,49,,
USC00308721,"UPTON COOP NWSFO NEW YORK, NY US",10/11/2015,0,0,0,60,35,37,,
USC00308721,"UPTON COOP NWSFO NEW YORK, NY US",10/12/2015,0,0,0,65,37,50,,
USC00308721,"UPTON COOP NWSFO NEW YORK, NY US",10/13/2015,0.03,0,0,73,50,56,,
USC00308721,"UPTON COOP NWSFO NEW YORK, NY US",10/14/2015,0,0,0,70,50,51,,
USC00308721,"UPTON COOP NWSFO NEW YORK, NY US",10/15/2015,0,0,0,68,41,41,,
USC00308721,"UPTON COOP NWSFO NEW YORK, NY US",10/16/2015,0,0,0,61,41,57,,
USC00308721,"UPTON COOP NWSFO NEW YORK, NY US",10/17/2015,0,0,0,63,40,43,,
USC00308721,"UPTON COOP NWSFO NEW YORK, NY US",10/18/2015,0,0,0,55,31,32,,
USC00308721,"UPTON COOP NWSFO NEW YORK, NY US",10/19/2015,0,0,0,47,27,28,,
USC00308721,"UPTON COOP NWSFO NEW YORK, NY US",10/20/2015,0,0,0,50,28,50,,
USC00308721,"UPTON COOP NWSFO NEW YORK, NY US",10/21/2015,0,0,0,64,47,47,,
USC00308721,"UPTON COOP NWSFO NEW YORK, NY US",10/22/2015,0,0,0,74,47,54,,
USC00308721,"UPTON COOP NWSFO NEW YORK, NY US",10/23/2015,0,0,0,68,48,50,,
USC00308721,"UPTON COOP NWSFO NEW YORK, NY US",10/24/2015,0,0,0,55,32,34,,
USC00308721,"UPTON COOP NWSFO NEW YORK, NY US",10/25/2015,0,0,0,58,34,56,,
USC00308721,"UPTON COOP NWSFO NEW YORK, NY US",10/26/2015,0.01,0,0,62,41,41,,
USC00308721,"UPTON COOP NWSFO NEW YORK, NY US",10/27/2015,0,0,0,54,28,32,,
USC00308721,"UPTON COOP NWSFO NEW YORK, NY US",10/28/2015,0,0,0,57,32,55,,
USC00308721,"UPTON COOP NWSFO NEW YORK, NY US",10/29/2015,1.02,0,0,67,55,61,,
USC00308721,"UPTON COOP NWSFO NEW YORK, NY US",10/30/2015,0,0,0,70,43,47,,
USC00308721,"UPTON COOP NWSFO NEW YORK, NY US",10/31/2015,0,0,0,60,30,32,,
USC00308721,"UPTON COOP NWSFO NEW YORK, NY US",11/1/2015,0,0,0,55,32,54,,
USC00308721,"UPTON COOP NWSFO NEW YORK, NY US",11/2/2015,0,0,0,61,46,47,,
USC00308721,"UPTON COOP NWSFO NEW YORK, NY US",11/3/2015,0,0,0,62,35,37,,
USC00308721,"UPTON COOP NWSFO NEW YORK, NY US",11/4/2015,0,0,0,69,37,39,,
USC00308721,"UPTON COOP NWSFO NEW YORK, NY US",11/5/2015,0,0,0,68,39,52,,
USC00308721,"UPTON COOP NWSFO NEW YORK, NY US",11/6/2015,0,0,0,68,52,62,,
USC00308721,"UPTON COOP NWSFO NEW YORK, NY US",11/7/2015,0,0,0,67,56,56,,
USC00308721,"UPTON COOP NWSFO NEW YORK, NY US",11/8/2015,0,0,0,63,41,41,,
USC00308721,"UPTON COOP NWSFO NEW YORK, NY US",11/9/2015,0,0,0,56,27,27,,
USC00308721,"UPTON COOP NWSFO NEW YORK, NY US",11/10/2015,0,0,0,60,27,51,,
USC00308721,"UPTON COOP NWSFO NEW YORK, NY US",11/11/2015,0.89,0,0,56,46,46,,
USC00308721,"UPTON COOP NWSFO NEW YORK, NY US",11/12/2015,0.07,0,0,49,45,48,,
USC00308721,"UPTON COOP NWSFO NEW YORK, NY US",11/13/2015,0.08,0,0,58,47,52,,
USC00308721,"UPTON COOP NWSFO NEW YORK, NY US",11/14/2015,0,0,0,60,41,41,,
USC00308721,"UPTON COOP NWSFO NEW YORK, NY US",11/15/2015,0,0,0,49,30,30,,
USC00308721,"UPTON COOP NWSFO NEW YORK, NY US",11/16/2015,0,0,0,55,30,36,,
USC00308721,"UPTON COOP NWSFO NEW YORK, NY US",11/17/2015,0,0,0,64,36,36,,
USC00308721,"UPTON COOP NWSFO NEW YORK, NY US",11/18/2015,0,0,0,49,27,36,,
USC00308721,"UPTON COOP NWSFO NEW YORK, NY US",11/19/2015,0,0,0,57,36,56,,
USC00308721,"UPTON COOP NWSFO NEW YORK, NY US",11/20/2015,1.12,0,0,61,52,52,,
USC00308721,"UPTON COOP NWSFO NEW YORK, NY US",11/21/2015,0,0,0,57,38,40,,
USC00308721,"UPTON COOP NWSFO NEW YORK, NY US",11/22/2015,0.17,0,0,52,40,51,,
USC00308721,"UPTON COOP NWSFO NEW YORK, NY US",11/23/2015,0,0,0,51,34,34,,
USC00308721,"UPTON COOP NWSFO NEW YORK, NY US",11/24/2015,0,0,0,43,23,24,,
USC00308721,"UPTON COOP NWSFO NEW YORK, NY US",11/25/2015,0,0,0,46,21,22,,
USC00308721,"UPTON COOP NWSFO NEW YORK, NY US",11/26/2015,0,0,0,50,22,27,,
USC00308721,"UPTON COOP NWSFO NEW YORK, NY US",11/27/2015,0,0,0,60,26,42,,
USC00308721,"UPTON COOP NWSFO NEW YORK, NY US",11/28/2015,0,0,0,64,41,49,,
USC00308721,"UPTON COOP NWSFO NEW YORK, NY US",11/29/2015,0.01,0,0,60,39,39,,
USC00308721,"UPTON COOP NWSFO NEW YORK, NY US",11/30/2015,0,0,0,46,30,34,,
USC00308721,"UPTON COOP NWSFO NEW YORK, NY US",12/1/2015,0.01,0,0,46,34,46,,
USC00308721,"UPTON COOP NWSFO NEW YORK, NY US",12/2/2015,0.21,0,0,49,43,44,,
USC00308721,"UPTON COOP NWSFO NEW YORK, NY US",12/3/2015,0.12,0,0,57,44,45,,
USC00308721,"UPTON COOP NWSFO NEW YORK, NY US",12/4/2015,0,0,0,50,29,29,,
USC00308721,"UPTON COOP NWSFO NEW YORK, NY US",12/5/2015,0,0,0,49,29,30,,
USC00308721,"UPTON COOP NWSFO NEW YORK, NY US",12/6/2015,0,0,0,51,24,25,,
USC00308721,"UPTON COOP NWSFO NEW YORK, NY US",12/7/2015,0,0,0,54,24,35,,
USC00308721,"UPTON COOP NWSFO NEW YORK, NY US",12/8/2015,0,0,0,55,31,42,,
USC00308721,"UPTON COOP NWSFO NEW YORK, NY US",12/9/2015,0,0,0,48,27,27,,
USC00308721,"UPTON COOP NWSFO NEW YORK, NY US",12/10/2015,0.01,0,0,53,27,50,,
USC00308721,"UPTON COOP NWSFO NEW YORK, NY US",12/11/2015,0,0,0,61,38,40,,
USC00308721,"UPTON COOP NWSFO NEW YORK, NY US",12/12/2015,0,0,0,59,40,45,,
USC00308721,"UPTON COOP NWSFO NEW YORK, NY US",12/13/2015,0,0,0,66,45,52,,
USC00308721,"UPTON COOP NWSFO NEW YORK, NY US",12/14/2015,0,0,0,63,51,51,,
USC00308721,"UPTON COOP NWSFO NEW YORK, NY US",12/15/2015,0.66,0,0,61,51,55,,
USC00308721,"UPTON COOP NWSFO NEW YORK, NY US",12/16/2015,0,0,0,60,41,42,,
USC00308721,"UPTON COOP NWSFO NEW YORK, NY US",12/17/2015,0.03,0,0,50,41,50,,
USC00308721,"UPTON COOP NWSFO NEW YORK, NY US",12/18/2015,1.02,0,0,57,50,51,,
USC00308721,"UPTON COOP NWSFO NEW YORK, NY US",12/19/2015,0.01,0,0,51,33,34,,
USC00308721,"UPTON COOP NWSFO NEW YORK, NY US",12/20/2015,0,0,0,40,31,31,,
USC00308721,"UPTON COOP NWSFO NEW YORK, NY US",12/21/2015,0,0,0,46,26,46,,
USC00308721,"UPTON COOP NWSFO NEW YORK, NY US",12/22/2015,0,0,0,54,45,52,,
USC00308721,"UPTON COOP NWSFO NEW YORK, NY US",12/23/2015,0.34,0,0,57,45,45,,
USC00308721,"UPTON COOP NWSFO NEW YORK, NY US",12/24/2015,1.47,0,0,63,44,59,,
USC00308721,"UPTON COOP NWSFO NEW YORK, NY US",12/25/2015,0,0,0,64,50,50,,
USC00308721,"UPTON COOP NWSFO NEW YORK, NY US",12/26/2015,0.04,0,0,64,50,50,,
USC00308721,"UPTON COOP NWSFO NEW YORK, NY US",12/27/2015,0.13,0,0,54,47,54,,
USC00308721,"UPTON COOP NWSFO NEW YORK, NY US",12/28/2015,0.03,0,0,59,36,36,,
USC00308721,"UPTON COOP NWSFO NEW YORK, NY US",12/29/2015,0.27,0,0,41,33,41,,
USC00308721,"UPTON COOP NWSFO NEW YORK, NY US",12/30/2015,0.38,0,0,47,36,37,,
USC00308721,"UPTON COOP NWSFO NEW YORK, NY US",12/31/2015,0.45,0,0,48,36,43,,
USC00308721,"UPTON COOP NWSFO NEW YORK, NY US",1/1/2016,0,0,0,48,36,38,,
USC00308721,"UPTON COOP NWSFO NEW YORK, NY US",1/2/2016,0,0,0,43,29,30,,
USC00308721,"UPTON COOP NWSFO NEW YORK, NY US",1/3/2016,0,0,0,40,26,33,,
USC00308721,"UPTON COOP NWSFO NEW YORK, NY US",1/4/2016,0,0,0,49,26,31,,
USC00308721,"UPTON COOP NWSFO NEW YORK, NY US",1/5/2016,0,0,0,31,13,13,,
USC00308721,"UPTON COOP NWSFO NEW YORK, NY US",1/6/2016,0,0,0,27,10,10,,
USC00308721,"UPTON COOP NWSFO NEW YORK, NY US",1/7/2016,0,0,0,42,10,15,,
USC00308721,"UPTON COOP NWSFO NEW YORK, NY US",1/8/2016,0,0,0,48,14,27,,
USC00308721,"UPTON COOP NWSFO NEW YORK, NY US",1/9/2016,0,0,0,45,26,38,,
USC00308721,"UPTON COOP NWSFO NEW YORK, NY US",1/10/2016,0.27,0,0,50,38,50,,
USC00308721,"UPTON COOP NWSFO NEW YORK, NY US",1/11/2016,0.77,0,0,59,31,31,,
USC00308721,"UPTON COOP NWSFO NEW YORK, NY US",1/12/2016,0,0,0,36,13,14,,
USC00308721,"UPTON COOP NWSFO NEW YORK, NY US",1/13/2016,0,0,0,43,13,22,,
USC00308721,"UPTON COOP NWSFO NEW YORK, NY US",1/14/2016,0,0,0,30,20,22,,
USC00308721,"UPTON COOP NWSFO NEW YORK, NY US",1/15/2016,0,0,0,36,22,28,,
USC00308721,"UPTON COOP NWSFO NEW YORK, NY US",1/16/2016,0.53,0,0,51,28,37,,
USC00308721,"UPTON COOP NWSFO NEW YORK, NY US",1/17/2016,0.02,0,0,48,31,31,,
USC00308721,"UPTON COOP NWSFO NEW YORK, NY US",1/18/2016,0.07,0.6,1,34,25,25,,
USC00308721,"UPTON COOP NWSFO NEW YORK, NY US",1/19/2016,0,0,0,28,16,18,,
USC00308721,"UPTON COOP NWSFO NEW YORK, NY US",1/20/2016,0,0,0,28,17,26,,
USC00308721,"UPTON COOP NWSFO NEW YORK, NY US",1/21/2016,0,0,0,38,17,25,,
USC00308721,"UPTON COOP NWSFO NEW YORK, NY US",1/22/2016,0,0,0,35,18,19,,
USC00308721,"UPTON COOP NWSFO NEW YORK, NY US",1/23/2016,0.16,2,2,29,19,27,0.9,
USC00308721,"UPTON COOP NWSFO NEW YORK, NY US",1/24/2016,1.36,16.1,14,30,21,21,,
USC00308721,"UPTON COOP NWSFO NEW YORK, NY US",1/25/2016,0,0,13,27,17,17,,
USC00308721,"UPTON COOP NWSFO NEW YORK, NY US",1/26/2016,0,0,13,39,17,38,,
USC00308721,"UPTON COOP NWSFO NEW YORK, NY US",1/27/2016,0.02,0,4,48,36,37,,
USC00308721,"UPTON COOP NWSFO NEW YORK, NY US",1/28/2016,0,0,3,48,17,17,,
USC00308721,"UPTON COOP NWSFO NEW YORK, NY US",1/29/2016,0,0,3,44,17,27,,
USC00308721,"UPTON COOP NWSFO NEW YORK, NY US",1/30/2016,0,0,2,42,25,26,,
USC00308721,"UPTON COOP NWSFO NEW YORK, NY US",1/31/2016,0,0,1,40,26,36,,
USC00308721,"UPTON COOP NWSFO NEW YORK, NY US",2/1/2016,0,0,0,50,35,43,,
USC00308721,"UPTON COOP NWSFO NEW YORK, NY US",2/2/2016,0.01,0,0,63,31,31,,
USC00308721,"UPTON COOP NWSFO NEW YORK, NY US",2/3/2016,0,0,0,49,28,42,,
USC00308721,"UPTON COOP NWSFO NEW YORK, NY US",2/4/2016,0.81,0,0,55,42,50,,
USC00308721,"UPTON COOP NWSFO NEW YORK, NY US",2/5/2016,0.48,0.9,1,53,31,31,,
USC00308721,"UPTON COOP NWSFO NEW YORK, NY US",2/6/2016,1.2,7,6,32,16,17,,
USC00308721,"UPTON COOP NWSFO NEW YORK, NY US",2/7/2016,0,0,5,36,16,20,,
USC00308721,"UPTON COOP NWSFO NEW YORK, NY US",2/8/2016,0.03,0.1,3,43,19,32,,
USC00308721,"UPTON COOP NWSFO NEW YORK, NY US",2/9/2016,0.52,5.3,7,32,23,23,,
USC00308721,"UPTON COOP NWSFO NEW YORK, NY US",2/10/2016,0.01,0.1,6,30,23,25,,
USC00308721,"UPTON COOP NWSFO NEW YORK, NY US",2/11/2016,0,0,5,38,22,22,,
USC00308721,"UPTON COOP NWSFO NEW YORK, NY US",2/12/2016,0,0,5,26,4,4,,
USC00308721,"UPTON COOP NWSFO NEW YORK, NY US",2/13/2016,0,0,4,26,4,20,,
USC00308721,"UPTON COOP NWSFO NEW YORK, NY US",2/14/2016,0,0,3,24,-4,-4,,
USC00308721,"UPTON COOP NWSFO NEW YORK, NY US",2/15/2016,0,0,3,12,-5,-4,,
USC00308721,"UPTON COOP NWSFO NEW YORK, NY US",2/16/2016,0.58,0.9,0,49,-4,47,,
USC00308721,"UPTON COOP NWSFO NEW YORK, NY US",2/17/2016,0.2,0,0,54,28,28,,
USC00308721,"UPTON COOP NWSFO NEW YORK, NY US",2/18/2016,0,0,0,39,26,29,,
USC00308721,"UPTON COOP NWSFO NEW YORK, NY US",2/19/2016,0,0,0,35,18,18,,
USC00308721,"UPTON COOP NWSFO NEW YORK, NY US",2/20/2016,0,0,0,43,18,42,,
USC00308721,"UPTON COOP NWSFO NEW YORK, NY US",2/21/2016,0,0,0,58,38,40,,
USC00308721,"UPTON COOP NWSFO NEW YORK, NY US",2/22/2016,0.12,0,0,54,31,32,,
USC00308721,"UPTON COOP NWSFO NEW YORK, NY US",2/23/2016,0,0,0,49,29,37,,
USC00308721,"UPTON COOP NWSFO NEW YORK, NY US",2/24/2016,0.37,0,0,40,34,40,,
USC00308721,"UPTON COOP NWSFO NEW YORK, NY US",2/25/2016,0.72,0,0,59,40,47,,
USC00308721,"UPTON COOP NWSFO NEW YORK, NY US",2/26/2016,0,0,0,53,31,31,,
USC00308721,"UPTON COOP NWSFO NEW YORK, NY US",2/27/2016,0,0,0,39,18,19,,
USC00308721,"UPTON COOP NWSFO NEW YORK, NY US",2/28/2016,0,0,0,37,19,35,,
USC00308721,"UPTON COOP NWSFO NEW YORK, NY US",2/29/2016,0,0,0,52,35,43,,
USC00308721,"UPTON COOP NWSFO NEW YORK, NY US",3/1/2016,0.01,0,0,52,37,37,,
USC00308721,"UPTON COOP NWSFO NEW YORK, NY US",3/2/2016,0.26,0,0,53,37,47,,
USC00308721,"UPTON COOP NWSFO NEW YORK, NY US",3/3/2016,0.03,0,0,48,23,24,,
USC00308721,"UPTON COOP NWSFO NEW YORK, NY US",3/4/2016,0.01,0.1,0,35,24,28,,
USC00308721,"UPTON COOP NWSFO NEW YORK, NY US",3/5/2016,0.1,0.9,1,32,25,25,,
USC00308721,"UPTON COOP NWSFO NEW YORK, NY US",3/6/2016,0,0,0,37,22,28,,
USC00308721,"UPTON COOP NWSFO NEW YORK, NY US",3/7/2016,0,0,0,42,23,31,,
USC00308721,"UPTON COOP NWSFO NEW YORK, NY US",3/8/2016,0,0,0,47,31,35,,
USC00308721,"UPTON COOP NWSFO NEW YORK, NY US",3/9/2016,0,0,0,59,35,43,,
USC00308721,"UPTON COOP NWSFO NEW YORK, NY US",3/10/2016,0,0,0,67,42,53,,
USC00308721,"UPTON COOP NWSFO NEW YORK, NY US",3/11/2016,0.03,0,0,75,52,52,,
USC00308721,"UPTON COOP NWSFO NEW YORK, NY US",3/12/2016,0,0,0,62,30,30,,
USC00308721,"UPTON COOP NWSFO NEW YORK, NY US",3/13/2016,0,0,0,53,30,42,,
USC00308721,"UPTON COOP NWSFO NEW YORK, NY US",3/14/2016,0,0,0,60,42,45,,
USC00308721,"UPTON COOP NWSFO NEW YORK, NY US",3/15/2016,1.51,0,0,45,39,44,,
USC00308721,"UPTON COOP NWSFO NEW YORK, NY US",3/16/2016,0.01,0,0,50,38,40,,
USC00308721,"UPTON COOP NWSFO NEW YORK, NY US",3/17/2016,0.05,0,0,61,36,39,,
USC00308721,"UPTON COOP NWSFO NEW YORK, NY US",3/18/2016,0.02,0,0,62,36,42,,
USC00308721,"UPTON COOP NWSFO NEW YORK, NY US",3/19/2016,0,0,0,58,31,35,,
USC00308721,"UPTON COOP NWSFO NEW YORK, NY US",3/20/2016,0,0,0,43,29,31,,
USC00308721,"UPTON COOP NWSFO NEW YORK, NY US",3/21/2016,0.21,1.7,1,40,30,30,,
USC00308721,"UPTON COOP NWSFO NEW YORK, NY US",3/22/2016,0,0,0,48,30,34,,
USC00308721,"UPTON COOP NWSFO NEW YORK, NY US",3/23/2016,0,0,0,49,34,46,,
USC00308721,"UPTON COOP NWSFO NEW YORK, NY US",3/24/2016,0,0,0,68,40,42,,
USC00308721,"UPTON COOP NWSFO NEW YORK, NY US",3/25/2016,0,0,0,53,41,52,,
USC00308721,"UPTON COOP NWSFO NEW YORK, NY US",3/26/2016,0.01,0,0,58,34,35,,
USC00308721,"UPTON COOP NWSFO NEW YORK, NY US",3/27/2016,0,0,0,50,33,38,,
USC00308721,"UPTON COOP NWSFO NEW YORK, NY US",3/28/2016,0.71,0,0,50,37,43,,
USC00308721,"UPTON COOP NWSFO NEW YORK, NY US",3/29/2016,0.42,0,0,55,41,43,,
USC00308721,"UPTON COOP NWSFO NEW YORK, NY US",3/30/2016,0,0,0,53,26,32,,
USC00308721,"UPTON COOP NWSFO NEW YORK, NY US",3/31/2016,0,0,0,52,32,52,,
USC00308721,"UPTON COOP NWSFO NEW YORK, NY US",4/1/2016,0.01,0,0,65,52,54,,
USC00308721,"UPTON COOP NWSFO NEW YORK, NY US",4/2/2016,0.05,0,0,60,46,46,,
USC00308721,"UPTON COOP NWSFO NEW YORK, NY US",4/3/2016,0.72,0.1,0,48,32,33,,
USC00308721,"UPTON COOP NWSFO NEW YORK, NY US",4/4/2016,0,0,0,40,30,38,,
USC00308721,"UPTON COOP NWSFO NEW YORK, NY US",4/5/2016,0.49,0,0,46,25,25,,
USC00308721,"UPTON COOP NWSFO NEW YORK, NY US",4/6/2016,0,0,0,38,17,24,,
USC00308721,"UPTON COOP NWSFO NEW YORK, NY US",4/7/2016,0,0,0,52,24,50,,
USC00308721,"UPTON COOP NWSFO NEW YORK, NY US",4/8/2016,0.3,0,0,55,38,44,,
USC00308721,"UPTON COOP NWSFO NEW YORK, NY US",4/9/2016,0,0,0,51,24,29,,
USC00308721,"UPTON COOP NWSFO NEW YORK, NY US",4/10/2016,0.07,0,0,45,29,33,,
USC00308721,"UPTON COOP NWSFO NEW YORK, NY US",4/11/2016,0.02,0,0,46,33,46,,
USC00308721,"UPTON COOP NWSFO NEW YORK, NY US",4/12/2016,0,0,0,57,46,53,,
USC00308721,"UPTON COOP NWSFO NEW YORK, NY US",4/13/2016,0.29,0,0,53,29,40,,
USC00308721,"UPTON COOP NWSFO NEW YORK, NY US",4/14/2016,0,0,0,54,26,33,,
USC00308721,"UPTON COOP NWSFO NEW YORK, NY US",4/15/2016,0,0,0,58,28,42,,
USC00308721,"UPTON COOP NWSFO NEW YORK, NY US",4/16/2016,0,0,0,59,27,45,,
USC00308721,"UPTON COOP NWSFO NEW YORK, NY US",4/17/2016,0,0,0,62,30,43,,
USC00308721,"UPTON COOP NWSFO NEW YORK, NY US",4/18/2016,0,0,0,68,33,44,,
USC00308721,"UPTON COOP NWSFO NEW YORK, NY US",4/19/2016,0,0,0,76,40,49,,
USC00308721,"UPTON COOP NWSFO NEW YORK, NY US",4/20/2016,0,0,0,65,48,51,,
USC00308721,"UPTON COOP NWSFO NEW YORK, NY US",4/21/2016,0,0,0,62,37,52,,
USC00308721,"UPTON COOP NWSFO NEW YORK, NY US",4/22/2016,0,0,0,64,51,58,,
USC00308721,"UPTON COOP NWSFO NEW YORK, NY US",4/23/2016,0.26,0,0,71,58,59,,
USC00308721,"UPTON COOP NWSFO NEW YORK, NY US",4/24/2016,0,0,0,66,41,48,,
USC00308721,"UPTON COOP NWSFO NEW YORK, NY US",4/25/2016,0,0,0,61,38,49,,
USC00308721,"UPTON COOP NWSFO NEW YORK, NY US",4/26/2016,0.42,0,0,62,47,50,,
USC00308721,"UPTON COOP NWSFO NEW YORK, NY US",4/27/2016,0.01,0,0,55,37,42,,
USC00308721,"UPTON COOP NWSFO NEW YORK, NY US",4/28/2016,0,0,0,55,39,49,,
USC00308721,"UPTON COOP NWSFO NEW YORK, NY US",4/29/2016,0,0,0,57,44,48,,
USC00308721,"UPTON COOP NWSFO NEW YORK, NY US",4/30/2016,0.06,0,0,56,41,48,,
USC00308721,"UPTON COOP NWSFO NEW YORK, NY US",5/1/2016,0,0,0,61,39,46,,
USC00308721,"UPTON COOP NWSFO NEW YORK, NY US",5/2/2016,0.19,0,0,48,41,46,,
USC00308721,"UPTON COOP NWSFO NEW YORK, NY US",5/3/2016,0.38,0,0,58,46,50,,
USC00308721,"UPTON COOP NWSFO NEW YORK, NY US",5/4/2016,0.09,0,0,52,46,47,,
USC00308721,"UPTON COOP NWSFO NEW YORK, NY US",5/5/2016,0.66,0,0,49,44,45,,
USC00308721,"UPTON COOP NWSFO NEW YORK, NY US",5/6/2016,0.61,0,0,50,45,46,,
USC00308721,"UPTON COOP NWSFO NEW YORK, NY US",5/7/2016,0.16,0,0,51,45,47,,
USC00308721,"UPTON COOP NWSFO NEW YORK, NY US",5/8/2016,0.07,0,0,54,43,46,,
USC00308721,"UPTON COOP NWSFO NEW YORK, NY US",5/9/2016,0.05,0,0,64,41,53,,
USC00308721,"UPTON COOP NWSFO NEW YORK, NY US",5/10/2016,0,0,0,70,40,52,,
USC00308721,"UPTON COOP NWSFO NEW YORK, NY US",5/11/2016,0,0,0,66,35,52,,
USC00308721,"UPTON COOP NWSFO NEW YORK, NY US",5/12/2016,0,0,0,73,39,59,,
USC00308721,"UPTON COOP NWSFO NEW YORK, NY US",5/13/2016,0,0,0,75,49,60,,
USC00308721,"UPTON COOP NWSFO NEW YORK, NY US",5/14/2016,,0,0,68,52,59,,
USC00308721,"UPTON COOP NWSFO NEW YORK, NY US",5/15/2016,0,0,0,72,47,50,,
USC00308721,"UPTON COOP NWSFO NEW YORK, NY US",5/16/2016,0,0,0,60,40,46,,
USC00308721,"UPTON COOP NWSFO NEW YORK, NY US",5/17/2016,0,0,0,63,44,57,,
USC00308721,"UPTON COOP NWSFO NEW YORK, NY US",5/18/2016,0,0,0,67,46,57,,
USC00308721,"UPTON COOP NWSFO NEW YORK, NY US",5/19/2016,0.01,0,0,66,48,54,,
USC00308721,"UPTON COOP NWSFO NEW YORK, NY US",5/20/2016,0,0,0,65,40,51,,
USC00308721,"UPTON COOP NWSFO NEW YORK, NY US",5/21/2016,0,0,0,73,42,55,,
USC00308721,"UPTON COOP NWSFO NEW YORK, NY US",5/22/2016,0.08,0,0,65,51,51,,
USC00308721,"UPTON COOP NWSFO NEW YORK, NY US",5/23/2016,0.05,0,0,69,44,56,,
USC00308721,"UPTON COOP NWSFO NEW YORK, NY US",5/24/2016,0.4,0,0,76,54,57,,
USC00308721,"UPTON COOP NWSFO NEW YORK, NY US",5/25/2016,0.02,0,0,64,48,61,,
USC00308721,"UPTON COOP NWSFO NEW YORK, NY US",5/26/2016,0,0,0,86,55,67,,
USC00308721,"UPTON COOP NWSFO NEW YORK, NY US",5/27/2016,0,0,0,85,57,65,,
USC00308721,"UPTON COOP NWSFO NEW YORK, NY US",5/28/2016,0,0,0,78,64,70,,
USC00308721,"UPTON COOP NWSFO NEW YORK, NY US",5/29/2016,0,0,0,79,63,70,,
USC00308721,"UPTON COOP NWSFO NEW YORK, NY US",5/30/2016,0.47,0,0,81,64,68,,
USC00308721,"UPTON COOP NWSFO NEW YORK, NY US",5/31/2016,0.11,0,0,70,65,67,,
USC00308721,"UPTON COOP NWSFO NEW YORK, NY US",6/1/2016,0,0,0,78,57,68,,
USC00308721,"UPTON COOP NWSFO NEW YORK, NY US",6/2/2016,0,0,0,82,53,63,,
USC00308721,"UPTON COOP NWSFO NEW YORK, NY US",6/3/2016,0,0,0,72,59,60,,
USC00308721,"UPTON COOP NWSFO NEW YORK, NY US",6/4/2016,0,0,0,67,59,65,,
USC00308721,"UPTON COOP NWSFO NEW YORK, NY US",6/5/2016,0,0,0,80,62,63,,
USC00308721,"UPTON COOP NWSFO NEW YORK, NY US",6/6/2016,0.35,0,0,69,63,69,,
USC00308721,"UPTON COOP NWSFO NEW YORK, NY US",6/7/2016,0,0,0,81,66,72,,
USC00308721,"UPTON COOP NWSFO NEW YORK, NY US",6/8/2016,0,0,0,81,58,62,,
USC00308721,"UPTON COOP NWSFO NEW YORK, NY US",6/9/2016,0.38,0,0,71,52,57,,
USC00308721,"UPTON COOP NWSFO NEW YORK, NY US",6/10/2016,0,0,0,70,47,60,,
USC00308721,"UPTON COOP NWSFO NEW YORK, NY US",6/11/2016,0,0,0,74,44,57,,
USC00308721,"UPTON COOP NWSFO NEW YORK, NY US",6/12/2016,0.18,0,0,76,57,76,,
USC00308721,"UPTON COOP NWSFO NEW YORK, NY US",6/13/2016,0,0,0,84,54,59,,
USC00308721,"UPTON COOP NWSFO NEW YORK, NY US",6/14/2016,0,0,0,74,55,61,,
USC00308721,"UPTON COOP NWSFO NEW YORK, NY US",6/15/2016,0,0,0,77,51,65,,
USC00308721,"UPTON COOP NWSFO NEW YORK, NY US",6/16/2016,0,0,0,81,61,64,,
USC00308721,"UPTON COOP NWSFO NEW YORK, NY US",6/17/2016,0.01,0,0,75,56,64,,
USC00308721,"UPTON COOP NWSFO NEW YORK, NY US",6/18/2016,0,0,0,76,47,64,,
USC00308721,"UPTON COOP NWSFO NEW YORK, NY US",6/19/2016,0,0,0,82,52,66,,
USC00308721,"UPTON COOP NWSFO NEW YORK, NY US",6/20/2016,0,0,0,75,55,66,,
USC00308721,"UPTON COOP NWSFO NEW YORK, NY US",6/21/2016,0.02,0,0,75,64,68,,
USC00308721,"UPTON COOP NWSFO NEW YORK, NY US",6/22/2016,0,0,0,84,56,65,,
USC00308721,"UPTON COOP NWSFO NEW YORK, NY US",6/23/2016,0,0,0,86,54,66,,
USC00308721,"UPTON COOP NWSFO NEW YORK, NY US",6/24/2016,0,0,0,80,59,68,,
USC00308721,"UPTON COOP NWSFO NEW YORK, NY US",6/25/2016,0,0,0,81,55,66,,
USC00308721,"UPTON COOP NWSFO NEW YORK, NY US",6/26/2016,0,0,0,80,50,68,,
USC00308721,"UPTON COOP NWSFO NEW YORK, NY US",6/27/2016,0,0,0,77,57,69,,
USC00308721,"UPTON COOP NWSFO NEW YORK, NY US",6/28/2016,0.1,0,0,78,67,67,,
USC00308721,"UPTON COOP NWSFO NEW YORK, NY US",6/29/2016,0.15,0,0,75,64,69,,
USC00308721,"UPTON COOP NWSFO NEW YORK, NY US",6/30/2016,0,0,0,82,61,70,,
USC00308721,"UPTON COOP NWSFO NEW YORK, NY US",7/1/2016,0,0,0,82,62,71,,
USC00308721,"UPTON COOP NWSFO NEW YORK, NY US",7/2/2016,0.32,0,0,76,64,67,,
USC00308721,"UPTON COOP NWSFO NEW YORK, NY US",7/3/2016,0,0,0,76,56,70,,
USC00308721,"UPTON COOP NWSFO NEW YORK, NY US",7/4/2016,0,0,0,78,59,68,,
USC00308721,"UPTON COOP NWSFO NEW YORK, NY US",7/5/2016,1.6,0,0,82,66,71,,
USC00308721,"UPTON COOP NWSFO NEW YORK, NY US",7/6/2016,0.09,0,0,82,68,77,,
USC00308721,"UPTON COOP NWSFO NEW YORK, NY US",7/7/2016,0,0,0,87,70,77,,
USC00308721,"UPTON COOP NWSFO NEW YORK, NY US",7/8/2016,0,0,0,87,68,73,,
USC00308721,"UPTON COOP NWSFO NEW YORK, NY US",7/9/2016,0,0,0,76,62,63,,
USC00308721,"UPTON COOP NWSFO NEW YORK, NY US",7/10/2016,0.02,0,0,69,63,64,,
USC00308721,"UPTON COOP NWSFO NEW YORK, NY US",7/11/2016,0,0,0,77,63,67,,
USC00308721,"UPTON COOP NWSFO NEW YORK, NY US",7/12/2016,0,0,0,76,55,68,,
USC00308721,"UPTON COOP NWSFO NEW YORK, NY US",7/13/2016,0,0,0,80,66,73,,
USC00308721,"UPTON COOP NWSFO NEW YORK, NY US",7/14/2016,0,0,0,81,70,74,,
USC00308721,"UPTON COOP NWSFO NEW YORK, NY US",7/15/2016,0,0,0,83,72,83,,
USC00308721,"UPTON COOP NWSFO NEW YORK, NY US",7/16/2016,0,0,0,91,67,77,,
USC00308721,"UPTON COOP NWSFO NEW YORK, NY US",7/17/2016,0,0,0,89,70,76,,
USC00308721,"UPTON COOP NWSFO NEW YORK, NY US",7/18/2016,0,0,0,88,68,78,,
USC00308721,"UPTON COOP NWSFO NEW YORK, NY US",7/19/2016,0,0,0,90,68,74,,
USC00308721,"UPTON COOP NWSFO NEW YORK, NY US",7/20/2016,0,0,0,84,57,70,,
USC00308721,"UPTON COOP NWSFO NEW YORK, NY US",7/21/2016,0,0,0,81,59,70,,
USC00308721,"UPTON COOP NWSFO NEW YORK, NY US",7/22/2016,0,0,0,85,70,75,,
USC00308721,"UPTON COOP NWSFO NEW YORK, NY US",7/23/2016,0,0,0,87,72,81,,
USC00308721,"UPTON COOP NWSFO NEW YORK, NY US",7/24/2016,0,0,0,94,64,73,,
USC00308721,"UPTON COOP NWSFO NEW YORK, NY US",7/25/2016,0,0,0,89,69,76,,
USC00308721,"UPTON COOP NWSFO NEW YORK, NY US",7/26/2016,0.19,0,0,86,69,75,,
USC00308721,"UPTON COOP NWSFO NEW YORK, NY US",7/27/2016,0,0,0,89,64,75,,
USC00308721,"UPTON COOP NWSFO NEW YORK, NY US",7/28/2016,0,0,0,88,68,73,,
USC00308721,"UPTON COOP NWSFO NEW YORK, NY US",7/29/2016,0.22,0,0,89,69,69,,
USC00308721,"UPTON COOP NWSFO NEW YORK, NY US",7/30/2016,0.68,0,0,79,64,72,,
USC00308721,"UPTON COOP NWSFO NEW YORK, NY US",7/31/2016,0.04,0,0,84,71,73,,
USC00308721,"UPTON COOP NWSFO NEW YORK, NY US",8/1/2016,0,0,0,81,66,70,,
USC00308721,"UPTON COOP NWSFO NEW YORK, NY US",8/2/2016,0.17,0,0,80,65,66,,
USC00308721,"UPTON COOP NWSFO NEW YORK, NY US",8/3/2016,0.02,0,0,73,56,67,,
USC00308721,"UPTON COOP NWSFO NEW YORK, NY US",8/4/2016,0,0,0,80,52,65,,
USC00308721,"UPTON COOP NWSFO NEW YORK, NY US",8/5/2016,0,0,0,81,53,64,,
USC00308721,"UPTON COOP NWSFO NEW YORK, NY US",8/6/2016,0,0,0,81,64,75,,
USC00308721,"UPTON COOP NWSFO NEW YORK, NY US",8/7/2016,0,0,0,84,65,73,,
USC00308721,"UPTON COOP NWSFO NEW YORK, NY US",8/8/2016,0,0,0,88,62,73,,
USC00308721,"UPTON COOP NWSFO NEW YORK, NY US",8/9/2016,0,0,0,83,59,72,,
USC00308721,"UPTON COOP NWSFO NEW YORK, NY US",8/10/2016,0.03,0,0,87,67,75,,
USC00308721,"UPTON COOP NWSFO NEW YORK, NY US",8/11/2016,0,0,0,87,75,79,,
USC00308721,"UPTON COOP NWSFO NEW YORK, NY US",8/12/2016,0.01,0,0,91,73,79,,
USC00308721,"UPTON COOP NWSFO NEW YORK, NY US",8/13/2016,0,0,0,90,75,81,,
USC00308721,"UPTON COOP NWSFO NEW YORK, NY US",8/14/2016,0,0,0,93,76,82,,
USC00308721,"UPTON COOP NWSFO NEW YORK, NY US",8/15/2016,0.02,0,0,97,72,77,,
USC00308721,"UPTON COOP NWSFO NEW YORK, NY US",8/16/2016,0,0,0,91,71,76,,
USC00308721,"UPTON COOP NWSFO NEW YORK, NY US",8/17/2016,0,0,0,87,76,79,,
USC00308721,"UPTON COOP NWSFO NEW YORK, NY US",8/18/2016,0,0,0,86,69,71,,
USC00308721,"UPTON COOP NWSFO NEW YORK, NY US",8/19/2016,0,0,0,83,65,74,,
USC00308721,"UPTON COOP NWSFO NEW YORK, NY US",8/20/2016,0,0,0,85,65,67,,
USC00308721,"UPTON COOP NWSFO NEW YORK, NY US",8/21/2016,0.6,0,0,81,67,74,,
USC00308721,"UPTON COOP NWSFO NEW YORK, NY US",8/22/2016,0.73,0,0,82,64,68,,
USC00308721,"UPTON COOP NWSFO NEW YORK, NY US",8/23/2016,0,0,0,79,53,62,,
USC00308721,"UPTON COOP NWSFO NEW YORK, NY US",8/24/2016,0,0,0,79,57,65,,
USC00308721,"UPTON COOP NWSFO NEW YORK, NY US",8/25/2016,0,0,0,84,62,71,,
USC00308721,"UPTON COOP NWSFO NEW YORK, NY US",8/26/2016,0,0,0,80,71,75,,
USC00308721,"UPTON COOP NWSFO NEW YORK, NY US",8/27/2016,0,0,0,91,64,70,,
USC00308721,"UPTON COOP NWSFO NEW YORK, NY US",8/28/2016,0,0,0,87,60,69,,
USC00308721,"UPTON COOP NWSFO NEW YORK, NY US",8/29/2016,0,0,0,85,67,74,,
USC00308721,"UPTON COOP NWSFO NEW YORK, NY US",8/30/2016,0,0,0,88,59,68,,
USC00308721,"UPTON COOP NWSFO NEW YORK, NY US",8/31/2016,0,0,0,80,64,72,,
USC00308721,"UPTON COOP NWSFO NEW YORK, NY US",9/1/2016,0.17,0,0,84,70,71,,
USC00308721,"UPTON COOP NWSFO NEW YORK, NY US",9/2/2016,0.18,0,0,73,61,66,,
USC00308721,"UPTON COOP NWSFO NEW YORK, NY US",9/3/2016,0,0,0,78,60,64,,
USC00308721,"UPTON COOP NWSFO NEW YORK, NY US",9/4/2016,0,0,0,71,60,65,,
USC00308721,"UPTON COOP NWSFO NEW YORK, NY US",9/5/2016,0,0,0,76,62,64,,
USC00308721,"UPTON COOP NWSFO NEW YORK, NY US",9/6/2016,0.03,0,0,74,64,67,,
USC00308721,"UPTON COOP NWSFO NEW YORK, NY US",9/7/2016,0.21,0,0,71,66,70,,
USC00308721,"UPTON COOP NWSFO NEW YORK, NY US",9/8/2016,0,0,0,78,65,69,,
USC00308721,"UPTON COOP NWSFO NEW YORK, NY US",9/9/2016,0,0,0,84,69,79,,
USC00308721,"UPTON COOP NWSFO NEW YORK, NY US",9/10/2016,0,0,0,91,70,73,,
USC00308721,"UPTON COOP NWSFO NEW YORK, NY US",9/11/2016,0,0,0,85,73,74,,
USC00308721,"UPTON COOP NWSFO NEW YORK, NY US",9/12/2016,0,0,0,84,53,62,,
USC00308721,"UPTON COOP NWSFO NEW YORK, NY US",9/13/2016,0,0,0,76,47,54,,
USC00308721,"UPTON COOP NWSFO NEW YORK, NY US",9/14/2016,0,0,0,78,54,71,,
USC00308721,"UPTON COOP NWSFO NEW YORK, NY US",9/15/2016,0.13,0,0,83,58,62,,
USC00308721,"UPTON COOP NWSFO NEW YORK, NY US",9/16/2016,0,0,0,71,45,50,,
USC00308721,"UPTON COOP NWSFO NEW YORK, NY US",9/17/2016,0,0,0,72,41,46,,
USC00308721,"UPTON COOP NWSFO NEW YORK, NY US",9/18/2016,0,0,0,74,46,72,,
USC00308721,"UPTON COOP NWSFO NEW YORK, NY US",9/19/2016,0.06,0,0,81,68,71,,
USC00308721,"UPTON COOP NWSFO NEW YORK, NY US",9/20/2016,1.76,0,0,71,67,69,,
USC00308721,"UPTON COOP NWSFO NEW YORK, NY US",9/21/2016,0,0,0,78,61,66,,
USC00308721,"UPTON COOP NWSFO NEW YORK, NY US",9/22/2016,0,0,0,79,55,59,,
USC00308721,"UPTON COOP NWSFO NEW YORK, NY US",9/23/2016,0,0,0,82,49,56,,
USC00308721,"UPTON COOP NWSFO NEW YORK, NY US",9/24/2016,0.18,0,0,81,56,56,,
USC00308721,"UPTON COOP NWSFO NEW YORK, NY US",9/25/2016,0,0,0,67,47,50,,
USC00308721,"UPTON COOP NWSFO NEW YORK, NY US",9/26/2016,0,0,0,66,39,46,,
USC00308721,"UPTON COOP NWSFO NEW YORK, NY US",9/27/2016,0.28,0,0,68,46,64,,
USC00308721,"UPTON COOP NWSFO NEW YORK, NY US",9/28/2016,0,0,0,70,52,61,,
USC00308721,"UPTON COOP NWSFO NEW YORK, NY US",9/29/2016,0.03,0,0,64,57,59,,
USC00308721,"UPTON COOP NWSFO NEW YORK, NY US",9/30/2016,0,0,0,61,58,59,,
USC00308721,"UPTON COOP NWSFO NEW YORK, NY US",10/1/2016,0.49,0,0,61,56,59,,
USC00308721,"UPTON COOP NWSFO NEW YORK, NY US",10/2/2016,0.03,0,0,61,56,56,,
USC00308721,"UPTON COOP NWSFO NEW YORK, NY US",10/3/2016,0,0,0,62,55,56,,
USC00308721,"UPTON COOP NWSFO NEW YORK, NY US",10/4/2016,0,0,0,70,56,59,,
USC00308721,"UPTON COOP NWSFO NEW YORK, NY US",10/5/2016,0,0,0,67,50,54,,
USC00308721,"UPTON COOP NWSFO NEW YORK, NY US",10/6/2016,0,0,0,65,42,45,,
USC00308721,"UPTON COOP NWSFO NEW YORK, NY US",10/7/2016,0,0,0,70,42,45,,
USC00308721,"UPTON COOP NWSFO NEW YORK, NY US",10/8/2016,0,0,0,74,44,52,,
USC00308721,"UPTON COOP NWSFO NEW YORK, NY US",10/9/2016,0.68,0,0,68,52,55,,
USC00308721,"UPTON COOP NWSFO NEW YORK, NY US",10/10/2016,0.8,0,0,56,47,48,,
USC00308721,"UPTON COOP NWSFO NEW YORK, NY US",10/11/2016,0,0,0,59,35,38,,
USC00308721,"UPTON COOP NWSFO NEW YORK, NY US",10/12/2016,0,0,0,63,38,41,,
USC00308721,"UPTON COOP NWSFO NEW YORK, NY US",10/13/2016,0,0,0,65,41,47,,
USC00308721,"UPTON COOP NWSFO NEW YORK, NY US",10/14/2016,0,0,0,65,41,47,,
USC00308721,"UPTON COOP NWSFO NEW YORK, NY US",10/15/2016,0,0,0,59,33,37,,
USC00308721,"UPTON COOP NWSFO NEW YORK, NY US",10/16/2016,0,0,0,63,35,37,,
USC00308721,"UPTON COOP NWSFO NEW YORK, NY US",10/17/2016,0,0,0,66,37,59,,
USC00308721,"UPTON COOP NWSFO NEW YORK, NY US",10/18/2016,0,0,0,76,59,63,,
USC00308721,"UPTON COOP NWSFO NEW YORK, NY US",10/19/2016,0,0,0,75,63,65,,
USC00308721,"UPTON COOP NWSFO NEW YORK, NY US",10/20/2016,0,0,0,81,51,56,,
USC00308721,"UPTON COOP NWSFO NEW YORK, NY US",10/21/2016,0,0,0,71,56,67,,
USC00308721,"UPTON COOP NWSFO NEW YORK, NY US",10/22/2016,0.04,0,0,75,52,52,,
USC00308721,"UPTON COOP NWSFO NEW YORK, NY US",10/23/2016,0.35,0,0,52,44,45,,
USC00308721,"UPTON COOP NWSFO NEW YORK, NY US",10/24/2016,0.02,0,0,60,44,49,,
USC00308721,"UPTON COOP NWSFO NEW YORK, NY US",10/25/2016,0,0,0,62,37,40,,
USC00308721,"UPTON COOP NWSFO NEW YORK, NY US",10/26/2016,0,0,0,52,39,39,,
USC00308721,"UPTON COOP NWSFO NEW YORK, NY US",10/27/2016,0,0,0,50,33,38,,
USC00308721,"UPTON COOP NWSFO NEW YORK, NY US",10/28/2016,0.73,0,0,59,38,45,,
USC00308721,"UPTON COOP NWSFO NEW YORK, NY US",10/29/2016,0,0,0,49,34,37,,
USC00308721,"UPTON COOP NWSFO NEW YORK, NY US",10/30/2016,0,0,0,60,37,56,,
USC00308721,"UPTON COOP NWSFO NEW YORK, NY US",10/31/2016,0.6,0,0,74,44,44,,
USC00308721,"UPTON COOP NWSFO NEW YORK, NY US",11/1/2016,0,0,0,52,30,31,,
USC00308721,"UPTON COOP NWSFO NEW YORK, NY US",11/2/2016,0,0,0,58,31,47,,
USC00308721,"UPTON COOP NWSFO NEW YORK, NY US",11/3/2016,0,0,0,66,47,52,,
USC00308721,"UPTON COOP NWSFO NEW YORK, NY US",11/4/2016,0,0,0,70,48,49,,
USC00308721,"UPTON COOP NWSFO NEW YORK, NY US",11/5/2016,0,0,0,59,31,32,,
USC00308721,"UPTON COOP NWSFO NEW YORK, NY US",11/6/2016,0,0,0,59,32,50,,
USC00308721,"UPTON COOP NWSFO NEW YORK, NY US",11/7/2016,0,0,0,56,39,40,,
USC00308721,"UPTON COOP NWSFO NEW YORK, NY US",11/8/2016,0,0,0,49,29,35,,
USC00308721,"UPTON COOP NWSFO NEW YORK, NY US",11/9/2016,0,0,0,65,35,39,,
USC00308721,"UPTON COOP NWSFO NEW YORK, NY US",11/10/2016,0.03,0,0,56,39,39,,
USC00308721,"UPTON COOP NWSFO NEW YORK, NY US",11/11/2016,0,0,0,53,39,48,,
USC00308721,"UPTON COOP NWSFO NEW YORK, NY US",11/12/2016,0,0,0,62,35,35,,
USC00308721,"UPTON COOP NWSFO NEW YORK, NY US",11/13/2016,0,0,0,47,32,34,,
USC00308721,"UPTON COOP NWSFO NEW YORK, NY US",11/14/2016,0,0,0,60,28,28,,
USC00308721,"UPTON COOP NWSFO NEW YORK, NY US",11/15/2016,0.05,0,0,62,27,49,,
USC00308721,"UPTON COOP NWSFO NEW YORK, NY US",11/16/2016,0.44,0,0,60,43,43,,
USC00308721,"UPTON COOP NWSFO NEW YORK, NY US",11/17/2016,0,0,0,59,35,40,,
USC00308721,"UPTON COOP NWSFO NEW YORK, NY US",11/18/2016,0,0,0,58,39,39,,
USC00308721,"UPTON COOP NWSFO NEW YORK, NY US",11/19/2016,0,0,0,60,31,31,,
USC00308721,"UPTON COOP NWSFO NEW YORK, NY US",11/20/2016,0.41,0,0,59,31,37,,
USC00308721,"UPTON COOP NWSFO NEW YORK, NY US",11/21/2016,0,0,0,42,31,32,,
USC00308721,"UPTON COOP NWSFO NEW YORK, NY US",11/22/2016,0,0,0,38,32,34,0,
USC00308721,"UPTON COOP NWSFO NEW YORK, NY US",11/23/2016,0,0,0,43,32,32,,
USC00308721,"UPTON COOP NWSFO NEW YORK, NY US",11/24/2016,0,0,0,43,32,35,,
USC00308721,"UPTON COOP NWSFO NEW YORK, NY US",11/25/2016,0.07,0,0,49,35,43,,
USC00308721,"UPTON COOP NWSFO NEW YORK, NY US",11/26/2016,0,0,0,58,43,44,,
USC00308721,"UPTON COOP NWSFO NEW YORK, NY US",11/27/2016,0,0,0,58,36,36,,
USC00308721,"UPTON COOP NWSFO NEW YORK, NY US",11/28/2016,0,0,0,49,26,26,,
USC00308721,"UPTON COOP NWSFO NEW YORK, NY US",11/29/2016,0,0,0,51,25,51,,
USC00308721,"UPTON COOP NWSFO NEW YORK, NY US",11/30/2016,1.72,0,0,58,46,46,,
USC00308721,"UPTON COOP NWSFO NEW YORK, NY US",12/1/2016,0.5,0,0,59,46,50,,
USC00308721,"UPTON COOP NWSFO NEW YORK, NY US",12/2/2016,0,0,0,57,36,36,0,
USC00308721,"UPTON COOP NWSFO NEW YORK, NY US",12/3/2016,0,0,0,51,36,39,,
USC00308721,"UPTON COOP NWSFO NEW YORK, NY US",12/4/2016,0,0,0,48,31,31,,
USC00308721,"UPTON COOP NWSFO NEW YORK, NY US",12/5/2016,0.07,0,0,43,29,36,,
USC00308721,"UPTON COOP NWSFO NEW YORK, NY US",12/6/2016,0.05,0,0,48,27,28,,
USC00308721,"UPTON COOP NWSFO NEW YORK, NY US",12/7/2016,0.32,0,0,45,26,39,,
USC00308721,"UPTON COOP NWSFO NEW YORK, NY US",12/8/2016,0,0,0,44,29,29,,
USC00308721,"UPTON COOP NWSFO NEW YORK, NY US",12/9/2016,0,0,0,43,29,32,,
USC00308721,"UPTON COOP NWSFO NEW YORK, NY US",12/10/2016,0,0,0,40,19,19,,
USC00308721,"UPTON COOP NWSFO NEW YORK, NY US",12/11/2016,0,0,0,36,18,19,,
USC00308721,"UPTON COOP NWSFO NEW YORK, NY US",12/12/2016,0.64,0.3,0,46,19,45,,
USC00308721,"UPTON COOP NWSFO NEW YORK, NY US",12/13/2016,0.14,0,0,47,31,31,,
USC00308721,"UPTON COOP NWSFO NEW YORK, NY US",12/14/2016,0,0,0,44,30,31,,
USC00308721,"UPTON COOP NWSFO NEW YORK, NY US",12/15/2016,0,0,0,43,27,27,,
USC00308721,"UPTON COOP NWSFO NEW YORK, NY US",12/16/2016,0,0,0,28,17,17,,
USC00308721,"UPTON COOP NWSFO NEW YORK, NY US",12/17/2016,,2.1,2,28,17,24,,
USC00308721,"UPTON COOP NWSFO NEW YORK, NY US",12/18/2016,0.61,1.7,0,53,24,53,,
USC00308721,"UPTON COOP NWSFO NEW YORK, NY US",12/19/2016,0,0,0,54,23,23,,
USC00308721,"UPTON COOP NWSFO NEW YORK, NY US",12/20/2016,0,0,0,29,19,23,,
USC00308721,"UPTON COOP NWSFO NEW YORK, NY US",12/21/2016,0,0,0,36,23,23,,
USC00308721,"UPTON COOP NWSFO NEW YORK, NY US",12/22/2016,0,0,0,38,23,29,,
USC00308721,"UPTON COOP NWSFO NEW YORK, NY US",12/23/2016,0,0,0,50,25,27,,
USC00308721,"UPTON COOP NWSFO NEW YORK, NY US",12/24/2016,0,0,0,46,26,43,,
USC00308721,"UPTON COOP NWSFO NEW YORK, NY US",12/25/2016,0.68,0,0,44,27,27,,
USC00308721,"UPTON COOP NWSFO NEW YORK, NY US",12/26/2016,0,0,0,47,26,26,,
USC00308721,"UPTON COOP NWSFO NEW YORK, NY US",12/27/2016,0,0,0,52,26,51,,
USC00308721,"UPTON COOP NWSFO NEW YORK, NY US",12/28/2016,0,0,0,61,26,37,,
USC00308721,"UPTON COOP NWSFO NEW YORK, NY US",12/29/2016,0,0,0,41,22,27,,
USC00308721,"UPTON COOP NWSFO NEW YORK, NY US",12/30/2016,0.68,0,0,44,27,32,,
USC00308721,"UPTON COOP NWSFO NEW YORK, NY US",12/31/2016,0,0,0,42,26,29,,
USC00308721,"UPTON COOP NWSFO NEW YORK, NY US",1/1/2017,0.03,0,0,44,28,38,,
USC00308721,"UPTON COOP NWSFO NEW YORK, NY US",1/2/2017,0,0,0,48,25,29,,
USC00308721,"UPTON COOP NWSFO NEW YORK, NY US",1/3/2017,0.46,0,0,41,29,40,,
USC00308721,"UPTON COOP NWSFO NEW YORK, NY US",1/4/2017,0.51,0,0,44,40,40,,
USC00308721,"UPTON COOP NWSFO NEW YORK, NY US",1/5/2017,0,0,0,50,26,26,,
USC00308721,"UPTON COOP NWSFO NEW YORK, NY US",1/6/2017,0.07,1.8,2,31,26,26,,
USC00308721,"UPTON COOP NWSFO NEW YORK, NY US",1/7/2017,0,0.2,0,32,22,23,,
USC00308721,"UPTON COOP NWSFO NEW YORK, NY US",1/8/2017,0.6,10.6,10,24,14,14,0.6,
USC00308721,"UPTON COOP NWSFO NEW YORK, NY US",1/9/2017,0,0,8,22,2,2,,
USC00308721,"UPTON COOP NWSFO NEW YORK, NY US",1/10/2017,0,0,6,21,-2,1,0.4,
USC00308721,"UPTON COOP NWSFO NEW YORK, NY US",1/11/2017,0.23,0,0,48,1,44,,
USC00308721,"UPTON COOP NWSFO NEW YORK, NY US",1/12/2017,0.51,0,0,50,40,48,,
USC00308721,"UPTON COOP NWSFO NEW YORK, NY US",1/13/2017,0,0,0,56,47,47,,
USC00308721,"UPTON COOP NWSFO NEW YORK, NY US",1/14/2017,0,0,0,48,25,25,,
USC00308721,"UPTON COOP NWSFO NEW YORK, NY US",1/15/2017,0.12,1.7,1,33,23,25,,
USC00308721,"UPTON COOP NWSFO NEW YORK, NY US",1/16/2017,0,0,0,38,16,16,,
USC00308721,"UPTON COOP NWSFO NEW YORK, NY US",1/17/2017,0,0,0,41,16,31,,
USC00308721,"UPTON COOP NWSFO NEW YORK, NY US",1/18/2017,0.55,0,0,41,31,39,,
USC00308721,"UPTON COOP NWSFO NEW YORK, NY US",1/19/2017,0,0,0,39,31,31,,
USC00308721,"UPTON COOP NWSFO NEW YORK, NY US",1/20/2017,0,0,0,48,30,37,,
USC00308721,"UPTON COOP NWSFO NEW YORK, NY US",1/21/2017,0.06,0,0,42,36,41,,
USC00308721,"UPTON COOP NWSFO NEW YORK, NY US",1/22/2017,0,0,0,47,40,41,,
USC00308721,"UPTON COOP NWSFO NEW YORK, NY US",1/23/2017,0,0,0,52,38,38,,
USC00308721,"UPTON COOP NWSFO NEW YORK, NY US",1/24/2017,1.42,0,0,39,36,39,,
USC00308721,"UPTON COOP NWSFO NEW YORK, NY US",1/25/2017,0.25,0,0,40,33,33,,
USC00308721,"UPTON COOP NWSFO NEW YORK, NY US",1/26/2017,0,0,0,47,33,43,,
USC00308721,"UPTON COOP NWSFO NEW YORK, NY US",1/27/2017,0.07,0,0,48,37,38,,
USC00308721,"UPTON COOP NWSFO NEW YORK, NY US",1/28/2017,0,0,0,42,31,31,,
USC00308721,"UPTON COOP NWSFO NEW YORK, NY US",1/29/2017,0,0,0,41,24,26,,
USC00308721,"UPTON COOP NWSFO NEW YORK, NY US",1/30/2017,0,0,0,45,23,28,,
USC00308721,"UPTON COOP NWSFO NEW YORK, NY US",1/31/2017,0,0,0,36,19,20,,
USC00308721,"UPTON COOP NWSFO NEW YORK, NY US",2/1/2017,0.09,1.8,1,33,20,33,,
USC00308721,"UPTON COOP NWSFO NEW YORK, NY US",2/2/2017,0,0,0,44,26,29,,
USC00308721,"UPTON COOP NWSFO NEW YORK, NY US",2/3/2017,0,0,0,43,21,21,,
USC00308721,"UPTON COOP NWSFO NEW YORK, NY US",2/4/2017,0,0,0,33,20,21,,
USC00308721,"UPTON COOP NWSFO NEW YORK, NY US",2/5/2017,0,0,0,33,20,32,,
USC00308721,"UPTON COOP NWSFO NEW YORK, NY US",2/6/2017,0,0,0,41,32,34,,
USC00308721,"UPTON COOP NWSFO NEW YORK, NY US",2/7/2017,0,0,0,43,28,34,,
USC00308721,"UPTON COOP NWSFO NEW YORK, NY US",2/8/2017,0.07,0,0,48,34,47,,
USC00308721,"UPTON COOP NWSFO NEW YORK, NY US",2/9/2017,0.22,1.8,2,60,31,31,,
USC00308721,"UPTON COOP NWSFO NEW YORK, NY US",2/10/2017,1.6,11.7,9,31,12,13,1.6,
USC00308721,"UPTON COOP NWSFO NEW YORK, NY US",2/11/2017,0,0,9,35,13,35,,
USC00308721,"UPTON COOP NWSFO NEW YORK, NY US",2/12/2017,0,0,6,42,28,28,,
USC00308721,"UPTON COOP NWSFO NEW YORK, NY US",2/13/2017,0.52,0.5,6,38,27,33,,
USC00308721,"UPTON COOP NWSFO NEW YORK, NY US",2/14/2017,0,0,5,38,22,22,,
USC00308721,"UPTON COOP NWSFO NEW YORK, NY US",2/15/2017,0,0,5,36,21,30,,
USC00308721,"UPTON COOP NWSFO NEW YORK, NY US",2/16/2017,0.02,0,5,48,28,28,,
USC00308721,"UPTON COOP NWSFO NEW YORK, NY US",2/17/2017,0,0,4,37,24,25,,
USC00308721,"UPTON COOP NWSFO NEW YORK, NY US",2/18/2017,0,0,3,39,22,23,,
USC00308721,"UPTON COOP NWSFO NEW YORK, NY US",2/19/2017,0,0,1,50,22,41,,
USC00308721,"UPTON COOP NWSFO NEW YORK, NY US",2/20/2017,0,0,0,63,36,39,,
USC00308721,"UPTON COOP NWSFO NEW YORK, NY US",2/21/2017,0,0,0,50,22,22,,
USC00308721,"UPTON COOP NWSFO NEW YORK, NY US",2/22/2017,0,0,0,45,22,40,,
USC00308721,"UPTON COOP NWSFO NEW YORK, NY US",2/23/2017,0,0,0,50,34,37,,
USC00308721,"UPTON COOP NWSFO NEW YORK, NY US",2/24/2017,0,0,0,53,37,47,,
USC00308721,"UPTON COOP NWSFO NEW YORK, NY US",2/25/2017,0,0,0,65,47,50,,
USC00308721,"UPTON COOP NWSFO NEW YORK, NY US",2/26/2017,0.17,0,0,65,34,35,,
USC00308721,"UPTON COOP NWSFO NEW YORK, NY US",2/27/2017,0,0,0,42,23,30,,
USC00308721,"UPTON COOP NWSFO NEW YORK, NY US",2/28/2017,0,0,0,49,30,41,,
USC00308721,"UPTON COOP NWSFO NEW YORK, NY US",3/1/2017,0.05,0,0,59,41,51,,
USC00308721,"UPTON COOP NWSFO NEW YORK, NY US",3/2/2017,0,0,0,56,47,48,,
USC00308721,"UPTON COOP NWSFO NEW YORK, NY US",3/3/2017,0,0,0,56,27,28,,
USC00308721,"UPTON COOP NWSFO NEW YORK, NY US",3/4/2017,0,0,0,38,18,18,,
USC00308721,"UPTON COOP NWSFO NEW YORK, NY US",3/5/2017,0,0,0,29,12,14,,
USC00308721,"UPTON COOP NWSFO NEW YORK, NY US",3/6/2017,0,0,0,32,13,17,,
USC00308721,"UPTON COOP NWSFO NEW YORK, NY US",3/7/2017,0,0,0,44,17,42,,
USC00308721,"UPTON COOP NWSFO NEW YORK, NY US",3/8/2017,0.22,0,0,50,41,48,,
USC00308721,"UPTON COOP NWSFO NEW YORK, NY US",3/9/2017,0.01,0,0,57,43,47,,
USC00308721,"UPTON COOP NWSFO NEW YORK, NY US",3/10/2017,0,0,0,59,34,34,,
USC00308721,"UPTON COOP NWSFO NEW YORK, NY US",3/11/2017,0.47,4.9,4,34,14,16,,
USC00308721,"UPTON COOP NWSFO NEW YORK, NY US",3/12/2017,0,0,1,25,15,16,,
USC00308721,"UPTON COOP NWSFO NEW YORK, NY US",3/13/2017,0,0,0,28,15,17,,
USC00308721,"UPTON COOP NWSFO NEW YORK, NY US",3/14/2017,0.53,2.9,3,32,17,32,,
USC00308721,"UPTON COOP NWSFO NEW YORK, NY US",3/15/2017,2.16,0.1,1,39,19,20,,
USC00308721,"UPTON COOP NWSFO NEW YORK, NY US",3/16/2017,0,0,1,27,20,24,,
USC00308721,"UPTON COOP NWSFO NEW YORK, NY US",3/17/2017,0,0,0,36,23,27,,
USC00308721,"UPTON COOP NWSFO NEW YORK, NY US",3/18/2017,0,0,0,43,22,24,,
USC00308721,"UPTON COOP NWSFO NEW YORK, NY US",3/19/2017,0,0,0,41,24,33,,
USC00308721,"UPTON COOP NWSFO NEW YORK, NY US",3/20/2017,0,0,0,42,26,32,,
USC00308721,"UPTON COOP NWSFO NEW YORK, NY US",3/21/2017,0,0,0,51,32,37,,
USC00308721,"UPTON COOP NWSFO NEW YORK, NY US",3/22/2017,0,0,0,55,33,38,,
USC00308721,"UPTON COOP NWSFO NEW YORK, NY US",3/23/2017,0,0,0,40,20,24,,
USC00308721,"UPTON COOP NWSFO NEW YORK, NY US",3/24/2017,0,0,0,39,22,35,,
USC00308721,"UPTON COOP NWSFO NEW YORK, NY US",3/25/2017,0,0,0,47,35,44,,
USC00308721,"UPTON COOP NWSFO NEW YORK, NY US",3/26/2017,0.04,0,0,58,35,36,,
USC00308721,"UPTON COOP NWSFO NEW YORK, NY US",3/27/2017,0.12,0,0,42,35,41,,
USC00308721,"UPTON COOP NWSFO NEW YORK, NY US",3/28/2017,0.22,0,0,54,39,42,,
USC00308721,"UPTON COOP NWSFO NEW YORK, NY US",3/29/2017,1.07,0,0,46,39,41,,
USC00308721,"UPTON COOP NWSFO NEW YORK, NY US",3/30/2017,0,0,0,54,28,34,,
USC00308721,"UPTON COOP NWSFO NEW YORK, NY US",3/31/2017,0.24,0,0,49,34,36,,
USC00308721,"UPTON COOP NWSFO NEW YORK, NY US",4/1/2017,1.44,0,0,38,36,36,,
USC00308721,"UPTON COOP NWSFO NEW YORK, NY US",4/2/2017,0,0,0,41,34,40,,
USC00308721,"UPTON COOP NWSFO NEW YORK, NY US",4/3/2017,0,0,0,59,29,33,,
USC00308721,"UPTON COOP NWSFO NEW YORK, NY US",4/4/2017,1.36,0,0,58,33,49,,
USC00308721,"UPTON COOP NWSFO NEW YORK, NY US",4/5/2017,0.05,0,0,51,40,41,,
USC00308721,"UPTON COOP NWSFO NEW YORK, NY US",4/6/2017,0.15,0,0,57,38,38,,
USC00308721,"UPTON COOP NWSFO NEW YORK, NY US",4/7/2017,0.75,0,0,56,38,46,,
USC00308721,"UPTON COOP NWSFO NEW YORK, NY US",4/8/2017,0,0,0,49,37,40,,
USC00308721,"UPTON COOP NWSFO NEW YORK, NY US",4/9/2017,0,0,0,53,28,36,,
USC00308721,"UPTON COOP NWSFO NEW YORK, NY US",4/10/2017,0,0,0,60,36,49,,
USC00308721,"UPTON COOP NWSFO NEW YORK, NY US",4/11/2017,0,0,0,63,48,51,,
USC00308721,"UPTON COOP NWSFO NEW YORK, NY US",4/12/2017,0,0,0,69,44,50,,
USC00308721,"UPTON COOP NWSFO NEW YORK, NY US",4/13/2017,0,0,0,76,41,48,,
USC00308721,"UPTON COOP NWSFO NEW YORK, NY US",4/14/2017,0,0,0,60,34,45,,
USC00308721,"UPTON COOP NWSFO NEW YORK, NY US",4/15/2017,0,0,0,62,31,46,,
USC00308721,"UPTON COOP NWSFO NEW YORK, NY US",4/16/2017,0,0,0,60,46,59,,
USC00308721,"UPTON COOP NWSFO NEW YORK, NY US",4/17/2017,0,0,0,83,59,66,,
USC00308721,"UPTON COOP NWSFO NEW YORK, NY US",4/18/2017,0,0,0,74,46,51,,
USC00308721,"UPTON COOP NWSFO NEW YORK, NY US",4/19/2017,0,0,0,59,36,43,,
USC00308721,"UPTON COOP NWSFO NEW YORK, NY US",4/20/2017,0.15,0,0,49,43,47,,
USC00308721,"UPTON COOP NWSFO NEW YORK, NY US",4/21/2017,0.31,0,0,62,46,47,,
USC00308721,"UPTON COOP NWSFO NEW YORK, NY US",4/22/2017,0.13,0,0,53,45,47,,
USC00308721,"UPTON COOP NWSFO NEW YORK, NY US",4/23/2017,0.08,0,0,50,41,46,,
USC00308721,"UPTON COOP NWSFO NEW YORK, NY US",4/24/2017,0,0,0,60,33,43,,
USC00308721,"UPTON COOP NWSFO NEW YORK, NY US",4/25/2017,0.04,0,0,60,43,50,,
USC00308721,"UPTON COOP NWSFO NEW YORK, NY US",4/26/2017,1.3,0,0,57,50,51,,
USC00308721,"UPTON COOP NWSFO NEW YORK, NY US",4/27/2017,0.18,0,0,62,50,57,,
USC00308721,"UPTON COOP NWSFO NEW YORK, NY US",4/28/2017,0.01,0,0,65,55,56,,
USC00308721,"UPTON COOP NWSFO NEW YORK, NY US",4/29/2017,0.05,0,0,77,56,59,,
USC00308721,"UPTON COOP NWSFO NEW YORK, NY US",4/30/2017,0,0,0,82,54,56,,
USC00308721,"UPTON COOP NWSFO NEW YORK, NY US",5/1/2017,0.02,0,0,63,46,49,,
USC00308721,"UPTON COOP NWSFO NEW YORK, NY US",5/2/2017,0.28,0,0,68,49,60,,
USC00308721,"UPTON COOP NWSFO NEW YORK, NY US",5/3/2017,0,0,0,76,53,60,,
USC00308721,"UPTON COOP NWSFO NEW YORK, NY US",5/4/2017,0,0,0,66,35,49,,
USC00308721,"UPTON COOP NWSFO NEW YORK, NY US",5/5/2017,0.01,0,0,61,48,51,,
USC00308721,"UPTON COOP NWSFO NEW YORK, NY US",5/6/2017,0.95,0,0,59,51,57,,
USC00308721,"UPTON COOP NWSFO NEW YORK, NY US",5/7/2017,0.03,0,0,63,49,53,,
USC00308721,"UPTON COOP NWSFO NEW YORK, NY US",5/8/2017,0,0,0,59,39,48,,
USC00308721,"UPTON COOP NWSFO NEW YORK, NY US",5/9/2017,0,0,0,56,40,49,,
USC00308721,"UPTON COOP NWSFO NEW YORK, NY US",5/10/2017,0,0,0,59,40,51,,
USC00308721,"UPTON COOP NWSFO NEW YORK, NY US",5/11/2017,0,0,0,60,42,52,,
USC00308721,"UPTON COOP NWSFO NEW YORK, NY US",5/12/2017,0,0,0,61,42,51,,
USC00308721,"UPTON COOP NWSFO NEW YORK, NY US",5/13/2017,0,0,0,62,47,48,,
USC00308721,"UPTON COOP NWSFO NEW YORK, NY US",5/14/2017,1.6,0,0,50,42,44,,
USC00308721,"UPTON COOP NWSFO NEW YORK, NY US",5/15/2017,0,0,0,65,43,56,,
USC00308721,"UPTON COOP NWSFO NEW YORK, NY US",5/16/2017,0,0,0,65,49,60,,
USC00308721,"UPTON COOP NWSFO NEW YORK, NY US",5/17/2017,0,0,0,75,53,64,,
USC00308721,"UPTON COOP NWSFO NEW YORK, NY US",5/18/2017,0,0,0,77,62,73,,
USC00308721,"UPTON COOP NWSFO NEW YORK, NY US",5/19/2017,0,0,0,88,64,75,,
USC00308721,"UPTON COOP NWSFO NEW YORK, NY US",5/20/2017,0.05,0,0,90,56,57,,
USC00308721,"UPTON COOP NWSFO NEW YORK, NY US",5/21/2017,0,0,0,63,37,54,,
USC00308721,"UPTON COOP NWSFO NEW YORK, NY US",5/22/2017,0.02,0,0,66,50,52,,
USC00308721,"UPTON COOP NWSFO NEW YORK, NY US",5/23/2017,0.52,0,0,59,52,56,,
USC00308721,"UPTON COOP NWSFO NEW YORK, NY US",5/24/2017,0.11,0,0,67,53,55,,
USC00308721,"UPTON COOP NWSFO NEW YORK, NY US",5/25/2017,0.13,0,0,67,54,54,,
USC00308721,"UPTON COOP NWSFO NEW YORK, NY US",5/26/2017,0.73,0,0,59,51,52,,
USC00308721,"UPTON COOP NWSFO NEW YORK, NY US",5/27/2017,0,0,0,73,51,58,,
USC00308721,"UPTON COOP NWSFO NEW YORK, NY US",5/28/2017,0,0,0,68,55,59,,
USC00308721,"UPTON COOP NWSFO NEW YORK, NY US",5/29/2017,0.08,0,0,67,54,54,,
USC00308721,"UPTON COOP NWSFO NEW YORK, NY US",5/30/2017,0.04,0,0,58,51,53,,
USC00308721,"UPTON COOP NWSFO NEW YORK, NY US",5/31/2017,0,0,0,62,53,58,,
USC00308721,"UPTON COOP NWSFO NEW YORK, NY US",6/1/2017,0.08,0,0,71,54,57,,
USC00308721,"UPTON COOP NWSFO NEW YORK, NY US",6/2/2017,0,0,0,76,47,59,,
USC00308721,"UPTON COOP NWSFO NEW YORK, NY US",6/3/2017,0.12,0,0,69,44,51,,
USC00308721,"UPTON COOP NWSFO NEW YORK, NY US",6/4/2017,0,0,0,70,47,56,,
USC00308721,"UPTON COOP NWSFO NEW YORK, NY US",6/5/2017,0.21,0,0,71,55,59,,
USC00308721,"UPTON COOP NWSFO NEW YORK, NY US",6/6/2017,0,0,0,63,53,53,,
USC00308721,"UPTON COOP NWSFO NEW YORK, NY US",6/7/2017,0.17,0,0,54,49,53,,
USC00308721,"UPTON COOP NWSFO NEW YORK, NY US",6/8/2017,0,0,0,67,42,55,,
USC00308721,"UPTON COOP NWSFO NEW YORK, NY US",6/9/2017,0,0,0,68,52,57,,
USC00308721,"UPTON COOP NWSFO NEW YORK, NY US",6/10/2017,0,0,0,79,53,68,,
USC00308721,"UPTON COOP NWSFO NEW YORK, NY US",6/11/2017,0,0,0,84,62,74,,
USC00308721,"UPTON COOP NWSFO NEW YORK, NY US",6/12/2017,0,0,0,84,65,76,,
USC00308721,"UPTON COOP NWSFO NEW YORK, NY US",6/13/2017,0,0,0,91,67,79,,
USC00308721,"UPTON COOP NWSFO NEW YORK, NY US",6/14/2017,0.68,0,0,93,65,66,,
USC00308721,"UPTON COOP NWSFO NEW YORK, NY US",6/15/2017,0,0,0,79,50,63,,
USC00308721,"UPTON COOP NWSFO NEW YORK, NY US",6/16/2017,0,0,0,72,59,63,,
USC00308721,"UPTON COOP NWSFO NEW YORK, NY US",6/17/2017,0.98,0,0,65,60,65,,
USC00308721,"UPTON COOP NWSFO NEW YORK, NY US",6/18/2017,0.01,0,0,70,65,68,,
USC00308721,"UPTON COOP NWSFO NEW YORK, NY US",6/19/2017,0,0,0,76,68,71,,
USC00308721,"UPTON COOP NWSFO NEW YORK, NY US",6/20/2017,0.6,0,0,77,66,70,,
USC00308721,"UPTON COOP NWSFO NEW YORK, NY US",6/21/2017,0,0,0,81,67,73,,
USC00308721,"UPTON COOP NWSFO NEW YORK, NY US",6/22/2017,0,0,0,84,58,68,,
USC00308721,"UPTON COOP NWSFO NEW YORK, NY US",6/23/2017,0,0,0,81,68,76,,
USC00308721,"UPTON COOP NWSFO NEW YORK, NY US",6/24/2017,0.29,0,0,79,70,70,,
USC00308721,"UPTON COOP NWSFO NEW YORK, NY US",6/25/2017,1.74,0,0,85,61,69,,
USC00308721,"UPTON COOP NWSFO NEW YORK, NY US",6/26/2017,0,0,0,81,57,66,,
USC00308721,"UPTON COOP NWSFO NEW YORK, NY US",6/27/2017,0,0,0,77,56,62,,
USC00308721,"UPTON COOP NWSFO NEW YORK, NY US",6/28/2017,0.06,0,0,75,53,61,,
USC00308721,"UPTON COOP NWSFO NEW YORK, NY US",6/29/2017,0,0,0,77,58,65,,
USC00308721,"UPTON COOP NWSFO NEW YORK, NY US",6/30/2017,0,0,0,76,65,69,,
USC00308721,"UPTON COOP NWSFO NEW YORK, NY US",7/1/2017,0,0,0,80,69,72,,
USC00308721,"UPTON COOP NWSFO NEW YORK, NY US",7/2/2017,0,0,0,75,67,73,,
USC00308721,"UPTON COOP NWSFO NEW YORK, NY US",7/3/2017,0,0,0,88,64,74,,
USC00308721,"UPTON COOP NWSFO NEW YORK, NY US",7/4/2017,0,0,0,89,64,69,,
USC00308721,"UPTON COOP NWSFO NEW YORK, NY US",7/5/2017,0,0,0,84,58,73,,
USC00308721,"UPTON COOP NWSFO NEW YORK, NY US",7/6/2017,0,0,0,83,60,67,,
USC00308721,"UPTON COOP NWSFO NEW YORK, NY US",7/7/2017,0.5,0,0,74,66,70,,
USC00308721,"UPTON COOP NWSFO NEW YORK, NY US",7/8/2017,0.57,0,0,74,65,71,,
USC00308721,"UPTON COOP NWSFO NEW YORK, NY US",7/9/2017,0,0,0,83,62,69,,
USC00308721,"UPTON COOP NWSFO NEW YORK, NY US",7/10/2017,0,0,0,80,59,71,,
USC00308721,"UPTON COOP NWSFO NEW YORK, NY US",7/11/2017,0.11,0,0,82,71,73,,
USC00308721,"UPTON COOP NWSFO NEW YORK, NY US",7/12/2017,0,0,0,85,70,75,,
USC00308721,"UPTON COOP NWSFO NEW YORK, NY US",7/13/2017,0.02,0,0,88,71,77,,
USC00308721,"UPTON COOP NWSFO NEW YORK, NY US",7/14/2017,0.15,0,0,91,60,61,,
USC00308721,"UPTON COOP NWSFO NEW YORK, NY US",7/15/2017,0.17,0,0,68,61,66,,
USC00308721,"UPTON COOP NWSFO NEW YORK, NY US",7/16/2017,0,0,0,82,62,,,
USC00308721,"UPTON COOP NWSFO NEW YORK, NY US",7/17/2017,0,0,0,84,63,74,,
USC00308721,"UPTON COOP NWSFO NEW YORK, NY US",7/18/2017,0,0,0,81,70,75,,
USC00308721,"UPTON COOP NWSFO NEW YORK, NY US",7/19/2017,0,0,0,84,71,76,,
USC00308721,"UPTON COOP NWSFO NEW YORK, NY US",7/20/2017,0,0,0,86,67,78,,
USC00308721,"UPTON COOP NWSFO NEW YORK, NY US",7/21/2017,0,0,0,91,70,77,,
USC00308721,"UPTON COOP NWSFO NEW YORK, NY US",7/22/2017,0,0,0,89,71,76,,
USC00308721,"UPTON COOP NWSFO NEW YORK, NY US",7/23/2017,0.13,0,0,86,66,68,,
USC00308721,"UPTON COOP NWSFO NEW YORK, NY US",7/24/2017,0.39,0,0,78,66,67,,
USC00308721,"UPTON COOP NWSFO NEW YORK, NY US",7/25/2017,0.44,0,0,68,59,61,,
USC00308721,"UPTON COOP NWSFO NEW YORK, NY US",7/26/2017,0,0,0,68,53,65,,
USC00308721,"UPTON COOP NWSFO NEW YORK, NY US",7/27/2017,0,0,0,76,53,59,,
USC00308721,"UPTON COOP NWSFO NEW YORK, NY US",7/28/2017,0,0,0,77,59,71,,
USC00308721,"UPTON COOP NWSFO NEW YORK, NY US",7/29/2017,0.74,0,0,83,64,66,,
USC00308721,"UPTON COOP NWSFO NEW YORK, NY US",7/30/2017,0,0,0,71,56,65,,
USC00308721,"UPTON COOP NWSFO NEW YORK, NY US",7/31/2017,0,0,0,79,56,67,,
USC00308721,"UPTON COOP NWSFO NEW YORK, NY US",8/1/2017,0,0,0,84,61,71,,
USC00308721,"UPTON COOP NWSFO NEW YORK, NY US",8/2/2017,0,0,0,87,67,72,,
USC00308721,"UPTON COOP NWSFO NEW YORK, NY US",8/3/2017,0,0,0,82,67,70,,
USC00308721,"UPTON COOP NWSFO NEW YORK, NY US",8/4/2017,0,0,0,83,69,73,,
USC00308721,"UPTON COOP NWSFO NEW YORK, NY US",8/5/2017,0.03,0,0,81,71,71,,
USC00308721,"UPTON COOP NWSFO NEW YORK, NY US",8/6/2017,0.04,0,0,79,60,66,,
USC00308721,"UPTON COOP NWSFO NEW YORK, NY US",8/7/2017,0,0,0,76,58,63,,
USC00308721,"UPTON COOP NWSFO NEW YORK, NY US",8/8/2017,0.38,0,0,70,62,64,,
USC00308721,"UPTON COOP NWSFO NEW YORK, NY US",8/9/2017,0,0,0,75,56,63,,
USC00308721,"UPTON COOP NWSFO NEW YORK, NY US",8/10/2017,0,0,0,81,56,65,,
USC00308721,"UPTON COOP NWSFO NEW YORK, NY US",8/11/2017,0,0,0,82,56,63,,
USC00308721,"UPTON COOP NWSFO NEW YORK, NY US",8/12/2017,0.29,0,0,78,60,63,,
USC00308721,"UPTON COOP NWSFO NEW YORK, NY US",8/13/2017,0.19,0,0,74,62,72,,
USC00308721,"UPTON COOP NWSFO NEW YORK, NY US",8/14/2017,0,0,0,83,57,65,,
USC00308721,"UPTON COOP NWSFO NEW YORK, NY US",8/15/2017,0.22,0,0,81,65,66,,
USC00308721,"UPTON COOP NWSFO NEW YORK, NY US",8/16/2017,0,0,0,74,63,69,,
USC00308721,"UPTON COOP NWSFO NEW YORK, NY US",8/17/2017,0,0,0,84,62,68,,
USC00308721,"UPTON COOP NWSFO NEW YORK, NY US",8/18/2017,0,0,0,80,66,73,,
USC00308721,"UPTON COOP NWSFO NEW YORK, NY US",8/19/2017,2.35,0,0,77,70,73,,
USC00308721,"UPTON COOP NWSFO NEW YORK, NY US",8/20/2017,0,0,0,85,66,69,,
USC00308721,"UPTON COOP NWSFO NEW YORK, NY US",8/21/2017,0,0,0,81,58,67,,
USC00308721,"UPTON COOP NWSFO NEW YORK, NY US",8/22/2017,0,0,0,85,67,76,,
USC00308721,"UPTON COOP NWSFO NEW YORK, NY US",8/23/2017,0.31,0,0,83,71,73,,
USC00308721,"UPTON COOP NWSFO NEW YORK, NY US",8/24/2017,0,0,0,81,54,64,,
USC00308721,"UPTON COOP NWSFO NEW YORK, NY US",8/25/2017,0,0,0,79,57,65,,
USC00308721,"UPTON COOP NWSFO NEW YORK, NY US",8/26/2017,0,0,0,77,53,62,,
USC00308721,"UPTON COOP NWSFO NEW YORK, NY US",8/27/2017,0,0,0,75,48,57,,
USC00308721,"UPTON COOP NWSFO NEW YORK, NY US",8/28/2017,0,0,0,75,50,58,,
USC00308721,"UPTON COOP NWSFO NEW YORK, NY US",8/29/2017,0,0,0,73,56,60,,
USC00308721,"UPTON COOP NWSFO NEW YORK, NY US",8/30/2017,1,0,0,67,57,58,,
USC00308721,"UPTON COOP NWSFO NEW YORK, NY US",8/31/2017,0,0,0,73,58,64,,
USC00308721,"UPTON COOP NWSFO NEW YORK, NY US",9/1/2017,0,0,0,81,52,56,,
USC00308721,"UPTON COOP NWSFO NEW YORK, NY US",9/2/2017,0,0,0,68,44,51,,
USC00308721,"UPTON COOP NWSFO NEW YORK, NY US",9/3/2017,0.35,0,0,64,51,59,,
USC00308721,"UPTON COOP NWSFO NEW YORK, NY US",9/4/2017,0.05,0,0,71,57,62,,
USC00308721,"UPTON COOP NWSFO NEW YORK, NY US",9/5/2017,0,0,0,76,62,71,,
USC00308721,"UPTON COOP NWSFO NEW YORK, NY US",9/6/2017,0.02,0,0,78,67,71,,
USC00308721,"UPTON COOP NWSFO NEW YORK, NY US",9/7/2017,1.85,0,0,74,59,59,,
USC00308721,"UPTON COOP NWSFO NEW YORK, NY US",9/8/2017,0,0,0,73,51,58,,
USC00308721,"UPTON COOP NWSFO NEW YORK, NY US",9/9/2017,0,0,0,73,52,59,,
USC00308721,"UPTON COOP NWSFO NEW YORK, NY US",9/10/2017,0,0,0,69,54,59,,
USC00308721,"UPTON COOP NWSFO NEW YORK, NY US",9/11/2017,0,0,0,71,50,54,,
USC00308721,"UPTON COOP NWSFO NEW YORK, NY US",9/12/2017,0,0,0,74,48,53,,
USC00308721,"UPTON COOP NWSFO NEW YORK, NY US",9/13/2017,0,0,0,78,53,58,,
USC00308721,"UPTON COOP NWSFO NEW YORK, NY US",9/14/2017,0,0,0,81,58,69,,
USC00308721,"UPTON COOP NWSFO NEW YORK, NY US",9/15/2017,0,0,0,78,63,67,,
USC00308721,"UPTON COOP NWSFO NEW YORK, NY US",9/16/2017,0,0,0,80,66,68,,
USC00308721,"UPTON COOP NWSFO NEW YORK, NY US",9/17/2017,0.03,0,0,77,64,64,,
USC00308721,"UPTON COOP NWSFO NEW YORK, NY US",9/18/2017,0.02,0,0,77,64,66,,
USC00308721,"UPTON COOP NWSFO NEW YORK, NY US",9/19/2017,0.01,0,0,70,66,67,,
USC00308721,"UPTON COOP NWSFO NEW YORK, NY US",9/20/2017,0.7,0,0,69,66,69,,
USC00308721,"UPTON COOP NWSFO NEW YORK, NY US",9/21/2017,0,0,0,73,69,70,,
USC00308721,"UPTON COOP NWSFO NEW YORK, NY US",9/22/2017,0,0,0,72,63,65,,
USC00308721,"UPTON COOP NWSFO NEW YORK, NY US",9/23/2017,0,0,0,76,65,69,,
USC00308721,"UPTON COOP NWSFO NEW YORK, NY US",9/24/2017,0,0,0,82,57,62,,
USC00308721,"UPTON COOP NWSFO NEW YORK, NY US",9/25/2017,0,0,0,86,59,63,,
USC00308721,"UPTON COOP NWSFO NEW YORK, NY US",9/26/2017,0.01,0,0,84,63,65,,
USC00308721,"UPTON COOP NWSFO NEW YORK, NY US",9/27/2017,0,0,0,80,64,69,,
USC00308721,"UPTON COOP NWSFO NEW YORK, NY US",9/28/2017,0,0,0,81,67,67,,
USC00308721,"UPTON COOP NWSFO NEW YORK, NY US",9/29/2017,0,0,0,76,46,48,,
USC00308721,"UPTON COOP NWSFO NEW YORK, NY US",9/30/2017,0,0,0,67,45,50,,
USC00308721,"UPTON COOP NWSFO NEW YORK, NY US",10/1/2017,0.08,0,0,64,46,47,,
USC00308721,"UPTON COOP NWSFO NEW YORK, NY US",10/2/2017,0,0,0,64,39,46,,
USC00308721,"UPTON COOP NWSFO NEW YORK, NY US",10/3/2017,0,0,0,69,40,43,,
USC00308721,"UPTON COOP NWSFO NEW YORK, NY US",10/4/2017,0,0,0,67,40,43,,
USC00308721,"UPTON COOP NWSFO NEW YORK, NY US",10/5/2017,0,0,0,70,43,63,,
USC00308721,"UPTON COOP NWSFO NEW YORK, NY US",10/6/2017,0,0,0,77,62,64,,
USC00308721,"UPTON COOP NWSFO NEW YORK, NY US",10/7/2017,0,0,0,79,62,66,,
USC00308721,"UPTON COOP NWSFO NEW YORK, NY US",10/8/2017,0,0,0,77,66,70,,
USC00308721,"UPTON COOP NWSFO NEW YORK, NY US",10/9/2017,0.16,0,0,71,69,70,,
USC00308721,"UPTON COOP NWSFO NEW YORK, NY US",10/10/2017,0.4,0,0,72,63,64,,
USC00308721,"UPTON COOP NWSFO NEW YORK, NY US",10/11/2017,0,0,0,78,53,58,,
USC00308721,"UPTON COOP NWSFO NEW YORK, NY US",10/12/2017,0.18,0,0,74,54,55,,
USC00308721,"UPTON COOP NWSFO NEW YORK, NY US",10/13/2017,0,0,0,63,48,51,,
USC00308721,"UPTON COOP NWSFO NEW YORK, NY US",10/14/2017,0.11,0,0,66,51,61,,
USC00308721,"UPTON COOP NWSFO NEW YORK, NY US",10/15/2017,0.44,0,0,66,61,63,,
USC00308721,"UPTON COOP NWSFO NEW YORK, NY US",10/16/2017,0.01,0,0,70,60,60,,
USC00308721,"UPTON COOP NWSFO NEW YORK, NY US",10/17/2017,0,0,0,60,39,41,,
USC00308721,"UPTON COOP NWSFO NEW YORK, NY US",10/18/2017,0,0,0,55,39,46,,
USC00308721,"UPTON COOP NWSFO NEW YORK, NY US",10/19/2017,0,0,0,70,46,47,,
USC00308721,"UPTON COOP NWSFO NEW YORK, NY US",10/20/2017,0,0,0,67,47,50,,
USC00308721,"UPTON COOP NWSFO NEW YORK, NY US",10/21/2017,0,0,0,70,41,42,,
USC00308721,"UPTON COOP NWSFO NEW YORK, NY US",10/22/2017,0,0,0,75,41,42,,
USC00308721,"UPTON COOP NWSFO NEW YORK, NY US",10/23/2017,0,0,0,75,42,48,,
USC00308721,"UPTON COOP NWSFO NEW YORK, NY US",10/24/2017,0,0,0,72,48,68,,
USC00308721,"UPTON COOP NWSFO NEW YORK, NY US",10/25/2017,1.02,0,0,72,63,63,,
USC00308721,"UPTON COOP NWSFO NEW YORK, NY US",10/26/2017,0.21,0,0,65,52,52,,
USC00308721,"UPTON COOP NWSFO NEW YORK, NY US",10/27/2017,0.04,0,0,57,40,41,,
USC00308721,"UPTON COOP NWSFO NEW YORK, NY US",10/28/2017,0,0,0,62,37,38,,
USC00308721,"UPTON COOP NWSFO NEW YORK, NY US",10/29/2017,0.05,0,0,66,38,62,,
USC00308721,"UPTON COOP NWSFO NEW YORK, NY US",10/30/2017,3.74,0,0,66,52,52,,
USC00308721,"UPTON COOP NWSFO NEW YORK, NY US",10/31/2017,0,0,0,58,52,52,,
USC00308721,"UPTON COOP NWSFO NEW YORK, NY US",11/1/2017,0,0,0,60,33,33,,
USC00308721,"UPTON COOP NWSFO NEW YORK, NY US",11/2/2017,0,0,0,61,33,60,,
USC00308721,"UPTON COOP NWSFO NEW YORK, NY US",11/3/2017,0,0,0,72,56,61,,
USC00308721,"UPTON COOP NWSFO NEW YORK, NY US",11/4/2017,0,0,0,70,41,43,,
USC00308721,"UPTON COOP NWSFO NEW YORK, NY US",11/5/2017,0.02,0,0,56,43,50,,
USC00308721,"UPTON COOP NWSFO NEW YORK, NY US",11/6/2017,0.11,0,0,61,50,61,,
USC00308721,"UPTON COOP NWSFO NEW YORK, NY US",11/7/2017,0.02,0,0,64,42,43,,
USC00308721,"UPTON COOP NWSFO NEW YORK, NY US",11/8/2017,0.67,0,0,49,40,41,,
USC00308721,"UPTON COOP NWSFO NEW YORK, NY US",11/9/2017,0,0,0,49,30,31,,
USC00308721,"UPTON COOP NWSFO NEW YORK, NY US",11/10/2017,0.01,0,0,54,31,42,,
USC00308721,"UPTON COOP NWSFO NEW YORK, NY US",11/11/2017,0,0,0,42,24,24,,
USC00308721,"UPTON COOP NWSFO NEW YORK, NY US",11/12/2017,0,0,0,36,21,25,,
USC00308721,"UPTON COOP NWSFO NEW YORK, NY US",11/13/2017,0,0,0,48,25,38,,
USC00308721,"UPTON COOP NWSFO NEW YORK, NY US",11/14/2017,0.01,0,0,45,38,41,,
USC00308721,"UPTON COOP NWSFO NEW YORK, NY US",11/15/2017,0.01,0,0,42,37,37,,
USC00308721,"UPTON COOP NWSFO NEW YORK, NY US",11/16/2017,0,0,0,51,37,51,,
USC00308721,"UPTON COOP NWSFO NEW YORK, NY US",11/17/2017,0.25,0,0,57,40,40,,
USC00308721,"UPTON COOP NWSFO NEW YORK, NY US",11/18/2017,0,0,0,48,23,25,,
USC00308721,"UPTON COOP NWSFO NEW YORK, NY US",11/19/2017,0.41,0,0,59,24,56,,
USC00308721,"UPTON COOP NWSFO NEW YORK, NY US",11/20/2017,0.03,0,0,56,35,35,,
USC00308721,"UPTON COOP NWSFO NEW YORK, NY US",11/21/2017,0,0,0,45,34,40,,
USC00308721,"UPTON COOP NWSFO NEW YORK, NY US",11/22/2017,0.46,0,0,56,39,53,0,
USC00308721,"UPTON COOP NWSFO NEW YORK, NY US",11/23/2017,0.36,0,0,53,28,28,,
USC00308721,"UPTON COOP NWSFO NEW YORK, NY US",11/24/2017,0,0,0,41,26,27,,
USC00308721,"UPTON COOP NWSFO NEW YORK, NY US",11/25/2017,0,0,0,49,27,28,,
USC00308721,"UPTON COOP NWSFO NEW YORK, NY US",11/26/2017,0,0,0,54,28,41,,
USC00308721,"UPTON COOP NWSFO NEW YORK, NY US",11/27/2017,0,0,0,48,32,33,,
USC00308721,"UPTON COOP NWSFO NEW YORK, NY US",11/28/2017,0,0,0,50,26,26,,
USC00308721,"UPTON COOP NWSFO NEW YORK, NY US",11/29/2017,0,0,0,53,26,49,,
USC00308721,"UPTON COOP NWSFO NEW YORK, NY US",11/30/2017,0,0,0,62,26,26,,
USC00308721,"UPTON COOP NWSFO NEW YORK, NY US",12/1/2017,0.02,0,0,51,26,43,,
USC00308721,"UPTON COOP NWSFO NEW YORK, NY US",12/2/2017,0,0,0,51,26,26,,
USC00308721,"UPTON COOP NWSFO NEW YORK, NY US",12/3/2017,0,0,0,47,26,28,,
USC00308721,"UPTON COOP NWSFO NEW YORK, NY US",12/4/2017,0,0,0,48,26,26,,
USC00308721,"UPTON COOP NWSFO NEW YORK, NY US",12/5/2017,0,0,0,50,26,49,,
USC00308721,"UPTON COOP NWSFO NEW YORK, NY US",12/6/2017,0.61,0,0,58,45,46,,
USC00308721,"UPTON COOP NWSFO NEW YORK, NY US",12/7/2017,0,0,0,47,33,33,,
USC00308721,"UPTON COOP NWSFO NEW YORK, NY US",12/8/2017,0,0,0,46,30,31,,
USC00308721,"UPTON COOP NWSFO NEW YORK, NY US",12/9/2017,0,0,0,39,31,33,,
USC00308721,"UPTON COOP NWSFO NEW YORK, NY US",12/10/2017,0.37,1.4,1,36,29,29,,
USC00308721,"UPTON COOP NWSFO NEW YORK, NY US",12/11/2017,0,0,0,38,29,31,,
USC00308721,"UPTON COOP NWSFO NEW YORK, NY US",12/12/2017,0,0,0,43,27,42,,
USC00308721,"UPTON COOP NWSFO NEW YORK, NY US",12/13/2017,0.04,0,0,52,20,21,,
USC00308721,"UPTON COOP NWSFO NEW YORK, NY US",12/14/2017,0.06,1.2,1,28,20,25,,
USC00308721,"UPTON COOP NWSFO NEW YORK, NY US",12/15/2017,0.05,0.8,1,31,10,10,,
USC00308721,"UPTON COOP NWSFO NEW YORK, NY US",12/16/2017,0.16,2.2,3,30,10,21,,
USC00308721,"UPTON COOP NWSFO NEW YORK, NY US",12/17/2017,0,0,1,37,20,27,,
USC00308721,"UPTON COOP NWSFO NEW YORK, NY US",12/18/2017,0,0,1,32,26,31,,
USC00308721,"UPTON COOP NWSFO NEW YORK, NY US",12/19/2017,0.01,0,0,43,31,41,,
USC00308721,"UPTON COOP NWSFO NEW YORK, NY US",12/20/2017,0,0,0,55,40,40,,
USC00308721,"UPTON COOP NWSFO NEW YORK, NY US",12/21/2017,0,0,0,43,25,31,,
USC00308721,"UPTON COOP NWSFO NEW YORK, NY US",12/22/2017,0,0,0,38,26,31,,
USC00308721,"UPTON COOP NWSFO NEW YORK, NY US",12/23/2017,0.02,0,0,46,31,36,,
USC00308721,"UPTON COOP NWSFO NEW YORK, NY US",12/24/2017,0.58,0,0,53,34,35,,
USC00308721,"UPTON COOP NWSFO NEW YORK, NY US",12/25/2017,0.21,0,0,39,34,36,,
USC00308721,"UPTON COOP NWSFO NEW YORK, NY US",12/26/2017,0.04,0,0,39,23,24,,
USC00308721,"UPTON COOP NWSFO NEW YORK, NY US",12/27/2017,0,0,0,28,16,19,,
USC00308721,"UPTON COOP NWSFO NEW YORK, NY US",12/28/2017,0,0,0,24,13,13,,
USC00308721,"UPTON COOP NWSFO NEW YORK, NY US",12/29/2017,0,0,0,18,9,10,,
USC00308721,"UPTON COOP NWSFO NEW YORK, NY US",12/30/2017,0,0,0,20,9,12,,
USC00308721,"UPTON COOP NWSFO NEW YORK, NY US",12/31/2017,0.11,1.8,2,20,12,15,,
USC00308721,"UPTON COOP NWSFO NEW YORK, NY US",1/1/2018,0,0,1,16,5,5,,
USC00308721,"UPTON COOP NWSFO NEW YORK, NY US",1/2/2018,0,0,1,15,4,13,,
USC00308721,"UPTON COOP NWSFO NEW YORK, NY US",1/3/2018,0,0,1,24,7,7,,
USC00308721,"UPTON COOP NWSFO NEW YORK, NY US",1/4/2018,0.17,1.5,2,29,6,24,,
USC00308721,"UPTON COOP NWSFO NEW YORK, NY US",1/5/2018,1.09,10.8,10,24,6,6,,
USC00308721,"UPTON COOP NWSFO NEW YORK, NY US",1/6/2018,0,0,9,13,5,6,,
USC00308721,"UPTON COOP NWSFO NEW YORK, NY US",1/7/2018,0,0,9,12,0,0,,
USC00308721,"UPTON COOP NWSFO NEW YORK, NY US",1/8/2018,0,0,7,20,0,19,,
USC00308721,"UPTON COOP NWSFO NEW YORK, NY US",1/9/2018,0.04,0.1,7,34,19,31,,
USC00308721,"UPTON COOP NWSFO NEW YORK, NY US",1/10/2018,0,0,6,42,15,15,,
USC00308721,"UPTON COOP NWSFO NEW YORK, NY US",1/11/2018,0,0,5,40,14,33,,
USC00308721,"UPTON COOP NWSFO NEW YORK, NY US",1/12/2018,0,0,1,55,33,55,,
USC00308721,"UPTON COOP NWSFO NEW YORK, NY US",1/13/2018,0.94,0,0,59,50,50,,
USC00308721,"UPTON COOP NWSFO NEW YORK, NY US",1/14/2018,0,0,0,50,15,15,,
USC00308721,"UPTON COOP NWSFO NEW YORK, NY US",1/15/2018,0,0,0,24,15,20,,
USC00308721,"UPTON COOP NWSFO NEW YORK, NY US",1/16/2018,0,0,0,25,16,20,,
USC00308721,"UPTON COOP NWSFO NEW YORK, NY US",1/17/2018,0.07,0,0,39,19,36,,
USC00308721,"UPTON COOP NWSFO NEW YORK, NY US",1/18/2018,0.05,0,0,37,19,19,,
USC00308721,"UPTON COOP NWSFO NEW YORK, NY US",1/19/2018,0,0,0,31,16,18,,
USC00308721,"UPTON COOP NWSFO NEW YORK, NY US",1/20/2018,0,0,0,36,17,36,,
USC00308721,"UPTON COOP NWSFO NEW YORK, NY US",1/21/2018,0,0,0,53,26,26,,
USC00308721,"UPTON COOP NWSFO NEW YORK, NY US",1/22/2018,0.02,0,0,46,26,42,,
USC00308721,"UPTON COOP NWSFO NEW YORK, NY US",1/23/2018,0.21,0,0,51,38,50,,
USC00308721,"UPTON COOP NWSFO NEW YORK, NY US",1/24/2018,0.9,0,0,56,36,38,,
USC00308721,"UPTON COOP NWSFO NEW YORK, NY US",1/25/2018,0,0,0,42,21,21,,
USC00308721,"UPTON COOP NWSFO NEW YORK, NY US",1/26/2018,0,0,0,32,15,15,,
USC00308721,"UPTON COOP NWSFO NEW YORK, NY US",1/27/2018,0,0,0,36,14,36,,
USC00308721,"UPTON COOP NWSFO NEW YORK, NY US",1/28/2018,0.09,0,0,49,36,44,,
USC00308721,"UPTON COOP NWSFO NEW YORK, NY US",1/29/2018,0.18,0,0,48,35,36,,
USC00308721,"UPTON COOP NWSFO NEW YORK, NY US",1/30/2018,0.46,7.3,7,40,25,25,,
USC00308721,"UPTON COOP NWSFO NEW YORK, NY US",1/31/2018,0.13,1.5,5,34,16,16,,
USC00308721,"UPTON COOP NWSFO NEW YORK, NY US",2/1/2018,0,0,4,35,15,35,,
USC00308721,"UPTON COOP NWSFO NEW YORK, NY US",2/2/2018,0.27,0.1,1,39,27,27,,
USC00308721,"UPTON COOP NWSFO NEW YORK, NY US",2/3/2018,0,0,1,29,9,10,,
USC00308721,"UPTON COOP NWSFO NEW YORK, NY US",2/4/2018,0,0,1,34,10,34,,
USC00308721,"UPTON COOP NWSFO NEW YORK, NY US",2/5/2018,1.23,0,0,48,33,33,,
USC00308721,"UPTON COOP NWSFO NEW YORK, NY US",2/6/2018,0,0,0,39,20,24,,
USC00308721,"UPTON COOP NWSFO NEW YORK, NY US",2/7/2018,0,0,0,36,22,27,,
USC00308721,"UPTON COOP NWSFO NEW YORK, NY US",2/8/2018,0.61,0,0,50,25,25,,
USC00308721,"UPTON COOP NWSFO NEW YORK, NY US",2/9/2018,0,0,0,32,15,16,,
USC00308721,"UPTON COOP NWSFO NEW YORK, NY US",2/10/2018,0.01,0,0,37,16,35,,
USC00308721,"UPTON COOP NWSFO NEW YORK, NY US",2/11/2018,0.72,0,0,52,16,44,,
USC00308721,"UPTON COOP NWSFO NEW YORK, NY US",2/12/2018,1.35,0,0,54,43,43,,
USC00308721,"UPTON COOP NWSFO NEW YORK, NY US",2/13/2018,0.02,0,0,43,24,24,,
USC00308721,"UPTON COOP NWSFO NEW YORK, NY US",2/14/2018,0.02,0,0,35,24,32,,
USC00308721,"UPTON COOP NWSFO NEW YORK, NY US",2/15/2018,0.29,0,0,47,32,40,,
USC00308721,"UPTON COOP NWSFO NEW YORK, NY US",2/16/2018,0.2,0,0,53,40,52,,
USC00308721,"UPTON COOP NWSFO NEW YORK, NY US",2/17/2018,0.06,0,0,55,27,27,,
USC00308721,"UPTON COOP NWSFO NEW YORK, NY US",2/18/2018,0.46,1.2,1,39,27,32,,
USC00308721,"UPTON COOP NWSFO NEW YORK, NY US",2/19/2018,0,0,0,44,25,30,,
USC00308721,"UPTON COOP NWSFO NEW YORK, NY US",2/20/2018,0.08,0,0,50,30,46,,
USC00308721,"UPTON COOP NWSFO NEW YORK, NY US",2/21/2018,0,0,0,63,46,50,,
USC00308721,"UPTON COOP NWSFO NEW YORK, NY US",2/22/2018,0,0,0,57,43,43,,
USC00308721,"UPTON COOP NWSFO NEW YORK, NY US",2/23/2018,0.1,0,0,44,33,34,,
USC00308721,"UPTON COOP NWSFO NEW YORK, NY US",2/24/2018,0.2,0,0,41,34,36,,
USC00308721,"UPTON COOP NWSFO NEW YORK, NY US",2/25/2018,0.51,0,0,53,36,40,,
USC00308721,"UPTON COOP NWSFO NEW YORK, NY US",2/26/2018,0.5,0,0,43,39,40,,
USC00308721,"UPTON COOP NWSFO NEW YORK, NY US",2/27/2018,0,0,0,49,26,27,,
USC00308721,"UPTON COOP NWSFO NEW YORK, NY US",2/28/2018,0,0,0,53,26,35,,
USC00308721,"UPTON COOP NWSFO NEW YORK, NY US",3/1/2018,0,0,0,51,34,37,,
USC00308721,"UPTON COOP NWSFO NEW YORK, NY US",3/2/2018,1.85,0,0,59,37,38,,
USC00308721,"UPTON COOP NWSFO NEW YORK, NY US",3/3/2018,1.43,0,0,40,34,37,,
USC00308721,"UPTON COOP NWSFO NEW YORK, NY US",3/4/2018,0,0,0,47,37,38,,
USC00308721,"UPTON COOP NWSFO NEW YORK, NY US",3/5/2018,0,0,0,44,31,32,,
USC00308721,"UPTON COOP NWSFO NEW YORK, NY US",3/6/2018,0,0,0,40,28,29,,
USC00308721,"UPTON COOP NWSFO NEW YORK, NY US",3/7/2018,0.13,0.4,0,45,29,33,,
USC00308721,"UPTON COOP NWSFO NEW YORK, NY US",3/8/2018,1.73,5.1,5,37,31,32,,
USC00308721,"UPTON COOP NWSFO NEW YORK, NY US",3/9/2018,0,0,2,41,29,29,,
USC00308721,"UPTON COOP NWSFO NEW YORK, NY US",3/10/2018,0,0,2,40,29,30,,
USC00308721,"UPTON COOP NWSFO NEW YORK, NY US",3/11/2018,0,0,0,41,25,26,,
USC00308721,"UPTON COOP NWSFO NEW YORK, NY US",3/12/2018,0,0,0,44,24,27,,
USC00308721,"UPTON COOP NWSFO NEW YORK, NY US",3/13/2018,0.73,1.5,2,43,27,31,,
USC00308721,"UPTON COOP NWSFO NEW YORK, NY US",3/14/2018,0.35,3,2,35,28,29,,
USC00308721,"UPTON COOP NWSFO NEW YORK, NY US",3/15/2018,0,0,1,39,29,30,,
USC00308721,"UPTON COOP NWSFO NEW YORK, NY US",3/16/2018,0,0,0,44,28,31,,
USC00308721,"UPTON COOP NWSFO NEW YORK, NY US",3/17/2018,0,0,0,42,24,27,,
USC00308721,"UPTON COOP NWSFO NEW YORK, NY US",3/18/2018,0,0,0,45,24,26,,
USC00308721,"UPTON COOP NWSFO NEW YORK, NY US",3/19/2018,0,0,0,38,20,28,,
USC00308721,"UPTON COOP NWSFO NEW YORK, NY US",3/20/2018,0,0,0,42,25,28,,
USC00308721,"UPTON COOP NWSFO NEW YORK, NY US",3/21/2018,0.01,0,0,36,27,32,,
USC00308721,"UPTON COOP NWSFO NEW YORK, NY US",3/22/2018,1.84,10.8,10,32,30,31,,
USC00308721,"UPTON COOP NWSFO NEW YORK, NY US",3/23/2018,0.06,0.2,4,46,31,33,,
USC00308721,"UPTON COOP NWSFO NEW YORK, NY US",3/24/2018,0,0,2,48,31,33,,
USC00308721,"UPTON COOP NWSFO NEW YORK, NY US",3/25/2018,0,0,0,48,33,35,,
USC00308721,"UPTON COOP NWSFO NEW YORK, NY US",3/26/2018,0,0,0,40,26,34,,
USC00308721,"UPTON COOP NWSFO NEW YORK, NY US",3/27/2018,0,0,0,46,21,28,,
USC00308721,"UPTON COOP NWSFO NEW YORK, NY US",3/28/2018,0,0,0,48,28,35,,
USC00308721,"UPTON COOP NWSFO NEW YORK, NY US",3/29/2018,0,0,0,50,35,43,,
USC00308721,"UPTON COOP NWSFO NEW YORK, NY US",3/30/2018,0.02,0,0,53,43,51,,
USC00308721,"UPTON COOP NWSFO NEW YORK, NY US",3/31/2018,0.02,0,0,59,36,40,,
USC00308721,"UPTON COOP NWSFO NEW YORK, NY US",4/1/2018,0.02,0,0,54,39,42,,
USC00308721,"UPTON COOP NWSFO NEW YORK, NY US",4/2/2018,,2,2,59,30,30,,
USC00308721,"UPTON COOP NWSFO NEW YORK, NY US",4/3/2018,0.2,2.3,0,38,23,28,,
USC00308721,"UPTON COOP NWSFO NEW YORK, NY US",4/4/2018,0.25,0,0,45,28,45,,
USC00308721,"UPTON COOP NWSFO NEW YORK, NY US",4/5/2018,0.03,0,0,52,31,34,,
USC00308721,"UPTON COOP NWSFO NEW YORK, NY US",4/6/2018,0,0,0,44,24,33,,
USC00308721,"UPTON COOP NWSFO NEW YORK, NY US",4/7/2018,0.11,0,0,50,32,40,,
USC00308721,"UPTON COOP NWSFO NEW YORK, NY US",4/8/2018,0,0,0,45,30,31,,
USC00308721,"UPTON COOP NWSFO NEW YORK, NY US",4/9/2018,0,0,0,45,24,33,,
USC00308721,"UPTON COOP NWSFO NEW YORK, NY US",4/10/2018,0.1,0,0,45,33,36,,
USC00308721,"UPTON COOP NWSFO NEW YORK, NY US",4/11/2018,0.06,0,0,44,23,32,,
USC00308721,"UPTON COOP NWSFO NEW YORK, NY US",4/12/2018,0,0,0,50,32,44,,
USC00308721,"UPTON COOP NWSFO NEW YORK, NY US",4/13/2018,0,0,0,55,44,51,,
USC00308721,"UPTON COOP NWSFO NEW YORK, NY US",4/14/2018,0,0,0,72,50,52,,
USC00308721,"UPTON COOP NWSFO NEW YORK, NY US",4/15/2018,0,0,0,72,39,40,,
USC00308721,"UPTON COOP NWSFO NEW YORK, NY US",4/16/2018,1.19,0,0,43,36,43,,
USC00308721,"UPTON COOP NWSFO NEW YORK, NY US",4/17/2018,0.83,0,0,58,40,43,,
USC00308721,"UPTON COOP NWSFO NEW YORK, NY US",4/18/2018,0,0,0,50,33,39,,
USC00308721,"UPTON COOP NWSFO NEW YORK, NY US",4/19/2018,0.19,0,0,52,36,40,,
USC00308721,"UPTON COOP NWSFO NEW YORK, NY US",4/20/2018,0.08,0,0,42,33,37,,
USC00308721,"UPTON COOP NWSFO NEW YORK, NY US",4/21/2018,0,0,0,51,32,41,,
USC00308721,"UPTON COOP NWSFO NEW YORK, NY US",4/22/2018,0,0,0,58,32,46,,
USC00308721,"UPTON COOP NWSFO NEW YORK, NY US",4/23/2018,0,0,0,62,30,44,,
USC00308721,"UPTON COOP NWSFO NEW YORK, NY US",4/24/2018,0,0,0,61,30,45,,
USC00308721,"UPTON COOP NWSFO NEW YORK, NY US",4/25/2018,0.1,0,0,63,45,53,,
USC00308721,"UPTON COOP NWSFO NEW YORK, NY US",4/26/2018,0.31,0,0,56,51,55,,
USC00308721,"UPTON COOP NWSFO NEW YORK, NY US",4/27/2018,0,0,0,66,41,52,,
USC00308721,"UPTON COOP NWSFO NEW YORK, NY US",4/28/2018,0.35,0,0,55,46,48,,
USC00308721,"UPTON COOP NWSFO NEW YORK, NY US",4/29/2018,0.02,0,0,64,48,49,,
USC00308721,"UPTON COOP NWSFO NEW YORK, NY US",4/30/2018,0.02,0,0,58,42,45,,
USC00308721,"UPTON COOP NWSFO NEW YORK, NY US",5/1/2018,0,0,0,51,39,49,,
USC00308721,"UPTON COOP NWSFO NEW YORK, NY US",5/2/2018,0,0,0,73,49,69,,
USC00308721,"UPTON COOP NWSFO NEW YORK, NY US",5/3/2018,0,0,0,84,58,69,,
USC00308721,"UPTON COOP NWSFO NEW YORK, NY US",5/4/2018,0,0,0,83,57,61,,
USC00308721,"UPTON COOP NWSFO NEW YORK, NY US",5/5/2018,0,0,0,76,60,61,,
USC00308721,"UPTON COOP NWSFO NEW YORK, NY US",5/6/2018,0,0,0,71,55,56,,
USC00308721,"UPTON COOP NWSFO NEW YORK, NY US",5/7/2018,0.09,0,0,62,48,53,,
USC00308721,"UPTON COOP NWSFO NEW YORK, NY US",5/8/2018,0,0,0,70,41,54,,
USC00308721,"UPTON COOP NWSFO NEW YORK, NY US",5/9/2018,0,0,0,69,39,49,,
USC00308721,"UPTON COOP NWSFO NEW YORK, NY US",5/10/2018,0.02,0,0,72,49,55,,
USC00308721,"UPTON COOP NWSFO NEW YORK, NY US",5/11/2018,0.04,0,0,59,51,59,,
USC00308721,"UPTON COOP NWSFO NEW YORK, NY US",5/12/2018,0.02,0,0,69,50,51,,
USC00308721,"UPTON COOP NWSFO NEW YORK, NY US",5/13/2018,0.12,0,0,57,48,49,,
USC00308721,"UPTON COOP NWSFO NEW YORK, NY US",5/14/2018,0.03,0,0,54,49,51,,
USC00308721,"UPTON COOP NWSFO NEW YORK, NY US",5/15/2018,0,0,0,65,51,56,,
USC00308721,"UPTON COOP NWSFO NEW YORK, NY US",5/16/2018,0.36,0,0,75,56,60,,
USC00308721,"UPTON COOP NWSFO NEW YORK, NY US",5/17/2018,0.67,0,0,63,52,55,,
USC00308721,"UPTON COOP NWSFO NEW YORK, NY US",5/18/2018,0.16,0,0,66,55,58,,
USC00308721,"UPTON COOP NWSFO NEW YORK, NY US",5/19/2018,0.12,0,0,61,49,50,,
USC00308721,"UPTON COOP NWSFO NEW YORK, NY US",5/20/2018,1.06,0,0,60,50,59,,
USC00308721,"UPTON COOP NWSFO NEW YORK, NY US",5/21/2018,0,0,0,76,54,61,,
USC00308721,"UPTON COOP NWSFO NEW YORK, NY US",5/22/2018,0,0,0,76,48,59,,
USC00308721,"UPTON COOP NWSFO NEW YORK, NY US",5/23/2018,0.24,0,0,67,54,60,,
USC00308721,"UPTON COOP NWSFO NEW YORK, NY US",5/24/2018,0,0,0,78,53,66,,
USC00308721,"UPTON COOP NWSFO NEW YORK, NY US",5/25/2018,0,0,0,80,57,67,,
USC00308721,"UPTON COOP NWSFO NEW YORK, NY US",5/26/2018,0,0,0,81,63,71,,
USC00308721,"UPTON COOP NWSFO NEW YORK, NY US",5/27/2018,0.22,0,0,83,58,58,,
USC00308721,"UPTON COOP NWSFO NEW YORK, NY US",5/28/2018,0.52,0,0,58,51,53,,
USC00308721,"UPTON COOP NWSFO NEW YORK, NY US",5/29/2018,0,0,0,67,52,62,,
USC00308721,"UPTON COOP NWSFO NEW YORK, NY US",5/30/2018,0,0,0,83,58,62,,
USC00308721,"UPTON COOP NWSFO NEW YORK, NY US",5/31/2018,0,0,0,74,49,62,,
USC00308721,"UPTON COOP NWSFO NEW YORK, NY US",6/1/2018,0.06,0,0,72,62,63,,
USC00308721,"UPTON COOP NWSFO NEW YORK, NY US",6/2/2018,0.31,0,0,74,63,72,,
USC00308721,"UPTON COOP NWSFO NEW YORK, NY US",6/3/2018,0.06,0,0,86,57,58,,
USC00308721,"UPTON COOP NWSFO NEW YORK, NY US",6/4/2018,0.49,0,0,65,48,52,,
USC00308721,"UPTON COOP NWSFO NEW YORK, NY US",6/5/2018,0.18,0,0,62,49,59,,
USC00308721,"UPTON COOP NWSFO NEW YORK, NY US",6/6/2018,0.1,0,0,70,50,58,,
USC00308721,"UPTON COOP NWSFO NEW YORK, NY US",6/7/2018,0,0,0,67,54,58,,
USC00308721,"UPTON COOP NWSFO NEW YORK, NY US",6/8/2018,0,0,0,66,50,61,,
USC00308721,"UPTON COOP NWSFO NEW YORK, NY US",6/9/2018,0,0,0,76,57,66,,
USC00308721,"UPTON COOP NWSFO NEW YORK, NY US",6/10/2018,0,0,0,78,61,64,,
USC00308721,"UPTON COOP NWSFO NEW YORK, NY US",6/11/2018,0,0,0,72,53,55,,
USC00308721,"UPTON COOP NWSFO NEW YORK, NY US",6/12/2018,0,0,0,68,40,53,,
USC00308721,"UPTON COOP NWSFO NEW YORK, NY US",6/13/2018,0,0,0,70,53,67,,
USC00308721,"UPTON COOP NWSFO NEW YORK, NY US",6/14/2018,0.03,0,0,69,64,69,,
USC00308721,"UPTON COOP NWSFO NEW YORK, NY US",6/15/2018,0,0,0,82,54,64,,
USC00308721,"UPTON COOP NWSFO NEW YORK, NY US",6/16/2018,0,0,0,69,52,66,,
USC00308721,"UPTON COOP NWSFO NEW YORK, NY US",6/17/2018,0,0,0,81,53,68,,
USC00308721,"UPTON COOP NWSFO NEW YORK, NY US",6/18/2018,0,0,0,85,67,70,,
USC00308721,"UPTON COOP NWSFO NEW YORK, NY US",6/19/2018,0.06,0,0,80,69,77,,
USC00308721,"UPTON COOP NWSFO NEW YORK, NY US",6/20/2018,0,0,0,84,57,62,,
USC00308721,"UPTON COOP NWSFO NEW YORK, NY US",6/21/2018,0.76,0,0,79,62,65,,
USC00308721,"UPTON COOP NWSFO NEW YORK, NY US",6/22/2018,0,0,0,80,61,64,,
USC00308721,"UPTON COOP NWSFO NEW YORK, NY US",6/23/2018,0,0,0,74,58,60,,
USC00308721,"UPTON COOP NWSFO NEW YORK, NY US",6/24/2018,0.02,0,0,64,60,63,,
USC00308721,"UPTON COOP NWSFO NEW YORK, NY US",6/25/2018,0.1,0,0,75,63,67,,
USC00308721,"UPTON COOP NWSFO NEW YORK, NY US",6/26/2018,0,0,0,77,51,63,,
USC00308721,"UPTON COOP NWSFO NEW YORK, NY US",6/27/2018,0,0,0,74,58,66,,
USC00308721,"UPTON COOP NWSFO NEW YORK, NY US",6/28/2018,0.12,0,0,75,66,70,,
USC00308721,"UPTON COOP NWSFO NEW YORK, NY US",6/29/2018,0.2,0,0,75,65,71,,
USC00308721,"UPTON COOP NWSFO NEW YORK, NY US",6/30/2018,0,0,0,87,64,75,,
USC00308721,"UPTON COOP NWSFO NEW YORK, NY US",7/1/2018,0,0,0,88,67,81,,
USC00308721,"UPTON COOP NWSFO NEW YORK, NY US",7/2/2018,0,0,0,93,69,77,,
USC00308721,"UPTON COOP NWSFO NEW YORK, NY US",7/3/2018,0,0,0,89,73,76,,
USC00308721,"UPTON COOP NWSFO NEW YORK, NY US",7/4/2018,0,0,0,87,72,76,,
USC00308721,"UPTON COOP NWSFO NEW YORK, NY US",7/5/2018,0,0,0,86,73,77,,
USC00308721,"UPTON COOP NWSFO NEW YORK, NY US",7/6/2018,0,0,0,86,76,76,,
USC00308721,"UPTON COOP NWSFO NEW YORK, NY US",7/7/2018,0.08,0,0,78,60,63,,
USC00308721,"UPTON COOP NWSFO NEW YORK, NY US",7/8/2018,0,0,0,75,47,60,,
USC00308721,"UPTON COOP NWSFO NEW YORK, NY US",7/9/2018,0,0,0,80,52,66,,
USC00308721,"UPTON COOP NWSFO NEW YORK, NY US",7/10/2018,0,0,0,81,60,72,,
USC00308721,"UPTON COOP NWSFO NEW YORK, NY US",7/11/2018,0,0,0,86,66,73,,
USC00308721,"UPTON COOP NWSFO NEW YORK, NY US",7/12/2018,0,0,0,82,61,65,,
USC00308721,"UPTON COOP NWSFO NEW YORK, NY US",7/13/2018,0,0,0,82,55,66,,
USC00308721,"UPTON COOP NWSFO NEW YORK, NY US",7/14/2018,0,0,0,81,61,71,,
USC00308721,"UPTON COOP NWSFO NEW YORK, NY US",7/15/2018,0.02,0,0,83,69,70,,
USC00308721,"UPTON COOP NWSFO NEW YORK, NY US",7/16/2018,0,0,0,84,66,76,,
USC00308721,"UPTON COOP NWSFO NEW YORK, NY US",7/17/2018,0,0,0,89,74,76,,
USC00308721,"UPTON COOP NWSFO NEW YORK, NY US",7/18/2018,1.6,0,0,80,65,68,,
USC00308721,"UPTON COOP NWSFO NEW YORK, NY US",7/19/2018,0,0,0,83,56,66,,
USC00308721,"UPTON COOP NWSFO NEW YORK, NY US",7/20/2018,0,0,0,80,54,66,,
USC00308721,"UPTON COOP NWSFO NEW YORK, NY US",7/21/2018,0,0,0,80,55,66,,
USC00308721,"UPTON COOP NWSFO NEW YORK, NY US",7/22/2018,1.01,0,0,76,65,71,,
USC00308721,"UPTON COOP NWSFO NEW YORK, NY US",7/23/2018,0.18,0,0,79,71,74,,
USC00308721,"UPTON COOP NWSFO NEW YORK, NY US",7/24/2018,0.08,0,0,81,73,76,,
USC00308721,"UPTON COOP NWSFO NEW YORK, NY US",7/25/2018,0,0,0,82,73,76,,
USC00308721,"UPTON COOP NWSFO NEW YORK, NY US",7/26/2018,1.08,0,0,78,70,72,,
USC00308721,"UPTON COOP NWSFO NEW YORK, NY US",7/27/2018,0.01,0,0,81,70,76,,
USC00308721,"UPTON COOP NWSFO NEW YORK, NY US",7/28/2018,0.12,0,0,85,67,73,,
USC00308721,"UPTON COOP NWSFO NEW YORK, NY US",7/29/2018,0,0,0,84,66,71,,
USC00308721,"UPTON COOP NWSFO NEW YORK, NY US",7/30/2018,0,0,0,81,61,69,,
USC00308721,"UPTON COOP NWSFO NEW YORK, NY US",7/31/2018,0,0,0,79,59,68,,
USC00308721,"UPTON COOP NWSFO NEW YORK, NY US",8/1/2018,0.01,0,0,81,67,75,,
USC00308721,"UPTON COOP NWSFO NEW YORK, NY US",8/2/2018,0,0,0,82,75,78,,
USC00308721,"UPTON COOP NWSFO NEW YORK, NY US",8/3/2018,0,0,0,85,76,77,,
USC00308721,"UPTON COOP NWSFO NEW YORK, NY US",8/4/2018,0,0,0,84,75,75,,
USC00308721,"UPTON COOP NWSFO NEW YORK, NY US",8/5/2018,0.99,0,0,79,67,73,,
USC00308721,"UPTON COOP NWSFO NEW YORK, NY US",8/6/2018,0,0,0,89,70,76,,
USC00308721,"UPTON COOP NWSFO NEW YORK, NY US",8/7/2018,0,0,0,89,73,77,,
USC00308721,"UPTON COOP NWSFO NEW YORK, NY US",8/8/2018,0.12,0,0,84,69,73,,
USC00308721,"UPTON COOP NWSFO NEW YORK, NY US",8/9/2018,0.02,0,0,86,72,75,,
USC00308721,"UPTON COOP NWSFO NEW YORK, NY US",8/10/2018,0,0,0,87,66,72,,
USC00308721,"UPTON COOP NWSFO NEW YORK, NY US",8/11/2018,3.9,0,0,87,68,71,,
USC00308721,"UPTON COOP NWSFO NEW YORK, NY US",8/12/2018,1.11,0,0,74,69,69,,
USC00308721,"UPTON COOP NWSFO NEW YORK, NY US",8/13/2018,1.59,0,0,80,69,70,,
USC00308721,"UPTON COOP NWSFO NEW YORK, NY US",8/14/2018,0.89,0,0,75,68,74,,
USC00308721,"UPTON COOP NWSFO NEW YORK, NY US",8/15/2018,0,0,0,81,67,71,,
USC00308721,"UPTON COOP NWSFO NEW YORK, NY US",8/16/2018,0,0,0,,,,,
USC00308721,"UPTON COOP NWSFO NEW YORK, NY US",8/17/2018,0,0,0,87,70,76,,
USC00308721,"UPTON COOP NWSFO NEW YORK, NY US",8/18/2018,0.64,0,0,86,70,73,,
USC00308721,"UPTON COOP NWSFO NEW YORK, NY US",8/19/2018,1.02,0,0,84,65,65,,
USC00308721,"UPTON COOP NWSFO NEW YORK, NY US",8/20/2018,0.09,0,0,74,62,65,,
USC00308721,"UPTON COOP NWSFO NEW YORK, NY US",8/21/2018,0.01,0,0,72,59,63,,
USC00308721,"UPTON COOP NWSFO NEW YORK, NY US",8/22/2018,0.1,0,0,77,63,73,,
USC00308721,"UPTON COOP NWSFO NEW YORK, NY US",8/23/2018,0,0,0,82,65,66,,
USC00308721,"UPTON COOP NWSFO NEW YORK, NY US",8/24/2018,0,0,0,76,53,61,,
USC00308721,"UPTON COOP NWSFO NEW YORK, NY US",8/25/2018,0,0,0,80,56,63,,
USC00308721,"UPTON COOP NWSFO NEW YORK, NY US",8/26/2018,0,0,0,80,50,60,,
USC00308721,"UPTON COOP NWSFO NEW YORK, NY US",8/27/2018,0,0,0,78,60,73,,
USC00308721,"UPTON COOP NWSFO NEW YORK, NY US",8/28/2018,0,0,0,87,72,76,,
USC00308721,"UPTON COOP NWSFO NEW YORK, NY US",8/29/2018,0,0,0,90,73,78,,
USC00308721,"UPTON COOP NWSFO NEW YORK, NY US",8/30/2018,0,0,0,91,75,78,,
USC00308721,"UPTON COOP NWSFO NEW YORK, NY US",8/31/2018,0,0,0,88,69,69,,
USC00308721,"UPTON COOP NWSFO NEW YORK, NY US",9/1/2018,0,0,0,77,64,65,,
USC00308721,"UPTON COOP NWSFO NEW YORK, NY US",9/2/2018,0,0,0,74,60,66,,
USC00308721,"UPTON COOP NWSFO NEW YORK, NY US",9/3/2018,0,0,0,79,66,74,,
USC00308721,"UPTON COOP NWSFO NEW YORK, NY US",9/4/2018,0,0,0,83,71,75,,
USC00308721,"UPTON COOP NWSFO NEW YORK, NY US",9/5/2018,0,0,0,88,68,73,,
USC00308721,"UPTON COOP NWSFO NEW YORK, NY US",9/6/2018,0,0,0,85,73,77,,
USC00308721,"UPTON COOP NWSFO NEW YORK, NY US",9/7/2018,0.2,0,0,86,68,70,,
USC00308721,"UPTON COOP NWSFO NEW YORK, NY US",9/8/2018,0.02,0,0,72,64,65,,
USC00308721,"UPTON COOP NWSFO NEW YORK, NY US",9/9/2018,0.08,0,0,69,58,59,,
USC00308721,"UPTON COOP NWSFO NEW YORK, NY US",9/10/2018,0.39,0,0,63,54,59,,
USC00308721,"UPTON COOP NWSFO NEW YORK, NY US",9/11/2018,0.93,0,0,66,59,66,,
USC00308721,"UPTON COOP NWSFO NEW YORK, NY US",9/12/2018,0.01,0,0,82,65,72,,
USC00308721,"UPTON COOP NWSFO NEW YORK, NY US",9/13/2018,0.06,0,0,78,66,67,,
USC00308721,"UPTON COOP NWSFO NEW YORK, NY US",9/14/2018,0,0,0,74,65,66,,
USC00308721,"UPTON COOP NWSFO NEW YORK, NY US",9/15/2018,0,0,0,76,59,63,,
USC00308721,"UPTON COOP NWSFO NEW YORK, NY US",9/16/2018,0,0,0,78,59,62,,
USC00308721,"UPTON COOP NWSFO NEW YORK, NY US",9/17/2018,0,0,0,81,60,64,,
USC00308721,"UPTON COOP NWSFO NEW YORK, NY US",9/18/2018,0,0,0,77,64,73,,
USC00308721,"UPTON COOP NWSFO NEW YORK, NY US",9/19/2018,0.95,0,0,78,66,68,,
USC00308721,"UPTON COOP NWSFO NEW YORK, NY US",9/20/2018,0,0,0,76,59,61,,
USC00308721,"UPTON COOP NWSFO NEW YORK, NY US",9/21/2018,0,0,0,72,61,63,,
USC00308721,"UPTON COOP NWSFO NEW YORK, NY US",9/22/2018,0,0,0,71,63,71,,
USC00308721,"UPTON COOP NWSFO NEW YORK, NY US",9/23/2018,0,0,0,73,57,59,,
USC00308721,"UPTON COOP NWSFO NEW YORK, NY US",9/24/2018,0,0,0,65,52,53,,
USC00308721,"UPTON COOP NWSFO NEW YORK, NY US",9/25/2018,0.07,0,0,66,53,61,,
USC00308721,"UPTON COOP NWSFO NEW YORK, NY US",9/26/2018,1.6,0,0,72,61,71,,
USC00308721,"UPTON COOP NWSFO NEW YORK, NY US",9/27/2018,0.26,0,0,74,59,60,,
USC00308721,"UPTON COOP NWSFO NEW YORK, NY US",9/28/2018,0.82,0,0,71,59,59,,
USC00308721,"UPTON COOP NWSFO NEW YORK, NY US",9/29/2018,0.1,0,0,60,49,50,,
USC00308721,"UPTON COOP NWSFO NEW YORK, NY US",9/30/2018,0,0,0,71,48,51,,
USC00308721,"UPTON COOP NWSFO NEW YORK, NY US",10/1/2018,0,0,0,69,51,58,,
USC00308721,"UPTON COOP NWSFO NEW YORK, NY US",10/2/2018,0.03,0,0,73,58,65,,
USC00308721,"UPTON COOP NWSFO NEW YORK, NY US",10/3/2018,1.23,0,0,74,62,63,,
USC00308721,"UPTON COOP NWSFO NEW YORK, NY US",10/4/2018,0,0,0,73,60,62,,
USC00308721,"UPTON COOP NWSFO NEW YORK, NY US",10/5/2018,0,0,0,74,61,61,,
USC00308721,"UPTON COOP NWSFO NEW YORK, NY US",10/6/2018,0,0,0,67,55,56,,
USC00308721,"UPTON COOP NWSFO NEW YORK, NY US",10/7/2018,0.01,0,0,68,56,68,,
USC00308721,"UPTON COOP NWSFO NEW YORK, NY US",10/8/2018,0,0,0,75,61,61,,
USC00308721,"UPTON COOP NWSFO NEW YORK, NY US",10/9/2018,0,0,0,64,61,64,,
USC00308721,"UPTON COOP NWSFO NEW YORK, NY US",10/10/2018,0,0,0,73,64,68,,
USC00308721,"UPTON COOP NWSFO NEW YORK, NY US",10/11/2018,0,0,0,77,67,71,,
USC00308721,"UPTON COOP NWSFO NEW YORK, NY US",10/12/2018,2.99,0,0,77,53,53,,
USC00308721,"UPTON COOP NWSFO NEW YORK, NY US",10/13/2018,0.02,0,0,62,45,47,,
USC00308721,"UPTON COOP NWSFO NEW YORK, NY US",10/14/2018,0.12,0,0,55,38,42,,
USC00308721,"UPTON COOP NWSFO NEW YORK, NY US",10/15/2018,0,0,0,57,42,53,,
USC00308721,"UPTON COOP NWSFO NEW YORK, NY US",10/16/2018,0.12,0,0,68,47,47,,
USC00308721,"UPTON COOP NWSFO NEW YORK, NY US",10/17/2018,0,0,0,55,39,41,,
USC00308721,"UPTON COOP NWSFO NEW YORK, NY US",10/18/2018,0.01,0,0,62,41,42,,
USC00308721,"UPTON COOP NWSFO NEW YORK, NY US",10/19/2018,0,0,0,50,33,36,,
USC00308721,"UPTON COOP NWSFO NEW YORK, NY US",10/20/2018,0.07,0,0,59,36,55,,
USC00308721,"UPTON COOP NWSFO NEW YORK, NY US",10/21/2018,0.05,0,0,63,37,45,0,
USC00308721,"UPTON COOP NWSFO NEW YORK, NY US",10/22/2018,0.02,0,0,49,30,34,,
USC00308721,"UPTON COOP NWSFO NEW YORK, NY US",10/23/2018,0,0,0,50,34,43,,
USC00308721,"UPTON COOP NWSFO NEW YORK, NY US",10/24/2018,0,0,0,61,39,45,,
USC00308721,"UPTON COOP NWSFO NEW YORK, NY US",10/25/2018,0,0,0,54,35,38,,
USC00308721,"UPTON COOP NWSFO NEW YORK, NY US",10/26/2018,0,0,0,52,35,35,,
USC00308721,"UPTON COOP NWSFO NEW YORK, NY US",10/27/2018,0.83,0,0,47,34,46,,
USC00308721,"UPTON COOP NWSFO NEW YORK, NY US",10/28/2018,0.92,0,0,54,45,45,,
USC00308721,"UPTON COOP NWSFO NEW YORK, NY US",10/29/2018,0.12,0,0,55,45,48,,
USC00308721,"UPTON COOP NWSFO NEW YORK, NY US",10/30/2018,0,0,0,57,38,41,,
USC00308721,"UPTON COOP NWSFO NEW YORK, NY US",10/31/2018,0,0,0,53,28,29,,
USC00308721,"UPTON COOP NWSFO NEW YORK, NY US",11/1/2018,0,0,0,60,29,54,,
USC00308721,"UPTON COOP NWSFO NEW YORK, NY US",11/2/2018,0.12,0,0,67,54,62,0,
USC00308721,"UPTON COOP NWSFO NEW YORK, NY US",11/3/2018,1.13,0,0,64,57,57,0,
USC00308721,"UPTON COOP NWSFO NEW YORK, NY US",11/4/2018,0.02,0,0,61,36,36,0,
USC00308721,"UPTON COOP NWSFO NEW YORK, NY US",11/5/2018,0,0,0,54,34,48,,
USC00308721,"UPTON COOP NWSFO NEW YORK, NY US",11/6/2018,0.33,0,0,53,48,52,,
USC00308721,"UPTON COOP NWSFO NEW YORK, NY US",11/7/2018,0.51,0,0,62,45,46,,
USC00308721,"UPTON COOP NWSFO NEW YORK, NY US",11/8/2018,0,0,0,61,45,45,,
USC00308721,"UPTON COOP NWSFO NEW YORK, NY US",11/9/2018,0,0,0,52,30,31,,
USC00308721,"UPTON COOP NWSFO NEW YORK, NY US",11/10/2018,1.5,0,0,51,31,44,,
USC00308721,"UPTON COOP NWSFO NEW YORK, NY US",11/11/2018,0,0,0,49,34,34,,
USC00308721,"UPTON COOP NWSFO NEW YORK, NY US",11/12/2018,0,0,0,46,24,24,,
USC00308721,"UPTON COOP NWSFO NEW YORK, NY US",11/13/2018,0.77,0,0,54,24,53,,
USC00308721,"UPTON COOP NWSFO NEW YORK, NY US",11/14/2018,0.73,0,0,60,34,34,,
USC00308721,"UPTON COOP NWSFO NEW YORK, NY US",11/15/2018,0,0,0,40,28,29,,
USC00308721,"UPTON COOP NWSFO NEW YORK, NY US",11/16/2018,1.35,4.6,2,44,29,41,,
USC00308721,"UPTON COOP NWSFO NEW YORK, NY US",11/17/2018,0.16,0,0,45,32,36,,
USC00308721,"UPTON COOP NWSFO NEW YORK, NY US",11/18/2018,0,0,0,49,34,34,,
USC00308721,"UPTON COOP NWSFO NEW YORK, NY US",11/19/2018,0,0,0,43,32,33,,
USC00308721,"UPTON COOP NWSFO NEW YORK, NY US",11/20/2018,0,0,0,54,33,44,,
USC00308721,"UPTON COOP NWSFO NEW YORK, NY US",11/21/2018,0.04,0,0,45,27,28,,
USC00308721,"UPTON COOP NWSFO NEW YORK, NY US",11/22/2018,0,0,0,44,19,19,,
USC00308721,"UPTON COOP NWSFO NEW YORK, NY US",11/23/2018,0,0,0,28,13,13,,
USC00308721,"UPTON COOP NWSFO NEW YORK, NY US",11/24/2018,0,0,0,32,13,24,,
USC00308721,"UPTON COOP NWSFO NEW YORK, NY US",11/25/2018,1.48,0,0,49,24,43,,
USC00308721,"UPTON COOP NWSFO NEW YORK, NY US",11/26/2018,0,0,0,53,40,42,,
USC00308721,"UPTON COOP NWSFO NEW YORK, NY US",11/27/2018,1.24,0,0,51,39,39,,
USC00308721,"UPTON COOP NWSFO NEW YORK, NY US",11/28/2018,0.01,0,0,44,36,36,,
USC00308721,"UPTON COOP NWSFO NEW YORK, NY US",11/29/2018,0,0,0,43,35,36,,
USC00308721,"UPTON COOP NWSFO NEW YORK, NY US",11/30/2018,0,0,0,47,26,27,,
USC00308721,"UPTON COOP NWSFO NEW YORK, NY US",12/1/2018,0.09,0,0,39,27,28,,
USC00308721,"UPTON COOP NWSFO NEW YORK, NY US",12/2/2018,0.57,0,0,48,28,48,,
USC00308721,"UPTON COOP NWSFO NEW YORK, NY US",12/3/2018,0.69,0,0,57,48,52,,
USC00308721,"UPTON COOP NWSFO NEW YORK, NY US",12/4/2018,0,0,0,58,35,35,,
USC00308721,"UPTON COOP NWSFO NEW YORK, NY US",12/5/2018,0,0,0,42,20,20,,
USC00308721,"UPTON COOP NWSFO NEW YORK, NY US",12/6/2018,0,0,0,35,20,21,,
USC00308721,"UPTON COOP NWSFO NEW YORK, NY US",12/7/2018,0,0,0,41,20,30,,
USC00308721,"UPTON COOP NWSFO NEW YORK, NY US",12/8/2018,0,0,0,40,17,17,,
USC00308721,"UPTON COOP NWSFO NEW YORK, NY US",12/9/2018,0,0,0,35,17,19,,
USC00308721,"UPTON COOP NWSFO NEW YORK, NY US",12/10/2018,0,0,0,34,19,29,,
USC00308721,"UPTON COOP NWSFO NEW YORK, NY US",12/11/2018,0,0,0,37,17,17,,
USC00308721,"UPTON COOP NWSFO NEW YORK, NY US",12/12/2018,0,0,0,39,17,30,,
USC00308721,"UPTON COOP NWSFO NEW YORK, NY US",12/13/2018,0,0,0,40,24,28,,
USC00308721,"UPTON COOP NWSFO NEW YORK, NY US",12/14/2018,0,0,0,41,28,31,,
USC00308721,"UPTON COOP NWSFO NEW YORK, NY US",12/15/2018,0.12,0,0,49,30,47,,
USC00308721,"UPTON COOP NWSFO NEW YORK, NY US",12/16/2018,0.08,0,0,50,40,40,,
USC00308721,"UPTON COOP NWSFO NEW YORK, NY US",12/17/2018,0.91,0,0,41,36,36,,
USC00308721,"UPTON COOP NWSFO NEW YORK, NY US",12/18/2018,0,0,0,42,26,26,,
USC00308721,"UPTON COOP NWSFO NEW YORK, NY US",12/19/2018,0,0,0,34,20,21,,
USC00308721,"UPTON COOP NWSFO NEW YORK, NY US",12/20/2018,0,0,0,39,19,22,,
USC00308721,"UPTON COOP NWSFO NEW YORK, NY US",12/21/2018,0.56,0,0,57,22,56,,
USC00308721,"UPTON COOP NWSFO NEW YORK, NY US",12/22/2018,0.98,0,0,61,47,47,,
USC00308721,"UPTON COOP NWSFO NEW YORK, NY US",12/23/2018,0,0,0,48,33,33,,
USC00308721,"UPTON COOP NWSFO NEW YORK, NY US",12/24/2018,0.05,0,0,42,31,32,,
USC00308721,"UPTON COOP NWSFO NEW YORK, NY US",12/25/2018,0.02,0,0,39,27,27,,
USC00308721,"UPTON COOP NWSFO NEW YORK, NY US",12/26/2018,0,0,0,41,23,23,,
USC00308721,"UPTON COOP NWSFO NEW YORK, NY US",12/27/2018,0,0,0,41,23,27,,
USC00308721,"UPTON COOP NWSFO NEW YORK, NY US",12/28/2018,0.05,0,0,44,23,44,,
USC00308721,"UPTON COOP NWSFO NEW YORK, NY US",12/29/2018,1.33,0,0,55,44,49,,
USC00308721,"UPTON COOP NWSFO NEW YORK, NY US",12/30/2018,0,0,0,51,28,29,,
USC00308721,"UPTON COOP NWSFO NEW YORK, NY US",12/31/2018,0,0,0,35,24,24,,
USC00308721,"UPTON COOP NWSFO NEW YORK, NY US",1/1/2019,1.34,0,0,53,24,53,,
USC00308721,"UPTON COOP NWSFO NEW YORK, NY US",1/2/2019,0,0,0,59,29,31,,
USC00308721,"UPTON COOP NWSFO NEW YORK, NY US",1/3/2019,0,0,0,41,28,41,,
USC00308721,"UPTON COOP NWSFO NEW YORK, NY US",1/4/2019,0,0,0,46,26,27,,
USC00308721,"UPTON COOP NWSFO NEW YORK, NY US",1/5/2019,0.29,0,0,43,27,43,,
USC00308721,"UPTON COOP NWSFO NEW YORK, NY US",1/6/2019,0.36,0,0,45,31,31,,
USC00308721,"UPTON COOP NWSFO NEW YORK, NY US",1/7/2019,0,0,0,49,21,22,,
USC00308721,"UPTON COOP NWSFO NEW YORK, NY US",1/8/2019,0.04,0,0,38,21,38,,
USC00308721,"UPTON COOP NWSFO NEW YORK, NY US",1/9/2019,0.16,0,0,47,38,40,,
USC00308721,"UPTON COOP NWSFO NEW YORK, NY US",1/10/2019,0,0,0,47,30,31,,
USC00308721,"UPTON COOP NWSFO NEW YORK, NY US",1/11/2019,0,0,0,35,23,23,,
USC00308721,"UPTON COOP NWSFO NEW YORK, NY US",1/12/2019,0,0,0,30,12,15,,
USC00308721,"UPTON COOP NWSFO NEW YORK, NY US",1/13/2019,0,0,0,31,15,24,,
USC00308721,"UPTON COOP NWSFO NEW YORK, NY US",1/14/2019,0,0,0,29,24,25,,
USC00308721,"UPTON COOP NWSFO NEW YORK, NY US",1/15/2019,0,0,0,31,17,17,,
USC00308721,"UPTON COOP NWSFO NEW YORK, NY US",1/16/2019,0,0,0,35,16,27,,
USC00308721,"UPTON COOP NWSFO NEW YORK, NY US",1/17/2019,0,0,0,38,23,23,,
USC00308721,"UPTON COOP NWSFO NEW YORK, NY US",1/18/2019,0.09,0.7,1,30,23,28,,
USC00308721,"UPTON COOP NWSFO NEW YORK, NY US",1/19/2019,0,0,0,38,27,28,,
USC00308721,"UPTON COOP NWSFO NEW YORK, NY US",1/20/2019,0.93,0.2,0,40,28,38,0,
USC00308721,"UPTON COOP NWSFO NEW YORK, NY US",1/21/2019,0.68,0,0,51,7,7,,
USC00308721,"UPTON COOP NWSFO NEW YORK, NY US",1/22/2019,0,0,0,14,6,14,,
USC00308721,"UPTON COOP NWSFO NEW YORK, NY US",1/23/2019,0,0,0,34,13,33,,
USC00308721,"UPTON COOP NWSFO NEW YORK, NY US",1/24/2019,0.02,0,0,52,33,52,,
USC00308721,"UPTON COOP NWSFO NEW YORK, NY US",1/25/2019,1.15,0,0,55,28,28,,
USC00308721,"UPTON COOP NWSFO NEW YORK, NY US",1/26/2019,0,0,0,41,18,18,,
USC00308721,"UPTON COOP NWSFO NEW YORK, NY US",1/27/2019,0,0,0,33,17,23,,
USC00308721,"UPTON COOP NWSFO NEW YORK, NY US",1/28/2019,0,0,0,46,23,26,,
USC00308721,"UPTON COOP NWSFO NEW YORK, NY US",1/29/2019,0,0,0,28,18,25,,
USC00308721,"UPTON COOP NWSFO NEW YORK, NY US",1/30/2019,0.26,0,0,42,23,23,,
USC00308721,"UPTON COOP NWSFO NEW YORK, NY US",1/31/2019,0,0.1,0,32,3,3,,
USC00308721,"UPTON COOP NWSFO NEW YORK, NY US",2/1/2019,0,0,0,16,3,8,,
USC00308721,"UPTON COOP NWSFO NEW YORK, NY US",2/2/2019,0,0,0,22,8,10,,
USC00308721,"UPTON COOP NWSFO NEW YORK, NY US",2/3/2019,0,0,0,32,10,20,,
USC00308721,"UPTON COOP NWSFO NEW YORK, NY US",2/4/2019,0,0,0,48,20,31,,
USC00308721,"UPTON COOP NWSFO NEW YORK, NY US",2/5/2019,0,0,0,56,28,29,,
USC00308721,"UPTON COOP NWSFO NEW YORK, NY US",2/6/2019,0,0,0,62,28,29,,
USC00308721,"UPTON COOP NWSFO NEW YORK, NY US",2/7/2019,0.56,0,0,45,28,36,,
USC00308721,"UPTON COOP NWSFO NEW YORK, NY US",2/8/2019,0.04,0,0,41,36,39,,
USC00308721,"UPTON COOP NWSFO NEW YORK, NY US",2/9/2019,0.06,0,0,51,23,23,,
USC00308721,"UPTON COOP NWSFO NEW YORK, NY US",2/10/2019,0,0,0,34,16,16,,
USC00308721,"UPTON COOP NWSFO NEW YORK, NY US",2/11/2019,0,0,0,35,16,30,,
USC00308721,"UPTON COOP NWSFO NEW YORK, NY US",2/12/2019,0,0,0,35,27,27,,
USC00308721,"UPTON COOP NWSFO NEW YORK, NY US",2/13/2019,0.9,2.1,1,39,25,33,,
USC00308721,"UPTON COOP NWSFO NEW YORK, NY US",2/14/2019,0,0,0,42,29,30,,
USC00308721,"UPTON COOP NWSFO NEW YORK, NY US",2/15/2019,0,0,0,45,29,45,,
USC00308721,"UPTON COOP NWSFO NEW YORK, NY US",2/16/2019,0,0,0,51,33,33,,
USC00308721,"UPTON COOP NWSFO NEW YORK, NY US",2/17/2019,0,0,0,43,23,23,,
USC00308721,"UPTON COOP NWSFO NEW YORK, NY US",2/18/2019,0.12,0.2,0,37,23,32,,
USC00308721,"UPTON COOP NWSFO NEW YORK, NY US",2/19/2019,0.04,0,0,38,20,20,,
USC00308721,"UPTON COOP NWSFO NEW YORK, NY US",2/20/2019,0,0,0,34,20,23,,
USC00308721,"UPTON COOP NWSFO NEW YORK, NY US",2/21/2019,0.75,1,1,36,23,32,,
USC00308721,"UPTON COOP NWSFO NEW YORK, NY US",2/22/2019,0,0,0,49,32,34,,
USC00308721,"UPTON COOP NWSFO NEW YORK, NY US",2/23/2019,0,0,0,42,27,28,,
USC00308721,"UPTON COOP NWSFO NEW YORK, NY US",2/24/2019,0.44,0,0,43,28,43,0,
USC00308721,"UPTON COOP NWSFO NEW YORK, NY US",2/25/2019,0.63,0,0,47,35,35,,
USC00308721,"UPTON COOP NWSFO NEW YORK, NY US",2/26/2019,0,0,0,42,24,24,,
USC00308721,"UPTON COOP NWSFO NEW YORK, NY US",2/27/2019,0,0,0,35,20,20,,
USC00308721,"UPTON COOP NWSFO NEW YORK, NY US",2/28/2019,0.02,0.2,0,26,20,25,,
USC00308721,"UPTON COOP NWSFO NEW YORK, NY US",3/1/2019,0,0,0,34,22,26,,
USC00308721,"UPTON COOP NWSFO NEW YORK, NY US",3/2/2019,,2.6,3,34,26,30,,
USC00308721,"UPTON COOP NWSFO NEW YORK, NY US",3/3/2019,0.11,0.8,2,36,29,30,,
USC00308721,"UPTON COOP NWSFO NEW YORK, NY US",3/4/2019,1.08,2.6,3,40,30,31,,
USC00308721,"UPTON COOP NWSFO NEW YORK, NY US",3/5/2019,0,0,2,39,19,20,,
USC00308721,"UPTON COOP NWSFO NEW YORK, NY US",3/6/2019,0,0,1,30,17,18,,
USC00308721,"UPTON COOP NWSFO NEW YORK, NY US",3/7/2019,0,0,1,27,15,16,,
USC00308721,"UPTON COOP NWSFO NEW YORK, NY US",3/8/2019,0,0,1,31,11,13,,
USC00308721,"UPTON COOP NWSFO NEW YORK, NY US",3/9/2019,0,0,0,36,13,28,,
USC00308721,"UPTON COOP NWSFO NEW YORK, NY US",3/10/2019,0.12,0,0,45,27,34,,
USC00308721,"UPTON COOP NWSFO NEW YORK, NY US",3/11/2019,0.53,0,0,47,34,34,,
USC00308721,"UPTON COOP NWSFO NEW YORK, NY US",3/12/2019,0,0,0,53,30,31,,
USC00308721,"UPTON COOP NWSFO NEW YORK, NY US",3/13/2019,0,0,0,44,23,24,,
USC00308721,"UPTON COOP NWSFO NEW YORK, NY US",3/14/2019,0,0,0,45,24,41,,
USC00308721,"UPTON COOP NWSFO NEW YORK, NY US",3/15/2019,0,0,0,54,41,49,,
USC00308721,"UPTON COOP NWSFO NEW YORK, NY US",3/16/2019,0.01,0,0,55,42,43,,
USC00308721,"UPTON COOP NWSFO NEW YORK, NY US",3/17/2019,0,0,0,53,27,31,,
USC00308721,"UPTON COOP NWSFO NEW YORK, NY US",3/18/2019,0,0,0,43,20,23,,
USC00308721,"UPTON COOP NWSFO NEW YORK, NY US",3/19/2019,0,0,0,44,22,26,,
USC00308721,"UPTON COOP NWSFO NEW YORK, NY US",3/20/2019,0,0,0,48,21,23,,
USC00308721,"UPTON COOP NWSFO NEW YORK, NY US",3/21/2019,0,0,0,49,23,43,,
USC00308721,"UPTON COOP NWSFO NEW YORK, NY US",3/22/2019,0.75,0,0,48,41,41,,
USC00308721,"UPTON COOP NWSFO NEW YORK, NY US",3/23/2019,0.1,0,0,46,32,33,,
USC00308721,"UPTON COOP NWSFO NEW YORK, NY US",3/24/2019,0,0,0,47,29,34,,
USC00308721,"UPTON COOP NWSFO NEW YORK, NY US",3/25/2019,0,0,0,55,34,44,,
USC00308721,"UPTON COOP NWSFO NEW YORK, NY US",3/26/2019,0,0,0,49,31,33,,
USC00308721,"UPTON COOP NWSFO NEW YORK, NY US",3/27/2019,0,0,0,45,28,33,,
USC00308721,"UPTON COOP NWSFO NEW YORK, NY US",3/28/2019,0,0,0,44,22,28,,
USC00308721,"UPTON COOP NWSFO NEW YORK, NY US",3/29/2019,0,0,0,48,28,47,,
USC00308721,"UPTON COOP NWSFO NEW YORK, NY US",3/30/2019,0,0,0,55,42,46,,
USC00308721,"UPTON COOP NWSFO NEW YORK, NY US",3/31/2019,0,0,0,64,46,55,,
USC00308721,"UPTON COOP NWSFO NEW YORK, NY US",4/1/2019,0.25,0,0,57,31,33,,
USC00308721,"UPTON COOP NWSFO NEW YORK, NY US",4/2/2019,0,0,0,46,21,28,,
USC00308721,"UPTON COOP NWSFO NEW YORK, NY US",4/3/2019,0.2,0,0,49,28,40,,
USC00308721,"UPTON COOP NWSFO NEW YORK, NY US",4/4/2019,0,0,0,64,38,44,,
USC00308721,"UPTON COOP NWSFO NEW YORK, NY US",4/5/2019,0,0,0,57,31,35,,
USC00308721,"UPTON COOP NWSFO NEW YORK, NY US",4/6/2019,0.35,0,0,43,35,40,,
USC00308721,"UPTON COOP NWSFO NEW YORK, NY US",4/7/2019,0,0,0,63,33,39,,
USC00308721,"UPTON COOP NWSFO NEW YORK, NY US",4/8/2019,0.25,0,0,61,39,52,,
USC00308721,"UPTON COOP NWSFO NEW YORK, NY US",4/9/2019,0,0,0,65,42,42,,
USC00308721,"UPTON COOP NWSFO NEW YORK, NY US",4/10/2019,0.1,0,0,48,34,43,,
USC00308721,"UPTON COOP NWSFO NEW YORK, NY US",4/11/2019,0,0,0,56,32,37,,
USC00308721,"UPTON COOP NWSFO NEW YORK, NY US",4/12/2019,0,0,0,48,37,46,,
USC00308721,"UPTON COOP NWSFO NEW YORK, NY US",4/13/2019,0.9,0,0,62,45,53,,
USC00308721,"UPTON COOP NWSFO NEW YORK, NY US",4/14/2019,0.09,0,0,65,50,52,,
USC00308721,"UPTON COOP NWSFO NEW YORK, NY US",4/15/2019,0.52,0,0,66,52,56,,
USC00308721,"UPTON COOP NWSFO NEW YORK, NY US",4/16/2019,0.04,0,0,62,40,45,,
USC00308721,"UPTON COOP NWSFO NEW YORK, NY US",4/17/2019,0,0,0,62,45,49,,
USC00308721,"UPTON COOP NWSFO NEW YORK, NY US",4/18/2019,0,0,0,59,43,48,,
USC00308721,"UPTON COOP NWSFO NEW YORK, NY US",4/19/2019,0,0,0,58,48,57,,
USC00308721,"UPTON COOP NWSFO NEW YORK, NY US",4/20/2019,0.75,0,0,64,57,60,,
USC00308721,"UPTON COOP NWSFO NEW YORK, NY US",4/21/2019,0.28,0,0,63,51,52,,
USC00308721,"UPTON COOP NWSFO NEW YORK, NY US",4/22/2019,0.05,0,0,61,47,51,,
USC00308721,"UPTON COOP NWSFO NEW YORK, NY US",4/23/2019,1.13,0,0,59,51,54,,
USC00308721,"UPTON COOP NWSFO NEW YORK, NY US",4/24/2019,0.04,0,0,71,53,60,,
USC00308721,"UPTON COOP NWSFO NEW YORK, NY US",4/25/2019,0,0,0,66,43,47,,
USC00308721,"UPTON COOP NWSFO NEW YORK, NY US",4/26/2019,0.28,0,0,62,47,51,,
USC00308721,"UPTON COOP NWSFO NEW YORK, NY US",4/27/2019,1.15,0,0,59,45,49,,
USC00308721,"UPTON COOP NWSFO NEW YORK, NY US",4/28/2019,0,0,0,57,41,47,,
USC00308721,"UPTON COOP NWSFO NEW YORK, NY US",4/29/2019,0.02,0,0,50,36,45,,
USC00308721,"UPTON COOP NWSFO NEW YORK, NY US",4/30/2019,0.28,0,0,56,44,45,,
USC00308721,"UPTON COOP NWSFO NEW YORK, NY US",5/1/2019,0,0,0,55,41,46,,
USC00308721,"UPTON COOP NWSFO NEW YORK, NY US",5/2/2019,0.02,0,0,52,46,50,,
USC00308721,"UPTON COOP NWSFO NEW YORK, NY US",5/3/2019,0.11,0,0,70,46,47,,
USC00308721,"UPTON COOP NWSFO NEW YORK, NY US",5/4/2019,0.52,0,0,53,47,52,,
USC00308721,"UPTON COOP NWSFO NEW YORK, NY US",5/5/2019,0.27,0,0,61,50,51,,
USC00308721,"UPTON COOP NWSFO NEW YORK, NY US",5/6/2019,0.91,0,0,52,46,50,,
USC00308721,"UPTON COOP NWSFO NEW YORK, NY US",5/7/2019,0,0,0,66,42,52,,
USC00308721,"UPTON COOP NWSFO NEW YORK, NY US",5/8/2019,0,0,0,63,52,54,,
USC00308721,"UPTON COOP NWSFO NEW YORK, NY US",5/9/2019,0,0,0,68,41,52,,
USC00308721,"UPTON COOP NWSFO NEW YORK, NY US",5/10/2019,0,0,0,59,51,55,,
USC00308721,"UPTON COOP NWSFO NEW YORK, NY US",5/11/2019,0.01,0,0,66,54,55,,
USC00308721,"UPTON COOP NWSFO NEW YORK, NY US",5/12/2019,0.55,0,0,66,45,46,,
USC00308721,"UPTON COOP NWSFO NEW YORK, NY US",5/13/2019,0.93,0,0,46,41,44,,
USC00308721,"UPTON COOP NWSFO NEW YORK, NY US",5/14/2019,0.45,0,0,50,41,42,,
USC00308721,"UPTON COOP NWSFO NEW YORK, NY US",5/15/2019,0.01,0,0,51,42,47,,
USC00308721,"UPTON COOP NWSFO NEW YORK, NY US",5/16/2019,0.07,0,0,64,47,53,,
USC00308721,"UPTON COOP NWSFO NEW YORK, NY US",5/17/2019,0,0,0,70,51,62,,
USC00308721,"UPTON COOP NWSFO NEW YORK, NY US",5/18/2019,0,0,0,70,49,59,,
USC00308721,"UPTON COOP NWSFO NEW YORK, NY US",5/19/2019,0,0,0,72,51,60,,
USC00308721,"UPTON COOP NWSFO NEW YORK, NY US",5/20/2019,0,0,0,71,59,65,,
USC00308721,"UPTON COOP NWSFO NEW YORK, NY US",5/21/2019,0,0,0,79,56,58,,
USC00308721,"UPTON COOP NWSFO NEW YORK, NY US",5/22/2019,0,0,0,70,47,58,,
USC00308721,"UPTON COOP NWSFO NEW YORK, NY US",5/23/2019,0.08,0,0,72,54,55,,
USC00308721,"UPTON COOP NWSFO NEW YORK, NY US",5/24/2019,0.02,0,0,67,55,66,,
USC00308721,"UPTON COOP NWSFO NEW YORK, NY US",5/25/2019,0,0,0,75,46,58,,
USC00308721,"UPTON COOP NWSFO NEW YORK, NY US",5/26/2019,0.06,0,0,69,55,65,,
USC00308721,"UPTON COOP NWSFO NEW YORK, NY US",5/27/2019,0,0,0,85,59,67,,
USC00308721,"UPTON COOP NWSFO NEW YORK, NY US",5/28/2019,0,0,0,79,55,61,,
USC00308721,"UPTON COOP NWSFO NEW YORK, NY US",5/29/2019,0.25,0,0,66,50,51,,
USC00308721,"UPTON COOP NWSFO NEW YORK, NY US",5/30/2019,0.59,0,0,62,51,54,,
USC00308721,"UPTON COOP NWSFO NEW YORK, NY US",5/31/2019,0.91,0,0,67,54,64,,
USC00308721,"UPTON COOP NWSFO NEW YORK, NY US",6/1/2019,0,0,0,78,58,63,,
USC00308721,"UPTON COOP NWSFO NEW YORK, NY US",6/2/2019,0,0,0,75,56,61,,
USC00308721,"UPTON COOP NWSFO NEW YORK, NY US",6/3/2019,0.06,0,0,75,51,60,,
USC00308721,"UPTON COOP NWSFO NEW YORK, NY US",6/4/2019,0,0,0,70,40,55,,
USC00308721,"UPTON COOP NWSFO NEW YORK, NY US",6/5/2019,0,0,0,69,55,64,,
USC00308721,"UPTON COOP NWSFO NEW YORK, NY US",6/6/2019,0.15,0,0,75,64,68,,
USC00308721,"UPTON COOP NWSFO NEW YORK, NY US",6/7/2019,0,0,0,81,60,62,,
USC00308721,"UPTON COOP NWSFO NEW YORK, NY US",6/8/2019,0,0,0,76,52,62,,
USC00308721,"UPTON COOP NWSFO NEW YORK, NY US",6/9/2019,0,0,0,78,48,61,,
USC00308721,"UPTON COOP NWSFO NEW YORK, NY US",6/10/2019,0,0,0,73,49,62,,
USC00308721,"UPTON COOP NWSFO NEW YORK, NY US",6/11/2019,0.8,0,0,73,62,68,,
USC00308721,"UPTON COOP NWSFO NEW YORK, NY US",6/12/2019,0.23,0,0,74,52,64,,
USC00308721,"UPTON COOP NWSFO NEW YORK, NY US",6/13/2019,0.04,0,0,73,56,58,,
USC00308721,"UPTON COOP NWSFO NEW YORK, NY US",6/14/2019,1.17,0,0,61,54,61,,
USC00308721,"UPTON COOP NWSFO NEW YORK, NY US",6/15/2019,0,0,0,71,50,63,,
USC00308721,"UPTON COOP NWSFO NEW YORK, NY US",6/16/2019,0.04,0,0,75,63,65,,
USC00308721,"UPTON COOP NWSFO NEW YORK, NY US",6/17/2019,0,0,0,73,65,68,,
USC00308721,"UPTON COOP NWSFO NEW YORK, NY US",6/18/2019,0,0,0,77,63,66,,
USC00308721,"UPTON COOP NWSFO NEW YORK, NY US",6/19/2019,0.32,0,0,68,63,66,,
USC00308721,"UPTON COOP NWSFO NEW YORK, NY US",6/20/2019,0.49,0,0,70,63,67,,
USC00308721,"UPTON COOP NWSFO NEW YORK, NY US",6/21/2019,0.41,0,0,70,67,67,,
USC00308721,"UPTON COOP NWSFO NEW YORK, NY US",6/22/2019,0.14,0,0,71,57,63,,
USC00308721,"UPTON COOP NWSFO NEW YORK, NY US",6/23/2019,0,0,0,79,58,66,,
USC00308721,"UPTON COOP NWSFO NEW YORK, NY US",6/24/2019,0,0,0,82,57,69,,
USC00308721,"UPTON COOP NWSFO NEW YORK, NY US",6/25/2019,0,0,0,83,66,69,,
USC00308721,"UPTON COOP NWSFO NEW YORK, NY US",6/26/2019,0.48,0,0,70,67,69,,
USC00308721,"UPTON COOP NWSFO NEW YORK, NY US",6/27/2019,0,0,0,85,62,72,,
USC00308721,"UPTON COOP NWSFO NEW YORK, NY US",6/28/2019,0,0,0,88,60,73,,
USC00308721,"UPTON COOP NWSFO NEW YORK, NY US",6/29/2019,0,0,0,88,68,75,,
USC00308721,"UPTON COOP NWSFO NEW YORK, NY US",6/30/2019,0,0,0,89,69,75,,
USC00308721,"UPTON COOP NWSFO NEW YORK, NY US",7/1/2019,0.06,0,0,83,61,69,,
USC00308721,"UPTON COOP NWSFO NEW YORK, NY US",7/2/2019,0,0,0,83,63,73,,
USC00308721,"UPTON COOP NWSFO NEW YORK, NY US",7/3/2019,0,0,0,84,69,75,,
USC00308721,"UPTON COOP NWSFO NEW YORK, NY US",7/4/2019,0,0,0,86,64,75,,
USC00308721,"UPTON COOP NWSFO NEW YORK, NY US",7/5/2019,0,0,0,87,64,70,,
USC00308721,"UPTON COOP NWSFO NEW YORK, NY US",7/6/2019,0,0,0,81,70,77,,
USC00308721,"UPTON COOP NWSFO NEW YORK, NY US",7/7/2019,0,0,0,86,72,73,,
USC00308721,"UPTON COOP NWSFO NEW YORK, NY US",7/8/2019,0,0,0,81,61,64,,
USC00308721,"UPTON COOP NWSFO NEW YORK, NY US",7/9/2019,0,0,0,76,58,69,,
USC00308721,"UPTON COOP NWSFO NEW YORK, NY US",7/10/2019,0,0,0,85,62,67,,
USC00308721,"UPTON COOP NWSFO NEW YORK, NY US",7/11/2019,0,0,0,86,67,74,,
USC00308721,"UPTON COOP NWSFO NEW YORK, NY US",7/12/2019,0.21,0,0,81,69,72,,
USC00308721,"UPTON COOP NWSFO NEW YORK, NY US",7/13/2019,0,0,0,87,66,70,,
USC00308721,"UPTON COOP NWSFO NEW YORK, NY US",7/14/2019,0,0,0,82,68,75,,
USC00308721,"UPTON COOP NWSFO NEW YORK, NY US",7/15/2019,0,0,0,89,65,72,,
USC00308721,"UPTON COOP NWSFO NEW YORK, NY US",7/16/2019,0,0,0,84,59,70,,
USC00308721,"UPTON COOP NWSFO NEW YORK, NY US",7/17/2019,0,0,0,86,70,78,,
USC00308721,"UPTON COOP NWSFO NEW YORK, NY US",7/18/2019,0.8,0,0,89,71,73,,
USC00308721,"UPTON COOP NWSFO NEW YORK, NY US",7/19/2019,0.07,0,0,78,67,68,,
USC00308721,"UPTON COOP NWSFO NEW YORK, NY US",7/20/2019,0,0,0,81,68,80,,
USC00308721,"UPTON COOP NWSFO NEW YORK, NY US",7/21/2019,0,0,0,95,76,84,,
USC00308721,"UPTON COOP NWSFO NEW YORK, NY US",7/22/2019,0.09,0,0,96,70,76,,
USC00308721,"UPTON COOP NWSFO NEW YORK, NY US",7/23/2019,0.92,0,0,87,65,65,,
USC00308721,"UPTON COOP NWSFO NEW YORK, NY US",7/24/2019,0.82,0,0,70,63,65,,
USC00308721,"UPTON COOP NWSFO NEW YORK, NY US",7/25/2019,0,0,0,80,60,67,,
USC00308721,"UPTON COOP NWSFO NEW YORK, NY US",7/26/2019,0,0,0,83,59,68,,
USC00308721,"UPTON COOP NWSFO NEW YORK, NY US",7/27/2019,0,0,0,85,62,71,,
USC00308721,"UPTON COOP NWSFO NEW YORK, NY US",7/28/2019,0,0,0,80,66,74,,
USC00308721,"UPTON COOP NWSFO NEW YORK, NY US",7/29/2019,0,0,0,86,69,75,,
USC00308721,"UPTON COOP NWSFO NEW YORK, NY US",7/30/2019,0,0,0,88,71,78,,
USC00308721,"UPTON COOP NWSFO NEW YORK, NY US",7/31/2019,0,0,0,89,71,78,,
USC00308721,"UPTON COOP NWSFO NEW YORK, NY US",8/1/2019,0.02,0,0,85,67,70,,
USC00308721,"UPTON COOP NWSFO NEW YORK, NY US",8/2/2019,0,0,0,84,63,70,,
USC00308721,"UPTON COOP NWSFO NEW YORK, NY US",8/3/2019,0,0,0,80,63,74,,
USC00308721,"UPTON COOP NWSFO NEW YORK, NY US",8/4/2019,0,0,0,83,68,72,,
USC00308721,"UPTON COOP NWSFO NEW YORK, NY US",8/5/2019,0,0,0,86,64,69,,
USC00308721,"UPTON COOP NWSFO NEW YORK, NY US",8/6/2019,0,0,0,80,63,71,,
USC00308721,"UPTON COOP NWSFO NEW YORK, NY US",8/7/2019,0.1,0,0,77,65,73,,
USC00308721,"UPTON COOP NWSFO NEW YORK, NY US",8/8/2019,0.42,0,0,81,66,70,,
USC00308721,"UPTON COOP NWSFO NEW YORK, NY US",8/9/2019,0.09,0,0,82,63,68,,
USC00308721,"UPTON COOP NWSFO NEW YORK, NY US",8/10/2019,0,0,0,84,58,67,,
USC00308721,"UPTON COOP NWSFO NEW YORK, NY US",8/11/2019,0,0,0,80,55,65,,
USC00308721,"UPTON COOP NWSFO NEW YORK, NY US",8/12/2019,0,0,0,80,56,64,,
USC00308721,"UPTON COOP NWSFO NEW YORK, NY US",8/13/2019,0.01,0,0,84,64,74,,
USC00308721,"UPTON COOP NWSFO NEW YORK, NY US",8/14/2019,0.21,0,0,75,68,71,,
USC00308721,"UPTON COOP NWSFO NEW YORK, NY US",8/15/2019,0,0,0,78,63,69,,
USC00308721,"UPTON COOP NWSFO NEW YORK, NY US",8/16/2019,0,0,0,82,61,65,,
USC00308721,"UPTON COOP NWSFO NEW YORK, NY US",8/17/2019,0.03,0,0,81,65,72,,
USC00308721,"UPTON COOP NWSFO NEW YORK, NY US",8/18/2019,0.02,0,0,80,69,72,,
USC00308721,"UPTON COOP NWSFO NEW YORK, NY US",8/19/2019,0.09,0,0,86,70,75,,
USC00308721,"UPTON COOP NWSFO NEW YORK, NY US",8/20/2019,0,0,0,86,68,73,,
USC00308721,"UPTON COOP NWSFO NEW YORK, NY US",8/21/2019,0,0,0,88,67,76,,
USC00308721,"UPTON COOP NWSFO NEW YORK, NY US",8/22/2019,0.15,0,0,84,70,75,,
USC00308721,"UPTON COOP NWSFO NEW YORK, NY US",8/23/2019,0.79,0,0,90,64,64,,
USC00308721,"UPTON COOP NWSFO NEW YORK, NY US",8/24/2019,0.01,0,0,72,60,65,,
USC00308721,"UPTON COOP NWSFO NEW YORK, NY US",8/25/2019,0,0,0,74,57,64,,
USC00308721,"UPTON COOP NWSFO NEW YORK, NY US",8/26/2019,0,0,0,74,58,60,,
USC00308721,"UPTON COOP NWSFO NEW YORK, NY US",8/27/2019,0,0,0,73,48,59,,
USC00308721,"UPTON COOP NWSFO NEW YORK, NY US",8/28/2019,0,0,0,71,58,66,,
USC00308721,"UPTON COOP NWSFO NEW YORK, NY US",8/29/2019,0.55,0,0,73,63,66,,
USC00308721,"UPTON COOP NWSFO NEW YORK, NY US",8/30/2019,0,0,0,81,55,66,,
USC00308721,"UPTON COOP NWSFO NEW YORK, NY US",8/31/2019,0,0,0,81,63,67,,
USC00308721,"UPTON COOP NWSFO NEW YORK, NY US",9/1/2019,0,0,0,78,55,64,,
USC00308721,"UPTON COOP NWSFO NEW YORK, NY US",9/2/2019,0,0,0,75,54,60,,
USC00308721,"UPTON COOP NWSFO NEW YORK, NY US",9/3/2019,0.2,0,0,74,60,65,,
USC00308721,"UPTON COOP NWSFO NEW YORK, NY US",9/4/2019,0,0,0,79,57,70,,
USC00308721,"UPTON COOP NWSFO NEW YORK, NY US",9/5/2019,0.01,0,0,77,62,63,,
USC00308721,"UPTON COOP NWSFO NEW YORK, NY US",9/6/2019,0,0,0,72,57,62,,
USC00308721,"UPTON COOP NWSFO NEW YORK, NY US",9/7/2019,0.15,0,0,65,55,56,,
USC00308721,"UPTON COOP NWSFO NEW YORK, NY US",9/8/2019,0,0,0,73,55,62,,
USC00308721,"UPTON COOP NWSFO NEW YORK, NY US",9/9/2019,0,0,0,77,58,62,,
USC00308721,"UPTON COOP NWSFO NEW YORK, NY US",9/10/2019,0,0,0,77,57,61,,
USC00308721,"UPTON COOP NWSFO NEW YORK, NY US",9/11/2019,0,0,0,76,61,70,,
USC00308721,"UPTON COOP NWSFO NEW YORK, NY US",9/12/2019,0,0,0,79,68,72,,
USC00308721,"UPTON COOP NWSFO NEW YORK, NY US",9/13/2019,0.03,0,0,76,51,56,,
USC00308721,"UPTON COOP NWSFO NEW YORK, NY US",9/14/2019,0,0,0,68,47,56,,
USC00308721,"UPTON COOP NWSFO NEW YORK, NY US",9/15/2019,0.16,0,0,74,56,68,,
USC00308721,"UPTON COOP NWSFO NEW YORK, NY US",9/16/2019,0,0,0,79,61,64,,
USC00308721,"UPTON COOP NWSFO NEW YORK, NY US",9/17/2019,0,0,0,71,46,53,,
USC00308721,"UPTON COOP NWSFO NEW YORK, NY US",9/18/2019,0,0,0,72,48,54,,
USC00308721,"UPTON COOP NWSFO NEW YORK, NY US",9/19/2019,0,0,0,65,43,46,,
USC00308721,"UPTON COOP NWSFO NEW YORK, NY US",9/20/2019,0,0,0,67,41,51,,
USC00308721,"UPTON COOP NWSFO NEW YORK, NY US",9/21/2019,0,0,0,75,49,57,,
USC00308721,"UPTON COOP NWSFO NEW YORK, NY US",9/22/2019,0,0,0,81,51,55,,
USC00308721,"UPTON COOP NWSFO NEW YORK, NY US",9/23/2019,0,0,0,81,55,70,,
USC00308721,"UPTON COOP NWSFO NEW YORK, NY US",9/24/2019,0.24,0,0,79,62,63,,
USC00308721,"UPTON COOP NWSFO NEW YORK, NY US",9/25/2019,0,0,0,76,51,54,,
USC00308721,"UPTON COOP NWSFO NEW YORK, NY US",9/26/2019,0,0,0,75,53,56,,
USC00308721,"UPTON COOP NWSFO NEW YORK, NY US",9/27/2019,0.35,0,0,77,48,52,,
USC00308721,"UPTON COOP NWSFO NEW YORK, NY US",9/28/2019,0,0,0,72,48,55,,
USC00308721,"UPTON COOP NWSFO NEW YORK, NY US",9/29/2019,0,0,0,75,55,66,,
USC00308721,"UPTON COOP NWSFO NEW YORK, NY US",9/30/2019,0,0,0,76,55,56,,
USC00308721,"UPTON COOP NWSFO NEW YORK, NY US",10/1/2019,0,0,0,69,56,64,,
USC00308721,"UPTON COOP NWSFO NEW YORK, NY US",10/2/2019,0,0,0,75,64,72,,
USC00308721,"UPTON COOP NWSFO NEW YORK, NY US",10/3/2019,0.09,0,0,89,51,51,,
USC00308721,"UPTON COOP NWSFO NEW YORK, NY US",10/4/2019,0.28,0,0,59,50,56,,
USC00308721,"UPTON COOP NWSFO NEW YORK, NY US",10/5/2019,0,0,0,64,39,44,,
USC00308721,"UPTON COOP NWSFO NEW YORK, NY US",10/6/2019,0,0,0,59,37,47,,
USC00308721,"UPTON COOP NWSFO NEW YORK, NY US",10/7/2019,0,0,0,68,47,68,,
USC00308721,"UPTON COOP NWSFO NEW YORK, NY US",10/8/2019,0.04,0,0,76,58,59,,
USC00308721,"UPTON COOP NWSFO NEW YORK, NY US",10/9/2019,0.14,0,0,61,52,53,,
USC00308721,"UPTON COOP NWSFO NEW YORK, NY US",10/10/2019,1.26,0,0,54,50,54,,
USC00308721,"UPTON COOP NWSFO NEW YORK, NY US",10/11/2019,0.1,0,0,62,49,53,,
USC00308721,"UPTON COOP NWSFO NEW YORK, NY US",10/12/2019,0,0,0,58,53,54,,
USC00308721,"UPTON COOP NWSFO NEW YORK, NY US",10/13/2019,0,0,0,59,45,49,,
USC00308721,"UPTON COOP NWSFO NEW YORK, NY US",10/14/2019,0.02,0,0,64,49,54,,
USC00308721,"UPTON COOP NWSFO NEW YORK, NY US",10/15/2019,0,0,0,68,41,42,,
USC00308721,"UPTON COOP NWSFO NEW YORK, NY US",10/16/2019,0,0,0,61,34,38,,
USC00308721,"UPTON COOP NWSFO NEW YORK, NY US",10/17/2019,2,0,0,64,38,51,,
USC00308721,"UPTON COOP NWSFO NEW YORK, NY US",10/18/2019,0,0,0,58,48,50,,
USC00308721,"UPTON COOP NWSFO NEW YORK, NY US",10/19/2019,0,0,0,61,34,35,,
USC00308721,"UPTON COOP NWSFO NEW YORK, NY US",10/20/2019,0,0,0,59,33,35,,
USC00308721,"UPTON COOP NWSFO NEW YORK, NY US",10/21/2019,0.53,0,0,60,35,51,,
USC00308721,"UPTON COOP NWSFO NEW YORK, NY US",10/22/2019,0,0,0,62,45,52,,
USC00308721,"UPTON COOP NWSFO NEW YORK, NY US",10/23/2019,0.46,0,0,64,52,55,,
USC00308721,"UPTON COOP NWSFO NEW YORK, NY US",10/24/2019,0,0,0,66,36,37,,
USC00308721,"UPTON COOP NWSFO NEW YORK, NY US",10/25/2019,0,0,0,66,37,40,,
USC00308721,"UPTON COOP NWSFO NEW YORK, NY US",10/26/2019,0,0,0,63,40,49,,
USC00308721,"UPTON COOP NWSFO NEW YORK, NY US",10/27/2019,0,0,0,61,49,58,,
USC00308721,"UPTON COOP NWSFO NEW YORK, NY US",10/28/2019,1.53,0,0,66,48,52,,
USC00308721,"UPTON COOP NWSFO NEW YORK, NY US",10/29/2019,0.01,0,0,66,48,52,,
USC00308721,"UPTON COOP NWSFO NEW YORK, NY US",10/30/2019,0.14,0,0,59,52,59,,
USC00308721,"UPTON COOP NWSFO NEW YORK, NY US",10/31/2019,0.15,0,0,65,59,65,,
USC00308721,"UPTON COOP NWSFO NEW YORK, NY US",11/1/2019,0.15,0,0,68,45,45,,
USC00308721,"UPTON COOP NWSFO NEW YORK, NY US",11/2/2019,0,0,0,57,30,30,,
USC00308721,"UPTON COOP NWSFO NEW YORK, NY US",11/3/2019,0,0,0,53,30,33,,
USC00308721,"UPTON COOP NWSFO NEW YORK, NY US",11/4/2019,0,0,0,55,28,29,,
USC00308721,"UPTON COOP NWSFO NEW YORK, NY US",11/5/2019,0,0,0,54,29,43,,
USC00308721,"UPTON COOP NWSFO NEW YORK, NY US",11/6/2019,0.38,0,0,58,36,37,,
USC00308721,"UPTON COOP NWSFO NEW YORK, NY US",11/7/2019,0,0,0,54,31,40,,
USC00308721,"UPTON COOP NWSFO NEW YORK, NY US",11/8/2019,0.1,0,0,58,31,31,,
USC00308721,"UPTON COOP NWSFO NEW YORK, NY US",11/9/2019,0,0,0,39,21,21,,
USC00308721,"UPTON COOP NWSFO NEW YORK, NY US",11/10/2019,0,0,0,39,21,26,,
USC00308721,"UPTON COOP NWSFO NEW YORK, NY US",11/11/2019,0,0,0,52,26,33,,
USC00308721,"UPTON COOP NWSFO NEW YORK, NY US",11/12/2019,0,0,0,60,33,56,,
USC00308721,"UPTON COOP NWSFO NEW YORK, NY US",11/13/2019,0.22,0.1,0,56,23,23,,
USC00308721,"UPTON COOP NWSFO NEW YORK, NY US",11/14/2019,0,0,0,32,17,20,,
USC00308721,"UPTON COOP NWSFO NEW YORK, NY US",11/15/2019,0,0,0,46,20,36,,
USC00308721,"UPTON COOP NWSFO NEW YORK, NY US",11/16/2019,0,0,0,52,32,32,,
USC00308721,"UPTON COOP NWSFO NEW YORK, NY US",11/17/2019,0,0,0,39,27,34,,
USC00308721,"UPTON COOP NWSFO NEW YORK, NY US",11/18/2019,0.02,0,0,41,33,39,,
USC00308721,"UPTON COOP NWSFO NEW YORK, NY US",11/19/2019,0.37,0,0,43,38,39,,
USC00308721,"UPTON COOP NWSFO NEW YORK, NY US",11/20/2019,0.01,0,0,46,38,40,,
USC00308721,"UPTON COOP NWSFO NEW YORK, NY US",11/21/2019,0.01,0,0,42,35,35,,
USC00308721,"UPTON COOP NWSFO NEW YORK, NY US",11/22/2019,0,0,0,50,35,48,,
USC00308721,"UPTON COOP NWSFO NEW YORK, NY US",11/23/2019,0.13,0,0,52,26,28,,
USC00308721,"UPTON COOP NWSFO NEW YORK, NY US",11/24/2019,0.36,0,0,48,28,48,,
USC00308721,"UPTON COOP NWSFO NEW YORK, NY US",11/25/2019,0.4,0,0,51,36,36,,
USC00308721,"UPTON COOP NWSFO NEW YORK, NY US",11/26/2019,0,0,0,52,31,33,,
USC00308721,"UPTON COOP NWSFO NEW YORK, NY US",11/27/2019,0,0,0,59,33,38,,
USC00308721,"UPTON COOP NWSFO NEW YORK, NY US",11/28/2019,0.04,0,0,58,38,43,,
USC00308721,"UPTON COOP NWSFO NEW YORK, NY US",11/29/2019,0,0,0,50,30,30,,
USC00308721,"UPTON COOP NWSFO NEW YORK, NY US",11/30/2019,0,0,0,41,29,29,,
USC00308721,"UPTON COOP NWSFO NEW YORK, NY US",12/1/2019,0,0,0,40,25,25,,
USC00308721,"UPTON COOP NWSFO NEW YORK, NY US",12/2/2019,0.7,0,0,39,25,38,,
USC00308721,"UPTON COOP NWSFO NEW YORK, NY US",12/3/2019,0.41,1.5,1,40,29,29,,
USC00308721,"UPTON COOP NWSFO NEW YORK, NY US",12/4/2019,0,0,0,36,26,29,,
USC00308721,"UPTON COOP NWSFO NEW YORK, NY US",12/5/2019,0,0,0,38,29,35,,
USC00308721,"UPTON COOP NWSFO NEW YORK, NY US",12/6/2019,0,0,0,44,31,31,,
USC00308721,"UPTON COOP NWSFO NEW YORK, NY US",12/7/2019,0,0,0,48,29,29,,
USC00308721,"UPTON COOP NWSFO NEW YORK, NY US",12/8/2019,0,0,0,39,15,15,,
USC00308721,"UPTON COOP NWSFO NEW YORK, NY US",12/9/2019,0.17,0,0,50,14,50,,
USC00308721,"UPTON COOP NWSFO NEW YORK, NY US",12/10/2019,1.46,0,0,56,50,53,,
USC00308721,"UPTON COOP NWSFO NEW YORK, NY US",12/11/2019,0.42,1.5,2,53,29,29,,
USC00308721,"UPTON COOP NWSFO NEW YORK, NY US",12/12/2019,0.06,0.6,1,32,22,23,,
USC00308721,"UPTON COOP NWSFO NEW YORK, NY US",12/13/2019,0,0,1,33,19,32,,
USC00308721,"UPTON COOP NWSFO NEW YORK, NY US",12/14/2019,2.37,0,0,57,31,57,,
USC00308721,"UPTON COOP NWSFO NEW YORK, NY US",12/15/2019,0.12,0,0,59,41,41,,
USC00308721,"UPTON COOP NWSFO NEW YORK, NY US",12/16/2019,0,0,0,50,29,29,,
USC00308721,"UPTON COOP NWSFO NEW YORK, NY US",12/17/2019,0.54,0.2,0,35,29,32,,
USC00308721,"UPTON COOP NWSFO NEW YORK, NY US",12/18/2019,0.44,0,0,34,29,29,,
USC00308721,"UPTON COOP NWSFO NEW YORK, NY US",12/19/2019,0,0,0,39,16,17,,
USC00308721,"UPTON COOP NWSFO NEW YORK, NY US",12/20/2019,0,0,0,25,16,20,,
USC00308721,"UPTON COOP NWSFO NEW YORK, NY US",12/21/2019,0,0,0,31,18,18,,
USC00308721,"UPTON COOP NWSFO NEW YORK, NY US",12/22/2019,0,0,0,37,17,19,,
USC00308721,"UPTON COOP NWSFO NEW YORK, NY US",12/23/2019,0,0,0,47,19,29,,
USC00308721,"UPTON COOP NWSFO NEW YORK, NY US",12/24/2019,0,0,0,56,28,39,,
USC00308721,"UPTON COOP NWSFO NEW YORK, NY US",12/25/2019,0,0,0,46,21,23,,
USC00308721,"UPTON COOP NWSFO NEW YORK, NY US",12/26/2019,0,0,0,46,23,34,,
USC00308721,"UPTON COOP NWSFO NEW YORK, NY US",12/27/2019,0,0,0,44,33,44,,
USC00308721,"UPTON COOP NWSFO NEW YORK, NY US",12/28/2019,0,0,0,53,35,36,,
USC00308721,"UPTON COOP NWSFO NEW YORK, NY US",12/29/2019,0,0,0,48,27,27,,
USC00308721,"UPTON COOP NWSFO NEW YORK, NY US",12/30/2019,0.82,0,0,43,27,39,,
USC00308721,"UPTON COOP NWSFO NEW YORK, NY US",12/31/2019,0.73,0,0,40,35,35,,
USC00308721,"UPTON COOP NWSFO NEW YORK, NY US",1/1/2020,0,0,0,41,34,34,,
USC00308721,"UPTON COOP NWSFO NEW YORK, NY US",1/2/2020,0,0,0,41,25,25,,
USC00308721,"UPTON COOP NWSFO NEW YORK, NY US",1/3/2020,0.08,0,0,49,25,42,,
USC00308721,"UPTON COOP NWSFO NEW YORK, NY US",1/4/2020,0.21,0,0,45,42,44,,
USC00308721,"UPTON COOP NWSFO NEW YORK, NY US",1/5/2020,0.15,0,0,50,35,35,,
USC00308721,"UPTON COOP NWSFO NEW YORK, NY US",1/6/2020,0.01,0,0,42,28,31,,
USC00308721,"UPTON COOP NWSFO NEW YORK, NY US",1/7/2020,0,0,0,45,29,33,,
USC00308721,"UPTON COOP NWSFO NEW YORK, NY US",1/8/2020,0.17,0.6,0,42,28,29,,
USC00308721,"UPTON COOP NWSFO NEW YORK, NY US",1/9/2020,0,0,0,40,22,23,,
USC00308721,"UPTON COOP NWSFO NEW YORK, NY US",1/10/2020,0,0,0,40,21,40,,
USC00308721,"UPTON COOP NWSFO NEW YORK, NY US",1/11/2020,0,0,0,52,40,50,,
USC00308721,"UPTON COOP NWSFO NEW YORK, NY US",1/12/2020,0.05,0,0,59,50,56,,
USC00308721,"UPTON COOP NWSFO NEW YORK, NY US",1/13/2020,0,0,0,67,34,35,,
USC00308721,"UPTON COOP NWSFO NEW YORK, NY US",1/14/2020,0,0,0,46,35,35,,
USC00308721,"UPTON COOP NWSFO NEW YORK, NY US",1/15/2020,0.14,0,0,44,35,40,,
USC00308721,"UPTON COOP NWSFO NEW YORK, NY US",1/16/2020,0.06,0,0,49,28,45,,
USC00308721,"UPTON COOP NWSFO NEW YORK, NY US",1/17/2020,0,0,0,50,20,20,,
USC00308721,"UPTON COOP NWSFO NEW YORK, NY US",1/18/2020,0,0,0,25,16,19,,
USC00308721,"UPTON COOP NWSFO NEW YORK, NY US",1/19/2020,0.42,2.1,0,40,19,35,,
USC00308721,"UPTON COOP NWSFO NEW YORK, NY US",1/20/2020,0,0,0,46,18,18,,
USC00308721,"UPTON COOP NWSFO NEW YORK, NY US",1/21/2020,0,0,0,29,16,17,,
USC00308721,"UPTON COOP NWSFO NEW YORK, NY US",1/22/2020,0,0,0,30,12,12,,
USC00308721,"UPTON COOP NWSFO NEW YORK, NY US",1/23/2020,0,0,0,37,12,16,,
USC00308721,"UPTON COOP NWSFO NEW YORK, NY US",1/24/2020,0,0,0,45,14,23,,
USC00308721,"UPTON COOP NWSFO NEW YORK, NY US",1/25/2020,0,0,0,53,23,38,,
USC00308721,"UPTON COOP NWSFO NEW YORK, NY US",1/26/2020,0.64,0,0,50,30,31,,
USC00308721,"UPTON COOP NWSFO NEW YORK, NY US",1/27/2020,0,0,0,47,30,35,,
USC00308721,"UPTON COOP NWSFO NEW YORK, NY US",1/28/2020,0,0,0,46,35,36,,
USC00308721,"UPTON COOP NWSFO NEW YORK, NY US",1/29/2020,0,0,0,46,30,30,,
USC00308721,"UPTON COOP NWSFO NEW YORK, NY US",1/30/2020,0,0,0,38,21,21,,
USC00308721,"UPTON COOP NWSFO NEW YORK, NY US",1/31/2020,0,0,0,37,21,23,,
USC00308721,"UPTON COOP NWSFO NEW YORK, NY US",2/1/2020,0.1,0,0,43,23,34,,
USC00308721,"UPTON COOP NWSFO NEW YORK, NY US",2/2/2020,0.03,0,0,41,34,34,,
USC00308721,"UPTON COOP NWSFO NEW YORK, NY US",2/3/2020,0.01,0,0,43,31,34,,
USC00308721,"UPTON COOP NWSFO NEW YORK, NY US",2/4/2020,0,0,0,52,31,38,,
USC00308721,"UPTON COOP NWSFO NEW YORK, NY US",2/5/2020,0.06,0,0,52,35,37,,
USC00308721,"UPTON COOP NWSFO NEW YORK, NY US",2/6/2020,0.47,0,0,41,37,39,,
USC00308721,"UPTON COOP NWSFO NEW YORK, NY US",2/7/2020,0.35,0,0,42,37,42,,
USC00308721,"UPTON COOP NWSFO NEW YORK, NY US",2/8/2020,0.02,0,0,55,27,27,,
USC00308721,"UPTON COOP NWSFO NEW YORK, NY US",2/9/2020,0,0,0,41,22,27,,
USC00308721,"UPTON COOP NWSFO NEW YORK, NY US",2/10/2020,0,0,0,45,27,43,,
USC00308721,"UPTON COOP NWSFO NEW YORK, NY US",2/11/2020,0.69,0,0,44,41,41,,
USC00308721,"UPTON COOP NWSFO NEW YORK, NY US",2/12/2020,0.2,0,0,44,34,34,,
USC00308721,"UPTON COOP NWSFO NEW YORK, NY US",2/13/2020,0.52,0,0,45,34,37,,
USC00308721,"UPTON COOP NWSFO NEW YORK, NY US",2/14/2020,0,0,0,40,29,32,,
USC00308721,"UPTON COOP NWSFO NEW YORK, NY US",2/15/2020,0,0,0,32,10,11,,
USC00308721,"UPTON COOP NWSFO NEW YORK, NY US",2/16/2020,0,0,0,32,11,32,,
USC00308721,"UPTON COOP NWSFO NEW YORK, NY US",2/17/2020,0,0,0,42,27,28,,
USC00308721,"UPTON COOP NWSFO NEW YORK, NY US",2/18/2020,0,0,0,49,28,38,,
USC00308721,"UPTON COOP NWSFO NEW YORK, NY US",2/19/2020,0.13,0,0,48,38,38,,
USC00308721,"UPTON COOP NWSFO NEW YORK, NY US",2/20/2020,0,0,0,48,25,26,,
USC00308721,"UPTON COOP NWSFO NEW YORK, NY US",2/21/2020,0,0,0,33,19,19,,
USC00308721,"UPTON COOP NWSFO NEW YORK, NY US",2/22/2020,0,0,0,32,19,26,,
USC00308721,"UPTON COOP NWSFO NEW YORK, NY US",2/23/2020,0,0,0,48,20,20,,
USC00308721,"UPTON COOP NWSFO NEW YORK, NY US",2/24/2020,0,0,0,54,20,28,,
USC00308721,"UPTON COOP NWSFO NEW YORK, NY US",2/25/2020,0,0,0,56,28,42,,
USC00308721,"UPTON COOP NWSFO NEW YORK, NY US",2/26/2020,0.18,0,0,50,42,42,,
USC00308721,"UPTON COOP NWSFO NEW YORK, NY US",2/27/2020,0.86,0,0,50,42,44,,
USC00308721,"UPTON COOP NWSFO NEW YORK, NY US",2/28/2020,0.01,0,0,44,27,28,,
USC00308721,"UPTON COOP NWSFO NEW YORK, NY US",2/29/2020,0,0,0,39,22,24,,
USC00308721,"UPTON COOP NWSFO NEW YORK, NY US",3/1/2020,0,0,0,38,21,24,,
USC00308721,"UPTON COOP NWSFO NEW YORK, NY US",3/2/2020,0,0,0,39,22,33,,
USC00308721,"UPTON COOP NWSFO NEW YORK, NY US",3/3/2020,0.04,0,0,53,33,44,,
USC00308721,"UPTON COOP NWSFO NEW YORK, NY US",3/4/2020,0.47,0,0,56,42,43,,
USC00308721,"UPTON COOP NWSFO NEW YORK, NY US",3/5/2020,0,0,0,55,35,36,,
USC00308721,"UPTON COOP NWSFO NEW YORK, NY US",3/6/2020,0,0,0,50,28,30,,
USC00308721,"UPTON COOP NWSFO NEW YORK, NY US",3/7/2020,0.05,0,0,49,30,33,,
USC00308721,"UPTON COOP NWSFO NEW YORK, NY US",3/8/2020,0,0,0,43,26,28,,
USC00308721,"UPTON COOP NWSFO NEW YORK, NY US",3/9/2020,0,0,0,53,28,42,,
USC00308721,"UPTON COOP NWSFO NEW YORK, NY US",3/10/2020,0,0,0,65,42,46,,
USC00308721,"UPTON COOP NWSFO NEW YORK, NY US",3/11/2020,0,0,0,58,40,41,,
USC00308721,"UPTON COOP NWSFO NEW YORK, NY US",3/12/2020,0,0,0,58,28,36,,
USC00308721,"UPTON COOP NWSFO NEW YORK, NY US",3/13/2020,0.33,0,0,51,36,51,,
USC00308721,"UPTON COOP NWSFO NEW YORK, NY US",3/14/2020,0.1,0,0,66,36,38,,
USC00308721,"UPTON COOP NWSFO NEW YORK, NY US",3/15/2020,0,0,0,53,38,39,,
USC00308721,"UPTON COOP NWSFO NEW YORK, NY US",3/16/2020,0,0,0,50,29,30,,
USC00308721,"UPTON COOP NWSFO NEW YORK, NY US",3/17/2020,0.15,0,0,44,30,40,,
USC00308721,"UPTON COOP NWSFO NEW YORK, NY US",3/18/2020,0,0,0,50,28,30,,
USC00308721,"UPTON COOP NWSFO NEW YORK, NY US",3/19/2020,0.61,0,0,53,30,44,,
USC00308721,"UPTON COOP NWSFO NEW YORK, NY US",3/20/2020,0.19,0,0,48,43,45,,
USC00308721,"UPTON COOP NWSFO NEW YORK, NY US",3/21/2020,0,0,0,64,40,40,,
USC00308721,"UPTON COOP NWSFO NEW YORK, NY US",3/22/2020,0,0,0,50,31,32,,
USC00308721,"UPTON COOP NWSFO NEW YORK, NY US",3/23/2020,0,0,0,43,32,36,,
USC00308721,"UPTON COOP NWSFO NEW YORK, NY US",3/24/2020,1.6,0,0,42,33,36,,
USC00308721,"UPTON COOP NWSFO NEW YORK, NY US",3/25/2020,0,0,0,52,35,39,,
USC00308721,"UPTON COOP NWSFO NEW YORK, NY US",3/26/2020,0,0,0,45,33,36,,
USC00308721,"UPTON COOP NWSFO NEW YORK, NY US",3/27/2020,0,0,0,56,36,46,,
USC00308721,"UPTON COOP NWSFO NEW YORK, NY US",3/28/2020,0,0,0,64,31,46,,
USC00308721,"UPTON COOP NWSFO NEW YORK, NY US",3/29/2020,0.34,0,0,51,44,46,,
USC00308721,"UPTON COOP NWSFO NEW YORK, NY US",3/30/2020,0.11,0,0,48,39,40,,
USC00308721,"UPTON COOP NWSFO NEW YORK, NY US",3/31/2020,0,0,0,47,38,38,,
USC00308721,"UPTON COOP NWSFO NEW YORK, NY US",4/1/2020,0,0,0,45,31,35,,
USC00308721,"UPTON COOP NWSFO NEW YORK, NY US",4/2/2020,0,0,0,50,35,41,,
USC00308721,"UPTON COOP NWSFO NEW YORK, NY US",4/3/2020,0.24,0,0,56,40,41,,
USC00308721,"UPTON COOP NWSFO NEW YORK, NY US",4/4/2020,0.29,0,0,49,41,43,,
USC00308721,"UPTON COOP NWSFO NEW YORK, NY US",4/5/2020,0,0,0,55,41,44,,
USC00308721,"UPTON COOP NWSFO NEW YORK, NY US",4/6/2020,0.01,0,0,54,40,45,,
USC00308721,"UPTON COOP NWSFO NEW YORK, NY US",4/7/2020,0,0,0,62,41,46,,
USC00308721,"UPTON COOP NWSFO NEW YORK, NY US",4/8/2020,0.16,0,0,64,46,47,,
USC00308721,"UPTON COOP NWSFO NEW YORK, NY US",4/9/2020,0,0,0,55,36,43,,
USC00308721,"UPTON COOP NWSFO NEW YORK, NY US",4/10/2020,0.45,0,0,54,37,40,,
USC00308721,"UPTON COOP NWSFO NEW YORK, NY US",4/11/2020,0,0,0,50,37,41,,
USC00308721,"UPTON COOP NWSFO NEW YORK, NY US",4/12/2020,0,0,0,52,26,49,,
USC00308721,"UPTON COOP NWSFO NEW YORK, NY US",4/13/2020,0.69,0,0,59,49,52,,
USC00308721,"UPTON COOP NWSFO NEW YORK, NY US",4/14/2020,0.78,0,0,59,42,48,,
USC00308721,"UPTON COOP NWSFO NEW YORK, NY US",4/15/2020,0.11,0,0,55,38,39,,
USC00308721,"UPTON COOP NWSFO NEW YORK, NY US",4/16/2020,0,0,0,52,36,45,,
USC00308721,"UPTON COOP NWSFO NEW YORK, NY US",4/17/2020,0,0,0,49,27,38,,
USC00308721,"UPTON COOP NWSFO NEW YORK, NY US",4/18/2020,0.17,0,0,49,28,42,,
USC00308721,"UPTON COOP NWSFO NEW YORK, NY US",4/19/2020,0.06,0,0,43,28,40,,
USC00308721,"UPTON COOP NWSFO NEW YORK, NY US",4/20/2020,0,0,0,56,40,48,,
USC00308721,"UPTON COOP NWSFO NEW YORK, NY US",4/21/2020,0.05,0,0,54,36,45,,
USC00308721,"UPTON COOP NWSFO NEW YORK, NY US",4/22/2020,0.36,0,0,54,33,37,,
USC00308721,"UPTON COOP NWSFO NEW YORK, NY US",4/23/2020,0,0,0,48,28,38,,
USC00308721,"UPTON COOP NWSFO NEW YORK, NY US",4/24/2020,0.65,0,0,46,37,43,,
USC00308721,"UPTON COOP NWSFO NEW YORK, NY US",4/25/2020,0.23,0,0,45,31,44,,
USC00308721,"UPTON COOP NWSFO NEW YORK, NY US",4/26/2020,0,0,0,63,41,47,,
USC00308721,"UPTON COOP NWSFO NEW YORK, NY US",4/27/2020,0.31,0,0,51,38,39,,
USC00308721,"UPTON COOP NWSFO NEW YORK, NY US",4/28/2020,0.01,0,0,45,38,43,,
USC00308721,"UPTON COOP NWSFO NEW YORK, NY US",4/29/2020,0,0,0,59,35,44,,
USC00308721,"UPTON COOP NWSFO NEW YORK, NY US",4/30/2020,0.5,0,0,53,44,47,,
USC00308721,"UPTON COOP NWSFO NEW YORK, NY US",5/1/2020,0.73,0,0,59,47,54,,
USC00308721,"UPTON COOP NWSFO NEW YORK, NY US",5/2/2020,0,0,0,64,45,51,,
USC00308721,"UPTON COOP NWSFO NEW YORK, NY US",5/3/2020,0.13,0,0,69,50,51,,
USC00308721,"UPTON COOP NWSFO NEW YORK, NY US",5/4/2020,0.12,0,0,72,51,56,,
USC00308721,"UPTON COOP NWSFO NEW YORK, NY US",5/5/2020,0,0,0,73,38,48,,
USC00308721,"UPTON COOP NWSFO NEW YORK, NY US",5/6/2020,0,0,0,58,36,47,,
USC00308721,"UPTON COOP NWSFO NEW YORK, NY US",5/7/2020,0.09,0,0,53,39,47,,
USC00308721,"UPTON COOP NWSFO NEW YORK, NY US",5/8/2020,0,0,0,64,46,47,,
USC00308721,"UPTON COOP NWSFO NEW YORK, NY US",5/9/2020,0.47,0,0,54,33,36,,
USC00308721,"UPTON COOP NWSFO NEW YORK, NY US",5/10/2020,0,0,0,48,33,44,,
USC00308721,"UPTON COOP NWSFO NEW YORK, NY US",5/11/2020,0,0,0,59,43,52,,
USC00308721,"UPTON COOP NWSFO NEW YORK, NY US",5/12/2020,0.08,0,0,60,40,47,,
USC00308721,"UPTON COOP NWSFO NEW YORK, NY US",5/13/2020,0,0,0,58,34,45,,
USC00308721,"UPTON COOP NWSFO NEW YORK, NY US",5/14/2020,0,0,0,58,32,49,,
USC00308721,"UPTON COOP NWSFO NEW YORK, NY US",5/15/2020,0.1,0,0,65,49,56,,
USC00308721,"UPTON COOP NWSFO NEW YORK, NY US",5/16/2020,0.03,0,0,78,56,62,,
USC00308721,"UPTON COOP NWSFO NEW YORK, NY US",5/17/2020,0,0,0,74,47,52,,
USC00308721,"UPTON COOP NWSFO NEW YORK, NY US",5/18/2020,0,0,0,65,50,54,,
USC00308721,"UPTON COOP NWSFO NEW YORK, NY US",5/19/2020,0,0,0,69,50,54,,
USC00308721,"UPTON COOP NWSFO NEW YORK, NY US",5/20/2020,0,0,0,65,42,53,,
USC00308721,"UPTON COOP NWSFO NEW YORK, NY US",5/21/2020,0,0,0,64,31,45,,
USC00308721,"UPTON COOP NWSFO NEW YORK, NY US",5/22/2020,0,0,0,64,45,59,,
USC00308721,"UPTON COOP NWSFO NEW YORK, NY US",5/23/2020,0.02,0,0,74,59,61,,
USC00308721,"UPTON COOP NWSFO NEW YORK, NY US",5/24/2020,0.04,0,0,72,46,50,,
USC00308721,"UPTON COOP NWSFO NEW YORK, NY US",5/25/2020,0.07,0,0,69,50,54,,
USC00308721,"UPTON COOP NWSFO NEW YORK, NY US",5/26/2020,0,0,0,70,50,60,,
USC00308721,"UPTON COOP NWSFO NEW YORK, NY US",5/27/2020,0,0,0,75,57,59,,
USC00308721,"UPTON COOP NWSFO NEW YORK, NY US",5/28/2020,0,0,0,75,58,64,,
USC00308721,"UPTON COOP NWSFO NEW YORK, NY US",5/29/2020,0.1,0,0,73,62,63,,
USC00308721,"UPTON COOP NWSFO NEW YORK, NY US",5/30/2020,0,0,0,69,61,66,,
USC00308721,"UPTON COOP NWSFO NEW YORK, NY US",5/31/2020,0,0,0,79,56,59,,
USC00308721,"UPTON COOP NWSFO NEW YORK, NY US",6/1/2020,0,0,0,68,42,55,,
USC00308721,"UPTON COOP NWSFO NEW YORK, NY US",6/2/2020,0,0,0,66,48,60,,
USC00308721,"UPTON COOP NWSFO NEW YORK, NY US",6/3/2020,0.01,0,0,70,59,70,,
USC00308721,"UPTON COOP NWSFO NEW YORK, NY US",6/4/2020,0.15,0,0,77,57,67,,
USC00308721,"UPTON COOP NWSFO NEW YORK, NY US",6/5/2020,0.11,0,0,82,64,64,,
USC00308721,"UPTON COOP NWSFO NEW YORK, NY US",6/6/2020,0.43,0,0,78,64,66,,
USC00308721,"UPTON COOP NWSFO NEW YORK, NY US",6/7/2020,0,0,0,82,59,63,,
USC00308721,"UPTON COOP NWSFO NEW YORK, NY US",6/8/2020,0,0,0,74,50,62,,
USC00308721,"UPTON COOP NWSFO NEW YORK, NY US",6/9/2020,0,0,0,76,52,67,,
USC00308721,"UPTON COOP NWSFO NEW YORK, NY US",6/10/2020,0,0,0,83,62,68,,
USC00308721,"UPTON COOP NWSFO NEW YORK, NY US",6/11/2020,0,0,0,79,65,69,,
USC00308721,"UPTON COOP NWSFO NEW YORK, NY US",6/12/2020,0.34,0,0,79,64,67,,
USC00308721,"UPTON COOP NWSFO NEW YORK, NY US",6/13/2020,0,0,0,83,58,61,,
USC00308721,"UPTON COOP NWSFO NEW YORK, NY US",6/14/2020,0,0,0,72,51,57,,
USC00308721,"UPTON COOP NWSFO NEW YORK, NY US",6/15/2020,0,0,0,71,50,59,,
USC00308721,"UPTON COOP NWSFO NEW YORK, NY US",6/16/2020,0,0,0,73,47,62,,
USC00308721,"UPTON COOP NWSFO NEW YORK, NY US",6/17/2020,0,0,0,75,49,63,,
USC00308721,"UPTON COOP NWSFO NEW YORK, NY US",6/18/2020,0,0,0,75,60,63,,
USC00308721,"UPTON COOP NWSFO NEW YORK, NY US",6/19/2020,0,0,0,76,63,67,,
USC00308721,"UPTON COOP NWSFO NEW YORK, NY US",6/20/2020,0,0,0,79,62,67,,
USC00308721,"UPTON COOP NWSFO NEW YORK, NY US",6/21/2020,0,0,0,82,62,71,,
USC00308721,"UPTON COOP NWSFO NEW YORK, NY US",6/22/2020,0,0,0,83,65,72,,
USC00308721,"UPTON COOP NWSFO NEW YORK, NY US",6/23/2020,0,0,0,89,65,72,,
USC00308721,"UPTON COOP NWSFO NEW YORK, NY US",6/24/2020,0,0,0,82,70,74,,
USC00308721,"UPTON COOP NWSFO NEW YORK, NY US",6/25/2020,0,0,0,85,61,71,,
USC00308721,"UPTON COOP NWSFO NEW YORK, NY US",6/26/2020,0,0,0,84,63,71,,
USC00308721,"UPTON COOP NWSFO NEW YORK, NY US",6/27/2020,0,0,0,86,61,74,,
USC00308721,"UPTON COOP NWSFO NEW YORK, NY US",6/28/2020,0.18,0,0,78,64,70,,
USC00308721,"UPTON COOP NWSFO NEW YORK, NY US",6/29/2020,0,0,0,84,67,72,,
USC00308721,"UPTON COOP NWSFO NEW YORK, NY US",6/30/2020,0,0,0,83,60,67,,
USC00308721,"UPTON COOP NWSFO NEW YORK, NY US",7/1/2020,1.56,0,0,77,58,66,,
USC00308721,"UPTON COOP NWSFO NEW YORK, NY US",7/2/2020,2.44,0,0,82,61,67,,1
USC00308721,"UPTON COOP NWSFO NEW YORK, NY US",7/3/2020,0,0,0,86,67,75,,
USC00308721,"UPTON COOP NWSFO NEW YORK, NY US",7/4/2020,0.71,0,0,87,63,64,,
USC00308721,"UPTON COOP NWSFO NEW YORK, NY US",7/5/2020,0,0,0,80,64,72,,
USC00308721,"UPTON COOP NWSFO NEW YORK, NY US",7/6/2020,0,0,0,83,67,74,,
USC00308721,"UPTON COOP NWSFO NEW YORK, NY US",7/7/2020,0,0,0,89,67,68,,
USC00308721,"UPTON COOP NWSFO NEW YORK, NY US",7/8/2020,0.08,0,0,74,67,74,,
USC00308721,"UPTON COOP NWSFO NEW YORK, NY US",7/9/2020,0,0,0,82,66,75,,
USC00308721,"UPTON COOP NWSFO NEW YORK, NY US",7/10/2020,0,0,0,84,71,74,,
USC00308721,"UPTON COOP NWSFO NEW YORK, NY US",7/11/2020,0.29,0,0,77,71,72,,
USC00308721,"UPTON COOP NWSFO NEW YORK, NY US",7/12/2020,0,0,0,79,68,74,,
USC00308721,"UPTON COOP NWSFO NEW YORK, NY US",7/13/2020,0,0,0,85,70,73,,
USC00308721,"UPTON COOP NWSFO NEW YORK, NY US",7/14/2020,0.06,0,0,86,66,73,,
USC00308721,"UPTON COOP NWSFO NEW YORK, NY US",7/15/2020,0,0,0,84,64,70,,
USC00308721,"UPTON COOP NWSFO NEW YORK, NY US",7/16/2020,0,0,0,77,60,68,,
USC00308721,"UPTON COOP NWSFO NEW YORK, NY US",7/17/2020,0,0,0,75,61,69,,
USC00308721,"UPTON COOP NWSFO NEW YORK, NY US",7/18/2020,0.03,0,0,77,66,73,,
USC00308721,"UPTON COOP NWSFO NEW YORK, NY US",7/19/2020,0,0,0,87,69,77,,
USC00308721,"UPTON COOP NWSFO NEW YORK, NY US",7/20/2020,0,0,0,87,74,77,,
USC00308721,"UPTON COOP NWSFO NEW YORK, NY US",7/21/2020,0,0,0,91,68,77,,
USC00308721,"UPTON COOP NWSFO NEW YORK, NY US",7/22/2020,0.02,0,0,90,69,76,,
USC00308721,"UPTON COOP NWSFO NEW YORK, NY US",7/23/2020,0.05,0,0,85,71,75,,
USC00308721,"UPTON COOP NWSFO NEW YORK, NY US",7/24/2020,0.05,0,0,84,71,72,,
USC00308721,"UPTON COOP NWSFO NEW YORK, NY US",7/25/2020,0.21,0,0,76,64,72,,
USC00308721,"UPTON COOP NWSFO NEW YORK, NY US",7/26/2020,0,0,0,85,72,78,,
USC00308721,"UPTON COOP NWSFO NEW YORK, NY US",7/27/2020,0,0,0,90,68,74,,
USC00308721,"UPTON COOP NWSFO NEW YORK, NY US",7/28/2020,0,0,0,93,74,81,,
USC00308721,"UPTON COOP NWSFO NEW YORK, NY US",7/29/2020,0.03,0,0,93,70,75,,
USC00308721,"UPTON COOP NWSFO NEW YORK, NY US",7/30/2020,0,0,0,85,68,74,,
USC00308721,"UPTON COOP NWSFO NEW YORK, NY US",7/31/2020,0.79,0,0,87,68,70,,
USC00308721,"UPTON COOP NWSFO NEW YORK, NY US",8/1/2020,0.24,0,0,77,62,73,,
USC00308721,"UPTON COOP NWSFO NEW YORK, NY US",8/2/2020,0,0,0,86,70,75,,
USC00308721,"UPTON COOP NWSFO NEW YORK, NY US",8/3/2020,0,0,0,80,75,78,,
USC00308721,"UPTON COOP NWSFO NEW YORK, NY US",8/4/2020,0,0,0,86,71,78,,
USC00308721,"UPTON COOP NWSFO NEW YORK, NY US",8/5/2020,0.15,0,0,79,69,74,,
USC00308721,"UPTON COOP NWSFO NEW YORK, NY US",8/6/2020,0,0,0,85,62,70,,
USC00308721,"UPTON COOP NWSFO NEW YORK, NY US",8/7/2020,0.03,0,0,78,64,68,,
USC00308721,"UPTON COOP NWSFO NEW YORK, NY US",8/8/2020,0.04,0,0,78,68,71,,
USC00308721,"UPTON COOP NWSFO NEW YORK, NY US",8/9/2020,0,0,0,80,62,69,,
USC00308721,"UPTON COOP NWSFO NEW YORK, NY US",8/10/2020,0,0,0,83,64,75,,
USC00308721,"UPTON COOP NWSFO NEW YORK, NY US",8/11/2020,0,0,0,89,71,75,,
USC00308721,"UPTON COOP NWSFO NEW YORK, NY US",8/12/2020,0.67,0,0,84,70,71,,
USC00308721,"UPTON COOP NWSFO NEW YORK, NY US",8/13/2020,0,0,0,87,71,76,,
USC00308721,"UPTON COOP NWSFO NEW YORK, NY US",8/14/2020,0.99,0,0,81,68,72,,
USC00308721,"UPTON COOP NWSFO NEW YORK, NY US",8/15/2020,0,0,0,86,65,68,,
USC00308721,"UPTON COOP NWSFO NEW YORK, NY US",8/16/2020,0.05,0,0,79,66,66,,
USC00308721,"UPTON COOP NWSFO NEW YORK, NY US",8/17/2020,0.81,0,0,68,62,66,,
USC00308721,"UPTON COOP NWSFO NEW YORK, NY US",8/18/2020,0.66,0,0,79,64,67,,
USC00308721,"UPTON COOP NWSFO NEW YORK, NY US",8/19/2020,0,0,0,82,62,66,,
USC00308721,"UPTON COOP NWSFO NEW YORK, NY US",8/20/2020,0.24,0,0,69,55,62,,
USC00308721,"UPTON COOP NWSFO NEW YORK, NY US",8/21/2020,0,0,0,76,56,65,,
USC00308721,"UPTON COOP NWSFO NEW YORK, NY US",8/22/2020,0,0,0,80,65,72,,
USC00308721,"UPTON COOP NWSFO NEW YORK, NY US",8/23/2020,0,0,0,85,68,75,,
USC00308721,"UPTON COOP NWSFO NEW YORK, NY US",8/24/2020,0,0,0,82,70,73,,
USC00308721,"UPTON COOP NWSFO NEW YORK, NY US",8/25/2020,0,0,0,87,69,75,,
USC00308721,"UPTON COOP NWSFO NEW YORK, NY US",8/26/2020,0.02,0,0,88,64,67,,
USC00308721,"UPTON COOP NWSFO NEW YORK, NY US",8/27/2020,0,0,0,77,63,65,,
USC00308721,"UPTON COOP NWSFO NEW YORK, NY US",8/28/2020,0.29,0,0,87,64,69,,
USC00308721,"UPTON COOP NWSFO NEW YORK, NY US",8/29/2020,0,0,0,83,69,73,,
USC00308721,"UPTON COOP NWSFO NEW YORK, NY US",8/30/2020,0.18,0,0,77,65,68,,
USC00308721,"UPTON COOP NWSFO NEW YORK, NY US",8/31/2020,0,0,0,78,51,57,,
USC00308721,"UPTON COOP NWSFO NEW YORK, NY US",9/1/2020,0,0,0,73,57,68,,
USC00308721,"UPTON COOP NWSFO NEW YORK, NY US",9/2/2020,0.06,0,0,78,66,68,,
USC00308721,"UPTON COOP NWSFO NEW YORK, NY US",9/3/2020,0.13,0,0,76,67,67,,
USC00308721,"UPTON COOP NWSFO NEW YORK, NY US",9/4/2020,0.23,0,0,83,67,70,,
USC00308721,"UPTON COOP NWSFO NEW YORK, NY US",9/5/2020,0,0,0,85,61,66,,
USC00308721,"UPTON COOP NWSFO NEW YORK, NY US",9/6/2020,0,0,0,77,56,61,,
USC00308721,"UPTON COOP NWSFO NEW YORK, NY US",9/7/2020,0,0,0,80,57,63,,
USC00308721,"UPTON COOP NWSFO NEW YORK, NY US",9/8/2020,0,0,0,78,56,59,,
USC00308721,"UPTON COOP NWSFO NEW YORK, NY US",9/9/2020,0,0,0,83,57,63,,
USC00308721,"UPTON COOP NWSFO NEW YORK, NY US",9/10/2020,0.2,0,0,76,63,72,,
USC00308721,"UPTON COOP NWSFO NEW YORK, NY US",9/11/2020,0.96,0,0,79,67,67,,
USC00308721,"UPTON COOP NWSFO NEW YORK, NY US",9/12/2020,0,0,0,79,52,59,,
USC00308721,"UPTON COOP NWSFO NEW YORK, NY US",9/13/2020,0,0,0,70,53,61,,
USC00308721,"UPTON COOP NWSFO NEW YORK, NY US",9/14/2020,0,0,0,74,61,67,,
USC00308721,"UPTON COOP NWSFO NEW YORK, NY US",9/15/2020,0,0,0,74,51,56,,
USC00308721,"UPTON COOP NWSFO NEW YORK, NY US",9/16/2020,0,0,0,65,44,50,,
USC00308721,"UPTON COOP NWSFO NEW YORK, NY US",9/17/2020,0,0,0,70,50,59,,
USC00308721,"UPTON COOP NWSFO NEW YORK, NY US",9/18/2020,0.11,0,0,75,59,59,,
USC00308721,"UPTON COOP NWSFO NEW YORK, NY US",9/19/2020,0,0,0,67,49,52,,
USC00308721,"UPTON COOP NWSFO NEW YORK, NY US",9/20/2020,0,0,0,61,41,51,,
USC00308721,"UPTON COOP NWSFO NEW YORK, NY US",9/21/2020,0,0,0,62,38,46,,
USC00308721,"UPTON COOP NWSFO NEW YORK, NY US",9/22/2020,0,0,0,63,38,38,,
USC00308721,"UPTON COOP NWSFO NEW YORK, NY US",9/23/2020,0,0,0,69,38,54,,
USC00308721,"UPTON COOP NWSFO NEW YORK, NY US",9/24/2020,0,0,0,78,49,52,,
USC00308721,"UPTON COOP NWSFO NEW YORK, NY US",9/25/2020,0,0,0,75,52,56,,
USC00308721,"UPTON COOP NWSFO NEW YORK, NY US",9/26/2020,0,0,0,77,56,60,,
USC00308721,"UPTON COOP NWSFO NEW YORK, NY US",9/27/2020,0,0,0,76,60,65,,
USC00308721,"UPTON COOP NWSFO NEW YORK, NY US",9/28/2020,0,0,0,76,65,67,,
USC00308721,"UPTON COOP NWSFO NEW YORK, NY US",9/29/2020,0,0,0,76,63,67,,
USC00308721,"UPTON COOP NWSFO NEW YORK, NY US",9/30/2020,0.7,0,0,73,65,65,,
USC00308721,"UPTON COOP NWSFO NEW YORK, NY US",10/1/2020,0,0,0,70,54,61,,
USC00308721,"UPTON COOP NWSFO NEW YORK, NY US",10/2/2020,0,0,0,73,57,59,,
USC00308721,"UPTON COOP NWSFO NEW YORK, NY US",10/3/2020,0,0,0,62,44,48,,
USC00308721,"UPTON COOP NWSFO NEW YORK, NY US",10/4/2020,0,0,0,67,38,41,,
USC00308721,"UPTON COOP NWSFO NEW YORK, NY US",10/5/2020,0,0,0,66,41,58,,
USC00308721,"UPTON COOP NWSFO NEW YORK, NY US",10/6/2020,0,0,0,65,42,44,,
USC00308721,"UPTON COOP NWSFO NEW YORK, NY US",10/7/2020,0,0,0,68,44,60,,
USC00308721,"UPTON COOP NWSFO NEW YORK, NY US",10/8/2020,0.01,0,0,73,52,54,,
USC00308721,"UPTON COOP NWSFO NEW YORK, NY US",10/9/2020,0,0,0,65,41,45,,
USC00308721,"UPTON COOP NWSFO NEW YORK, NY US",10/10/2020,0,0,0,64,44,61,,
USC00308721,"UPTON COOP NWSFO NEW YORK, NY US",10/11/2020,0,0,0,70,58,60,,
USC00308721,"UPTON COOP NWSFO NEW YORK, NY US",10/12/2020,0.35,0,0,65,50,50,,
USC00308721,"UPTON COOP NWSFO NEW YORK, NY US",10/13/2020,0.82,0,0,57,50,57,,
USC00308721,"UPTON COOP NWSFO NEW YORK, NY US",10/14/2020,0.46,0,0,62,45,45,,
USC00308721,"UPTON COOP NWSFO NEW YORK, NY US",10/15/2020,0,0,0,67,45,51,,
USC00308721,"UPTON COOP NWSFO NEW YORK, NY US",10/16/2020,0,0,0,69,51,65,,
USC00308721,"UPTON COOP NWSFO NEW YORK, NY US",10/17/2020,1.05,0,0,67,43,44,,
USC00308721,"UPTON COOP NWSFO NEW YORK, NY US",10/18/2020,0,0,0,58,32,33,,
USC00308721,"UPTON COOP NWSFO NEW YORK, NY US",10/19/2020,0,0,0,62,33,41,,
USC00308721,"UPTON COOP NWSFO NEW YORK, NY US",10/20/2020,0.31,0,0,66,41,56,,
USC00308721,"UPTON COOP NWSFO NEW YORK, NY US",10/21/2020,0.06,0,0,65,56,60,,
USC00308721,"UPTON COOP NWSFO NEW YORK, NY US",10/22/2020,0,0,0,69,60,62,,
USC00308721,"UPTON COOP NWSFO NEW YORK, NY US",10/23/2020,0,0,0,73,61,61,,
USC00308721,"UPTON COOP NWSFO NEW YORK, NY US",10/24/2020,0.03,0,0,63,58,60,,
USC00308721,"UPTON COOP NWSFO NEW YORK, NY US",10/25/2020,0,0,0,67,43,44,,
USC00308721,"UPTON COOP NWSFO NEW YORK, NY US",10/26/2020,0,0,0,52,44,52,,
USC00308721,"UPTON COOP NWSFO NEW YORK, NY US",10/27/2020,0.05,0,0,58,52,52,,
USC00308721,"UPTON COOP NWSFO NEW YORK, NY US",10/28/2020,0.04,0,0,60,49,50,,
USC00308721,"UPTON COOP NWSFO NEW YORK, NY US",10/29/2020,0.21,0,0,57,49,49,,
USC00308721,"UPTON COOP NWSFO NEW YORK, NY US",10/30/2020,1.71,0,0,50,39,39,,
USC00308721,"UPTON COOP NWSFO NEW YORK, NY US",10/31/2020,0.3,0,0,39,27,29,,
USC00308721,"UPTON COOP NWSFO NEW YORK, NY US",11/1/2020,0,0,0,48,29,36,,
USC00308721,"UPTON COOP NWSFO NEW YORK, NY US",11/2/2020,0.63,0,0,56,36,38,,
USC00308721,"UPTON COOP NWSFO NEW YORK, NY US",11/3/2020,0,0,0,44,38,42,,
USC00308721,"UPTON COOP NWSFO NEW YORK, NY US",11/4/2020,0,0,0,52,30,32,,
USC00308721,"UPTON COOP NWSFO NEW YORK, NY US",11/5/2020,0,0,0,61,32,51,,
USC00308721,"UPTON COOP NWSFO NEW YORK, NY US",11/6/2020,0,0,0,65,49,49,,
USC00308721,"UPTON COOP NWSFO NEW YORK, NY US",11/7/2020,0,0,0,66,42,42,,
USC00308721,"UPTON COOP NWSFO NEW YORK, NY US",11/8/2020,0,0,0,73,38,39,,
USC00308721,"UPTON COOP NWSFO NEW YORK, NY US",11/9/2020,0,0,0,74,36,40,,
USC00308721,"UPTON COOP NWSFO NEW YORK, NY US",11/10/2020,0,0,0,75,40,51,,
USC00308721,"UPTON COOP NWSFO NEW YORK, NY US",11/11/2020,0,0,0,71,50,60,,
USC00308721,"UPTON COOP NWSFO NEW YORK, NY US",11/12/2020,0.84,0,0,68,60,63,,
USC00308721,"UPTON COOP NWSFO NEW YORK, NY US",11/13/2020,0.35,0,0,63,46,47,,
USC00308721,"UPTON COOP NWSFO NEW YORK, NY US",11/14/2020,0.14,0,0,53,34,35,,
USC00308721,"UPTON COOP NWSFO NEW YORK, NY US",11/15/2020,0,0,0,51,26,27,,
USC00308721,"UPTON COOP NWSFO NEW YORK, NY US",11/16/2020,0.28,0,0,62,27,46,,
USC00308721,"UPTON COOP NWSFO NEW YORK, NY US",11/17/2020,0,0,0,55,30,31,,
USC00308721,"UPTON COOP NWSFO NEW YORK, NY US",11/18/2020,0.01,0,0,49,31,32,,
USC00308721,"UPTON COOP NWSFO NEW YORK, NY US",11/19/2020,0,0,0,36,19,20,,
USC00308721,"UPTON COOP NWSFO NEW YORK, NY US",11/20/2020,0,0,0,49,20,48,,
USC00308721,"UPTON COOP NWSFO NEW YORK, NY US",11/21/2020,0,0,0,58,40,40,,
USC00308721,"UPTON COOP NWSFO NEW YORK, NY US",11/22/2020,0,0,0,64,39,43,,
USC00308721,"UPTON COOP NWSFO NEW YORK, NY US",11/23/2020,0.63,0,0,59,43,58,,
USC00308721,"UPTON COOP NWSFO NEW YORK, NY US",11/24/2020,0.47,0,0,58,29,33,,
USC00308721,"UPTON COOP NWSFO NEW YORK, NY US",11/25/2020,0,0,0,47,28,39,,
USC00308721,"UPTON COOP NWSFO NEW YORK, NY US",11/26/2020,0.09,0,0,58,38,58,,
USC00308721,"UPTON COOP NWSFO NEW YORK, NY US",11/27/2020,0.55,0,0,60,38,40,0,
USC00308721,"UPTON COOP NWSFO NEW YORK, NY US",11/28/2020,0,0,0,60,38,39,,
USC00308721,"UPTON COOP NWSFO NEW YORK, NY US",11/29/2020,0,0,0,55,28,28,0,
USC00308721,"UPTON COOP NWSFO NEW YORK, NY US",11/30/2020,0,0,0,53,28,51,0,
USC00308721,"UPTON COOP NWSFO NEW YORK, NY US",12/1/2020,1.5,0,0,62,51,56,,
USC00308721,"UPTON COOP NWSFO NEW YORK, NY US",12/2/2020,0,0,0,56,34,35,,
USC00308721,"UPTON COOP NWSFO NEW YORK, NY US",12/3/2020,0,0,0,44,27,32,0,
USC00308721,"UPTON COOP NWSFO NEW YORK, NY US",12/4/2020,0,0,0,50,32,48,0,
USC00308721,"UPTON COOP NWSFO NEW YORK, NY US",12/5/2020,0.65,0,0,54,43,46,,
USC00308721,"UPTON COOP NWSFO NEW YORK, NY US",12/6/2020,1.28,0,0,46,35,35,,
USC00308721,"UPTON COOP NWSFO NEW YORK, NY US",12/7/2020,0,0,0,42,25,26,,
USC00308721,"UPTON COOP NWSFO NEW YORK, NY US",12/8/2020,0,0,0,40,26,29,,
USC00308721,"UPTON COOP NWSFO NEW YORK, NY US",12/9/2020,0,0,0,32,21,24,,
USC00308721,"UPTON COOP NWSFO NEW YORK, NY US",12/10/2020,0,0,0,38,24,34,,
USC00308721,"UPTON COOP NWSFO NEW YORK, NY US",12/11/2020,0,0,0,49,24,24,,
USC00308721,"UPTON COOP NWSFO NEW YORK, NY US",12/12/2020,0.01,0,0,52,24,43,,
USC00308721,"UPTON COOP NWSFO NEW YORK, NY US",12/13/2020,0.41,0,0,57,42,48,,
USC00308721,"UPTON COOP NWSFO NEW YORK, NY US",12/14/2020,0,0,0,61,38,38,0,
USC00308721,"UPTON COOP NWSFO NEW YORK, NY US",12/15/2020,0.34,0,0,39,29,30,0,
USC00308721,"UPTON COOP NWSFO NEW YORK, NY US",12/16/2020,0,0,0,39,23,24,,
USC00308721,"UPTON COOP NWSFO NEW YORK, NY US",12/17/2020,1.84,6.7,6,34,24,25,,
USC00308721,"UPTON COOP NWSFO NEW YORK, NY US",12/18/2020,0.13,1,6,27,24,24,,
USC00308721,"UPTON COOP NWSFO NEW YORK, NY US",12/19/2020,0,0,5,30,16,17,,
USC00308721,"UPTON COOP NWSFO NEW YORK, NY US",12/20/2020,0,0,5,35,15,24,,
USC00308721,"UPTON COOP NWSFO NEW YORK, NY US",12/21/2020,0.04,0.1,5,35,23,31,,
USC00308721,"UPTON COOP NWSFO NEW YORK, NY US",12/22/2020,0.03,0,4,41,30,34,,
USC00308721,"UPTON COOP NWSFO NEW YORK, NY US",12/23/2020,0,0,3,45,30,31,,
USC00308721,"UPTON COOP NWSFO NEW YORK, NY US",12/24/2020,0,0,3,50,29,49,,
USC00308721,"UPTON COOP NWSFO NEW YORK, NY US",12/25/2020,1.15,0,0,60,47,56,,
USC00308721,"UPTON COOP NWSFO NEW YORK, NY US",12/26/2020,0.49,0,0,56,23,23,,
USC00308721,"UPTON COOP NWSFO NEW YORK, NY US",12/27/2020,0,0,0,32,18,19,,
USC00308721,"UPTON COOP NWSFO NEW YORK, NY US",12/28/2020,0,0,0,39,19,26,,
USC00308721,"UPTON COOP NWSFO NEW YORK, NY US",12/29/2020,0,0,0,50,25,34,,
USC00308721,"UPTON COOP NWSFO NEW YORK, NY US",12/30/2020,0,0,0,39,21,22,,
USC00308721,"UPTON COOP NWSFO NEW YORK, NY US",12/31/2020,0.06,0,0,48,22,47,,
USC00308721,"UPTON COOP NWSFO NEW YORK, NY US",1/1/2021,0.33,0,0,47,27,27,,
USC00308721,"UPTON COOP NWSFO NEW YORK, NY US",1/2/2021,0.76,0,0,45,25,44,,
USC00308721,"UPTON COOP NWSFO NEW YORK, NY US",1/3/2021,0,0,0,52,32,33,,
USC00308721,"UPTON COOP NWSFO NEW YORK, NY US",1/4/2021,0.15,0,0,38,33,33,,
USC00308721,"UPTON COOP NWSFO NEW YORK, NY US",1/5/2021,0,0,0,41,25,27,,
USC00308721,"UPTON COOP NWSFO NEW YORK, NY US",1/6/2021,0,0,0,40,25,33,,
USC00308721,"UPTON COOP NWSFO NEW YORK, NY US",1/7/2021,0,0,0,37,28,29,,
USC00308721,"UPTON COOP NWSFO NEW YORK, NY US",1/8/2021,0,0,0,39,24,25,,
USC00308721,"UPTON COOP NWSFO NEW YORK, NY US",1/9/2021,0,0,0,38,25,27,,
USC00308721,"UPTON COOP NWSFO NEW YORK, NY US",1/10/2021,0,0,0,35,26,28,,
USC00308721,"UPTON COOP NWSFO NEW YORK, NY US",1/11/2021,0,0,0,39,17,20,,
USC00308721,"UPTON COOP NWSFO NEW YORK, NY US",1/12/2021,0,0,0,36,18,18,,
USC00308721,"UPTON COOP NWSFO NEW YORK, NY US",1/13/2021,0,0,0,41,18,23,,
USC00308721,"UPTON COOP NWSFO NEW YORK, NY US",1/14/2021,0,0,0,41,22,33,,
USC00308721,"UPTON COOP NWSFO NEW YORK, NY US",1/15/2021,0,0,0,47,27,36,,
USC00308721,"UPTON COOP NWSFO NEW YORK, NY US",1/16/2021,0.88,0,0,46,36,44,,
USC00308721,"UPTON COOP NWSFO NEW YORK, NY US",1/17/2021,0.05,0,0,46,33,33,,
USC00308721,"UPTON COOP NWSFO NEW YORK, NY US",1/18/2021,0,0,0,44,32,32,,
USC00308721,"UPTON COOP NWSFO NEW YORK, NY US",1/19/2021,0,0,0,46,27,30,,
USC00308721,"UPTON COOP NWSFO NEW YORK, NY US",1/20/2021,0,0,0,42,25,34,,
USC00308721,"UPTON COOP NWSFO NEW YORK, NY US",1/21/2021,0.01,0,0,40,17,17,,
USC00308721,"UPTON COOP NWSFO NEW YORK, NY US",1/22/2021,0,0,0,40,16,31,,
USC00308721,"UPTON COOP NWSFO NEW YORK, NY US",1/23/2021,0,0,0,46,27,27,,
USC00308721,"UPTON COOP NWSFO NEW YORK, NY US",1/24/2021,0,0,0,33,20,20,,
USC00308721,"UPTON COOP NWSFO NEW YORK, NY US",1/25/2021,0,0,0,31,20,22,,
USC00308721,"UPTON COOP NWSFO NEW YORK, NY US",1/26/2021,0,0,0,36,21,30,,
USC00308721,"UPTON COOP NWSFO NEW YORK, NY US",1/27/2021,0.16,0.2,0,35,29,31,,
USC00308721,"UPTON COOP NWSFO NEW YORK, NY US",1/28/2021,0,0,0,37,29,29,,
USC00308721,"UPTON COOP NWSFO NEW YORK, NY US",1/29/2021,0.01,0.1,0,33,13,13,,
USC00308721,"UPTON COOP NWSFO NEW YORK, NY US",1/30/2021,0,0,0,20,13,13,,
USC00308721,"UPTON COOP NWSFO NEW YORK, NY US",1/31/2021,0,0,0,28,13,16,,
USC00308721,"UPTON COOP NWSFO NEW YORK, NY US",2/1/2021,0.23,3,3,29,16,29,,
USC00308721,"UPTON COOP NWSFO NEW YORK, NY US",2/2/2021,1.63,11,10,35,29,33,,
USC00308721,"UPTON COOP NWSFO NEW YORK, NY US",2/3/2021,0.21,0.8,9,35,27,28,,
USC00308721,"UPTON COOP NWSFO NEW YORK, NY US",2/4/2021,0.01,0.2,8,33,27,30,,
USC00308721,"UPTON COOP NWSFO NEW YORK, NY US",2/5/2021,0,0,7,39,26,36,,
USC00308721,"UPTON COOP NWSFO NEW YORK, NY US",2/6/2021,0.04,0,6,44,23,24,,
USC00308721,"UPTON COOP NWSFO NEW YORK, NY US",2/7/2021,0,0,5,44,24,31,,
USC00308721,"UPTON COOP NWSFO NEW YORK, NY US",2/8/2021,0.54,5.2,9,36,15,15,,
USC00308721,"UPTON COOP NWSFO NEW YORK, NY US",2/9/2021,0,0,9,26,9,19,,
USC00308721,"UPTON COOP NWSFO NEW YORK, NY US",2/10/2021,0.02,0,8,35,19,19,,
USC00308721,"UPTON COOP NWSFO NEW YORK, NY US",2/11/2021,0.11,1.7,9,34,19,23,,
USC00308721,"UPTON COOP NWSFO NEW YORK, NY US",2/12/2021,0,0,9,31,17,17,,
USC00308721,"UPTON COOP NWSFO NEW YORK, NY US",2/13/2021,0,0,8,29,17,25,,
USC00308721,"UPTON COOP NWSFO NEW YORK, NY US",2/14/2021,0.01,0,8,29,25,29,,
USC00308721,"UPTON COOP NWSFO NEW YORK, NY US",2/15/2021,0,0,7,35,29,32,,
USC00308721,"UPTON COOP NWSFO NEW YORK, NY US",2/16/2021,0.46,0,6,50,31,50,,
USC00308721,"UPTON COOP NWSFO NEW YORK, NY US",2/17/2021,0.11,0,4,53,23,24,,
USC00308721,"UPTON COOP NWSFO NEW YORK, NY US",2/18/2021,0,0,2,32,22,26,,
USC00308721,"UPTON COOP NWSFO NEW YORK, NY US",2/19/2021,0.67,4,6,30,24,30,,
USC00308721,"UPTON COOP NWSFO NEW YORK, NY US",2/20/2021,0.18,1.3,6,31,27,28,,
USC00308721,"UPTON COOP NWSFO NEW YORK, NY US",2/21/2021,0,0.1,6,35,21,21,,
USC00308721,"UPTON COOP NWSFO NEW YORK, NY US",2/22/2021,0,0,6,34,16,32,,
USC00308721,"UPTON COOP NWSFO NEW YORK, NY US",2/23/2021,0.69,0,4,44,28,29,,
USC00308721,"UPTON COOP NWSFO NEW YORK, NY US",2/24/2021,0.04,0,3,42,29,34,,
USC00308721,"UPTON COOP NWSFO NEW YORK, NY US",2/25/2021,0,0,2,50,33,39,,
USC00308721,"UPTON COOP NWSFO NEW YORK, NY US",2/26/2021,0,0,0,48,25,26,,
USC00308721,"UPTON COOP NWSFO NEW YORK, NY US",2/27/2021,0.03,0,0,44,25,40,,
USC00308721,"UPTON COOP NWSFO NEW YORK, NY US",2/28/2021,0.4,0,0,49,32,32,,
USC00308721,"UPTON COOP NWSFO NEW YORK, NY US",3/1/2021,0.55,0,0,43,32,41,,
USC00308721,"UPTON COOP NWSFO NEW YORK, NY US",3/2/2021,0.03,0,0,46,20,20,,
USC00308721,"UPTON COOP NWSFO NEW YORK, NY US",3/3/2021,0,0,0,32,20,32,,
USC00308721,"UPTON COOP NWSFO NEW YORK, NY US",3/4/2021,0,0,0,50,28,33,,
USC00308721,"UPTON COOP NWSFO NEW YORK, NY US",3/5/2021,0,0,0,45,23,24,,
USC00308721,"UPTON COOP NWSFO NEW YORK, NY US",3/6/2021,0,0,0,37,24,29,,
USC00308721,"UPTON COOP NWSFO NEW YORK, NY US",3/7/2021,0,0,0,34,24,26,,
USC00308721,"UPTON COOP NWSFO NEW YORK, NY US",3/8/2021,0,0,0,37,23,24,,
USC00308721,"UPTON COOP NWSFO NEW YORK, NY US",3/9/2021,0,0,0,39,24,39,,
USC00308721,"UPTON COOP NWSFO NEW YORK, NY US",3/10/2021,0,0,0,62,25,28,,
USC00308721,"UPTON COOP NWSFO NEW YORK, NY US",3/11/2021,0,0,0,51,27,44,,
USC00308721,"UPTON COOP NWSFO NEW YORK, NY US",3/12/2021,0,0,0,59,44,53,,
USC00308721,"UPTON COOP NWSFO NEW YORK, NY US",3/13/2021,0.01,0,0,66,31,32,,
USC00308721,"UPTON COOP NWSFO NEW YORK, NY US",3/14/2021,0,0,0,45,28,31,,
USC00308721,"UPTON COOP NWSFO NEW YORK, NY US",3/15/2021,0,0,0,52,20,20,,
USC00308721,"UPTON COOP NWSFO NEW YORK, NY US",3/16/2021,0,0,0,32,20,24,,
USC00308721,"UPTON COOP NWSFO NEW YORK, NY US",3/17/2021,0,0,0,33,24,33,,
USC00308721,"UPTON COOP NWSFO NEW YORK, NY US",3/18/2021,0,0,0,47,33,41,,
USC00308721,"UPTON COOP NWSFO NEW YORK, NY US",3/19/2021,0.83,0,0,44,32,32,,
USC00308721,"UPTON COOP NWSFO NEW YORK, NY US",3/20/2021,0,0,0,41,22,25,,
USC00308721,"UPTON COOP NWSFO NEW YORK, NY US",3/21/2021,0,0,0,55,24,27,,
USC00308721,"UPTON COOP NWSFO NEW YORK, NY US",3/22/2021,0,0,0,61,26,27,,
USC00308721,"UPTON COOP NWSFO NEW YORK, NY US",3/23/2021,0,0,0,58,27,42,,
USC00308721,"UPTON COOP NWSFO NEW YORK, NY US",3/24/2021,0,0,0,65,37,40,,
USC00308721,"UPTON COOP NWSFO NEW YORK, NY US",3/25/2021,0.63,0,0,61,40,50,,
USC00308721,"UPTON COOP NWSFO NEW YORK, NY US",3/26/2021,0,0,0,69,48,53,,
USC00308721,"UPTON COOP NWSFO NEW YORK, NY US",3/27/2021,0,0,0,75,45,49,,
USC00308721,"UPTON COOP NWSFO NEW YORK, NY US",3/28/2021,0,0,0,65,44,52,,
USC00308721,"UPTON COOP NWSFO NEW YORK, NY US",3/29/2021,1.2,0,0,57,42,43,,
USC00308721,"UPTON COOP NWSFO NEW YORK, NY US",3/30/2021,0,0,0,53,26,31,,
USC00308721,"UPTON COOP NWSFO NEW YORK, NY US",3/31/2021,0,0,0,56,31,54,,
USC00308721,"UPTON COOP NWSFO NEW YORK, NY US",4/1/2021,0.94,0,0,62,41,41,,
USC00308721,"UPTON COOP NWSFO NEW YORK, NY US",4/2/2021,0.01,0,0,46,29,30,,
USC00308721,"UPTON COOP NWSFO NEW YORK, NY US",4/3/2021,0,0,0,36,25,32,,
USC00308721,"UPTON COOP NWSFO NEW YORK, NY US",4/4/2021,0,0,0,48,29,39,,
USC00308721,"UPTON COOP NWSFO NEW YORK, NY US",4/5/2021,0,0,0,58,34,47,,
USC00308721,"UPTON COOP NWSFO NEW YORK, NY US",4/6/2021,0,0,0,64,41,47,,
USC00308721,"UPTON COOP NWSFO NEW YORK, NY US",4/7/2021,0,0,0,63,37,42,,
USC00308721,"UPTON COOP NWSFO NEW YORK, NY US",4/8/2021,0,0,0,66,34,42,,
USC00308721,"UPTON COOP NWSFO NEW YORK, NY US",4/9/2021,0,0,0,68,38,43,,
USC00308721,"UPTON COOP NWSFO NEW YORK, NY US",4/10/2021,0,0,0,57,43,48,,
USC00308721,"UPTON COOP NWSFO NEW YORK, NY US",4/11/2021,0.01,0,0,66,48,54,,
USC00308721,"UPTON COOP NWSFO NEW YORK, NY US",4/12/2021,0.6,0,0,59,42,43,,
USC00308721,"UPTON COOP NWSFO NEW YORK, NY US",4/13/2021,0.05,0,0,52,40,44,,
USC00308721,"UPTON COOP NWSFO NEW YORK, NY US",4/14/2021,0,0,0,61,38,45,,
USC00308721,"UPTON COOP NWSFO NEW YORK, NY US",4/15/2021,0.11,0,0,66,45,47,,
USC00308721,"UPTON COOP NWSFO NEW YORK, NY US",4/16/2021,1.88,0,0,51,37,40,,
USC00308721,"UPTON COOP NWSFO NEW YORK, NY US",4/17/2021,0.01,0,0,50,37,43,,
USC00308721,"UPTON COOP NWSFO NEW YORK, NY US",4/18/2021,0,0,0,55,42,47,,
USC00308721,"UPTON COOP NWSFO NEW YORK, NY US",4/19/2021,0,0,0,63,38,48,,
USC00308721,"UPTON COOP NWSFO NEW YORK, NY US",4/20/2021,0,0,0,64,35,50,,
USC00308721,"UPTON COOP NWSFO NEW YORK, NY US",4/21/2021,0,0,0,65,50,56,,
USC00308721,"UPTON COOP NWSFO NEW YORK, NY US",4/22/2021,0.38,0,0,60,33,37,,
USC00308721,"UPTON COOP NWSFO NEW YORK, NY US",4/23/2021,0,0,0,48,36,41,,
USC00308721,"UPTON COOP NWSFO NEW YORK, NY US",4/24/2021,0,0,0,60,41,54,,
USC00308721,"UPTON COOP NWSFO NEW YORK, NY US",4/25/2021,0.37,0,0,69,46,47,,
USC00308721,"UPTON COOP NWSFO NEW YORK, NY US",4/26/2021,0.25,0,0,55,40,43,,
USC00308721,"UPTON COOP NWSFO NEW YORK, NY US",4/27/2021,0,0,0,57,42,44,,
USC00308721,"UPTON COOP NWSFO NEW YORK, NY US",4/28/2021,0,0,0,61,44,55,,
USC00308721,"UPTON COOP NWSFO NEW YORK, NY US",4/29/2021,0,0,0,75,52,58,,
USC00308721,"UPTON COOP NWSFO NEW YORK, NY US",4/30/2021,0.2,0,0,69,54,58,,
USC00308721,"UPTON COOP NWSFO NEW YORK, NY US",5/1/2021,0,0,0,69,41,45,,
USC00308721,"UPTON COOP NWSFO NEW YORK, NY US",5/2/2021,0,0,0,61,44,57,,
USC00308721,"UPTON COOP NWSFO NEW YORK, NY US",5/3/2021,0,0,0,72,49,57,,
USC00308721,"UPTON COOP NWSFO NEW YORK, NY US",5/4/2021,0.93,0,0,64,50,50,,
USC00308721,"UPTON COOP NWSFO NEW YORK, NY US",5/5/2021,0,0,0,63,48,50,,
USC00308721,"UPTON COOP NWSFO NEW YORK, NY US",5/6/2021,0.13,0,0,54,44,51,,
USC00308721,"UPTON COOP NWSFO NEW YORK, NY US",5/7/2021,0,0,0,64,41,53,,
USC00308721,"UPTON COOP NWSFO NEW YORK, NY US",5/8/2021,0,0,0,64,43,50,,
USC00308721,"UPTON COOP NWSFO NEW YORK, NY US",5/9/2021,0,0,0,55,38,49,,
USC00308721,"UPTON COOP NWSFO NEW YORK, NY US",5/10/2021,0.66,0,0,65,45,47,,
USC00308721,"UPTON COOP NWSFO NEW YORK, NY US",5/11/2021,0,0,0,58,43,52,,
USC00308721,"UPTON COOP NWSFO NEW YORK, NY US",5/12/2021,0,0,0,65,41,50,,
USC00308721,"UPTON COOP NWSFO NEW YORK, NY US",5/13/2021,0,0,0,65,39,53,,
USC00308721,"UPTON COOP NWSFO NEW YORK, NY US",5/14/2021,0,0,0,68,38,58,,
USC00308721,"UPTON COOP NWSFO NEW YORK, NY US",5/15/2021,0,0,0,74,53,58,,
USC00308721,"UPTON COOP NWSFO NEW YORK, NY US",5/16/2021,0,0,0,77,48,58,,
USC00308721,"UPTON COOP NWSFO NEW YORK, NY US",5/17/2021,0,0,0,74,43,57,,
USC00308721,"UPTON COOP NWSFO NEW YORK, NY US",5/18/2021,0,0,0,76,52,63,,
USC00308721,"UPTON COOP NWSFO NEW YORK, NY US",5/19/2021,0,0,0,81,54,67,,
USC00308721,"UPTON COOP NWSFO NEW YORK, NY US",5/20/2021,0,0,0,83,47,60,,
USC00308721,"UPTON COOP NWSFO NEW YORK, NY US",5/21/2021,0,0,0,74,42,57,,
USC00308721,"UPTON COOP NWSFO NEW YORK, NY US",5/22/2021,0,0,0,71,55,63,,
USC00308721,"UPTON COOP NWSFO NEW YORK, NY US",5/23/2021,0,0,0,87,62,73,,
USC00308721,"UPTON COOP NWSFO NEW YORK, NY US",5/24/2021,0,0,0,87,57,60,,
USC00308721,"UPTON COOP NWSFO NEW YORK, NY US",5/25/2021,0,0,0,65,45,59,,
USC00308721,"UPTON COOP NWSFO NEW YORK, NY US",5/26/2021,0,0,0,67,58,63,,
USC00308721,"UPTON COOP NWSFO NEW YORK, NY US",5/27/2021,0.11,0,0,72,62,70,,
USC00308721,"UPTON COOP NWSFO NEW YORK, NY US",5/28/2021,0,0,0,80,52,60,,
USC00308721,"UPTON COOP NWSFO NEW YORK, NY US",5/29/2021,2.38,0,0,68,44,46,,
USC00308721,"UPTON COOP NWSFO NEW YORK, NY US",5/30/2021,0.53,0,0,50,46,48,,
USC00308721,"UPTON COOP NWSFO NEW YORK, NY US",5/31/2021,1.47,0,0,50,47,49,,
USC00308721,"UPTON COOP NWSFO NEW YORK, NY US",6/1/2021,0,0,0,61,46,61,,
USC00308721,"UPTON COOP NWSFO NEW YORK, NY US",6/2/2021,0,0,0,73,54,61,,
USC00308721,"UPTON COOP NWSFO NEW YORK, NY US",6/3/2021,0.04,0,0,73,54,57,,
USC00308721,"UPTON COOP NWSFO NEW YORK, NY US",6/4/2021,0.06,0,0,65,57,64,,
USC00308721,"UPTON COOP NWSFO NEW YORK, NY US",6/5/2021,0.11,0,0,74,56,62,,
USC00308721,"UPTON COOP NWSFO NEW YORK, NY US",6/6/2021,0,0,0,81,62,78,,
USC00308721,"UPTON COOP NWSFO NEW YORK, NY US",6/7/2021,0,0,0,89,65,73,,
USC00308721,"UPTON COOP NWSFO NEW YORK, NY US",6/8/2021,0,0,0,81,67,72,,
USC00308721,"UPTON COOP NWSFO NEW YORK, NY US",6/9/2021,0.01,0,0,85,68,75,,
USC00308721,"UPTON COOP NWSFO NEW YORK, NY US",6/10/2021,0,0,0,88,66,72,,
USC00308721,"UPTON COOP NWSFO NEW YORK, NY US",6/11/2021,0,0,0,79,51,61,,
USC00308721,"UPTON COOP NWSFO NEW YORK, NY US",6/12/2021,0,0,0,74,58,61,,
USC00308721,"UPTON COOP NWSFO NEW YORK, NY US",6/13/2021,0,0,0,69,49,64,,
USC00308721,"UPTON COOP NWSFO NEW YORK, NY US",6/14/2021,0,0,0,76,60,64,,
USC00308721,"UPTON COOP NWSFO NEW YORK, NY US",6/15/2021,0.05,0,0,69,61,67,,
USC00308721,"UPTON COOP NWSFO NEW YORK, NY US",6/16/2021,0,0,0,79,58,65,,
USC00308721,"UPTON COOP NWSFO NEW YORK, NY US",6/17/2021,0,0,0,75,46,59,,
USC00308721,"UPTON COOP NWSFO NEW YORK, NY US",6/18/2021,0,0,0,75,50,64,,
USC00308721,"UPTON COOP NWSFO NEW YORK, NY US",6/19/2021,0.03,0,0,79,64,69,,
USC00308721,"UPTON COOP NWSFO NEW YORK, NY US",6/20/2021,0.17,0,0,88,62,66,,
USC00308721,"UPTON COOP NWSFO NEW YORK, NY US",6/21/2021,0,0,0,81,64,69,,
USC00308721,"UPTON COOP NWSFO NEW YORK, NY US",6/22/2021,0,0,0,76,68,75,,
USC00308721,"UPTON COOP NWSFO NEW YORK, NY US",6/23/2021,0.99,0,0,82,51,59,,
USC00308721,"UPTON COOP NWSFO NEW YORK, NY US",6/24/2021,0,0,0,72,47,63,,
USC00308721,"UPTON COOP NWSFO NEW YORK, NY US",6/25/2021,0.03,0,0,75,59,61,,
USC00308721,"UPTON COOP NWSFO NEW YORK, NY US",6/26/2021,0,0,0,74,61,71,,
USC00308721,"UPTON COOP NWSFO NEW YORK, NY US",6/27/2021,0,0,0,78,71,72,,
USC00308721,"UPTON COOP NWSFO NEW YORK, NY US",6/28/2021,0,0,0,80,71,75,,
USC00308721,"UPTON COOP NWSFO NEW YORK, NY US",6/29/2021,0,0,0,85,72,77,,
USC00308721,"UPTON COOP NWSFO NEW YORK, NY US",6/30/2021,0,0,0,89,73,79,,
USC00308721,"UPTON COOP NWSFO NEW YORK, NY US",7/1/2021,0.04,0,0,87,69,74,,
USC00308721,"UPTON COOP NWSFO NEW YORK, NY US",7/2/2021,1.15,0,0,84,69,69,,
USC00308721,"UPTON COOP NWSFO NEW YORK, NY US",7/3/2021,0.27,0,0,73,59,59,,
USC00308721,"UPTON COOP NWSFO NEW YORK, NY US",7/4/2021,0.79,0,0,62,56,59,,
USC00308721,"UPTON COOP NWSFO NEW YORK, NY US",7/5/2021,0,0,0,73,58,66,,
USC00308721,"UPTON COOP NWSFO NEW YORK, NY US",7/6/2021,0,0,0,76,66,73,,
USC00308721,"UPTON COOP NWSFO NEW YORK, NY US",7/7/2021,0.65,0,0,82,67,73,,
USC00308721,"UPTON COOP NWSFO NEW YORK, NY US",7/8/2021,0,0,0,88,69,74,,
USC00308721,"UPTON COOP NWSFO NEW YORK, NY US",7/9/2021,2.14,0,0,79,71,71,,
USC00308721,"UPTON COOP NWSFO NEW YORK, NY US",7/10/2021,0.72,0,0,81,68,70,,
USC00308721,"UPTON COOP NWSFO NEW YORK, NY US",7/11/2021,0,0,0,78,65,68,,
USC00308721,"UPTON COOP NWSFO NEW YORK, NY US",7/12/2021,0.01,0,0,75,68,74,,
USC00308721,"UPTON COOP NWSFO NEW YORK, NY US",7/13/2021,0,0,0,80,65,65,,
USC00308721,"UPTON COOP NWSFO NEW YORK, NY US",7/14/2021,0.01,0,0,73,65,69,,
USC00308721,"UPTON COOP NWSFO NEW YORK, NY US",7/15/2021,0,0,0,85,67,75,,
USC00308721,"UPTON COOP NWSFO NEW YORK, NY US",7/16/2021,0,0,0,87,72,76,,
USC00308721,"UPTON COOP NWSFO NEW YORK, NY US",7/17/2021,0,0,0,87,71,77,,
USC00308721,"UPTON COOP NWSFO NEW YORK, NY US",7/18/2021,0.3,0,0,88,71,77,,
USC00308721,"UPTON COOP NWSFO NEW YORK, NY US",7/19/2021,0,0,0,83,68,71,,
USC00308721,"UPTON COOP NWSFO NEW YORK, NY US",7/20/2021,0,0,0,77,65,72,,
USC00308721,"UPTON COOP NWSFO NEW YORK, NY US",7/21/2021,0,0,0,84,65,71,,
USC00308721,"UPTON COOP NWSFO NEW YORK, NY US",7/22/2021,0,0,0,82,60,68,,
USC00308721,"UPTON COOP NWSFO NEW YORK, NY US",7/23/2021,0,0,0,81,60,69,,
USC00308721,"UPTON COOP NWSFO NEW YORK, NY US",7/24/2021,0,0,0,80,60,68,,
USC00308721,"UPTON COOP NWSFO NEW YORK, NY US",7/25/2021,0.04,0,0,80,66,66,,
USC00308721,"UPTON COOP NWSFO NEW YORK, NY US",7/26/2021,0.01,0,0,76,65,71,,
USC00308721,"UPTON COOP NWSFO NEW YORK, NY US",7/27/2021,0,0,0,86,61,71,,
USC00308721,"UPTON COOP NWSFO NEW YORK, NY US",7/28/2021,0.13,0,0,86,66,69,,
USC00308721,"UPTON COOP NWSFO NEW YORK, NY US",7/29/2021,0,0,0,78,59,70,,
USC00308721,"UPTON COOP NWSFO NEW YORK, NY US",7/30/2021,0.22,0,0,76,68,70,,
USC00308721,"UPTON COOP NWSFO NEW YORK, NY US",7/31/2021,0,0,0,82,52,61,,
USC00308721,"UPTON COOP NWSFO NEW YORK, NY US",8/1/2021,0,0,0,73,54,64,,
USC00308721,"UPTON COOP NWSFO NEW YORK, NY US",8/2/2021,0.02,0,0,75,61,66,,
USC00308721,"UPTON COOP NWSFO NEW YORK, NY US",8/3/2021,0,0,0,78,56,63,,
USC00308721,"UPTON COOP NWSFO NEW YORK, NY US",8/4/2021,0,0,0,76,58,62,,
USC00308721,"UPTON COOP NWSFO NEW YORK, NY US",8/5/2021,0.1,0,0,72,62,64,,
USC00308721,"UPTON COOP NWSFO NEW YORK, NY US",8/6/2021,0.04,0,0,72,62,69,,
USC00308721,"UPTON COOP NWSFO NEW YORK, NY US",8/7/2021,0,0,0,84,66,72,,
USC00308721,"UPTON COOP NWSFO NEW YORK, NY US",8/8/2021,0.07,0,0,83,65,66,,
USC00308721,"UPTON COOP NWSFO NEW YORK, NY US",8/9/2021,0.76,0,0,71,64,70,,
USC00308721,"UPTON COOP NWSFO NEW YORK, NY US",8/10/2021,0,0,0,74,64,69,,
USC00308721,"UPTON COOP NWSFO NEW YORK, NY US",8/11/2021,0.02,0,0,80,69,75,,
USC00308721,"UPTON COOP NWSFO NEW YORK, NY US",8/12/2021,0,0,0,84,73,77,,
USC00308721,"UPTON COOP NWSFO NEW YORK, NY US",8/13/2021,0,0,0,89,73,78,,
USC00308721,"UPTON COOP NWSFO NEW YORK, NY US",8/14/2021,0,0,0,90,74,78,,
USC00308721,"UPTON COOP NWSFO NEW YORK, NY US",8/15/2021,0,0,0,87,68,69,,
USC00308721,"UPTON COOP NWSFO NEW YORK, NY US",8/16/2021,0,0,0,80,59,69,,
USC00308721,"UPTON COOP NWSFO NEW YORK, NY US",8/17/2021,0,0,0,80,62,68,,
USC00308721,"UPTON COOP NWSFO NEW YORK, NY US",8/18/2021,0,0,0,80,64,68,,
USC00308721,"UPTON COOP NWSFO NEW YORK, NY US",8/19/2021,0.01,0,0,80,68,76,,
USC00308721,"UPTON COOP NWSFO NEW YORK, NY US",8/20/2021,0,0,0,81,67,74,,
USC00308721,"UPTON COOP NWSFO NEW YORK, NY US",8/21/2021,0,0,0,83,69,73,,
USC00308721,"UPTON COOP NWSFO NEW YORK, NY US",8/22/2021,0.81,0,0,83,71,71,,
USC00308721,"UPTON COOP NWSFO NEW YORK, NY US",8/23/2021,1.11,0,0,75,69,74,,
USC00308721,"UPTON COOP NWSFO NEW YORK, NY US",8/24/2021,0.53,0,0,76,67,73,,
USC00308721,"UPTON COOP NWSFO NEW YORK, NY US",8/25/2021,0,0,0,87,65,71,,
USC00308721,"UPTON COOP NWSFO NEW YORK, NY US",8/26/2021,0,0,0,88,69,75,,
USC00308721,"UPTON COOP NWSFO NEW YORK, NY US",8/27/2021,0,0,0,91,72,76,,
USC00308721,"UPTON COOP NWSFO NEW YORK, NY US",8/28/2021,0.86,0,0,91,67,67,,
USC00308721,"UPTON COOP NWSFO NEW YORK, NY US",8/29/2021,0.08,0,0,74,62,63,,
USC00308721,"UPTON COOP NWSFO NEW YORK, NY US",8/30/2021,0,0,0,78,63,72,,
USC00308721,"UPTON COOP NWSFO NEW YORK, NY US",8/31/2021,0,0,0,83,70,72,,
USC00308721,"UPTON COOP NWSFO NEW YORK, NY US",9/1/2021,0.01,0,0,84,66,68,,
USC00308721,"UPTON COOP NWSFO NEW YORK, NY US",9/2/2021,2.4,0,0,75,59,61,,
USC00308721,"UPTON COOP NWSFO NEW YORK, NY US",9/3/2021,0,0,0,74,54,60,,
USC00308721,"UPTON COOP NWSFO NEW YORK, NY US",9/4/2021,0,0,0,73,54,59,,
USC00308721,"UPTON COOP NWSFO NEW YORK, NY US",9/5/2021,0,0,0,76,59,62,,
USC00308721,"UPTON COOP NWSFO NEW YORK, NY US",9/6/2021,0.16,0,0,73,62,68,,
USC00308721,"UPTON COOP NWSFO NEW YORK, NY US",9/7/2021,0,0,0,81,57,61,,
USC00308721,"UPTON COOP NWSFO NEW YORK, NY US",9/8/2021,0,0,0,79,61,68,,
USC00308721,"UPTON COOP NWSFO NEW YORK, NY US",9/9/2021,0.15,0,0,79,68,70,,
USC00308721,"UPTON COOP NWSFO NEW YORK, NY US",9/10/2021,0.32,0,0,71,60,62,,
USC00308721,"UPTON COOP NWSFO NEW YORK, NY US",9/11/2021,0,0,0,78,51,58,,
USC00308721,"UPTON COOP NWSFO NEW YORK, NY US",9/12/2021,0,0,0,75,58,69,,
USC00308721,"UPTON COOP NWSFO NEW YORK, NY US",9/13/2021,0,0,0,77,68,71,,
USC00308721,"UPTON COOP NWSFO NEW YORK, NY US",9/14/2021,0.05,0,0,83,62,63,,
USC00308721,"UPTON COOP NWSFO NEW YORK, NY US",9/15/2021,0,0,0,77,63,72,,
USC00308721,"UPTON COOP NWSFO NEW YORK, NY US",9/16/2021,0.02,0,0,80,63,68,,
USC00308721,"UPTON COOP NWSFO NEW YORK, NY US",9/17/2021,0,0,0,78,66,67,,
USC00308721,"UPTON COOP NWSFO NEW YORK, NY US",9/18/2021,0.71,0,0,72,66,66,,
USC00308721,"UPTON COOP NWSFO NEW YORK, NY US",9/19/2021,0,0,0,80,63,65,,
USC00308721,"UPTON COOP NWSFO NEW YORK, NY US",9/20/2021,0,0,0,74,50,57,,
USC00308721,"UPTON COOP NWSFO NEW YORK, NY US",9/21/2021,0,0,0,74,48,56,,
USC00308721,"UPTON COOP NWSFO NEW YORK, NY US",9/22/2021,0,0,0,76,56,71,,
USC00308721,"UPTON COOP NWSFO NEW YORK, NY US",9/23/2021,0,0,0,78,71,73,,
USC00308721,"UPTON COOP NWSFO NEW YORK, NY US",9/24/2021,0.92,0,0,81,61,61,,
USC00308721,"UPTON COOP NWSFO NEW YORK, NY US",9/25/2021,0.16,0,0,67,53,56,,
USC00308721,"UPTON COOP NWSFO NEW YORK, NY US",9/26/2021,0,0,0,74,56,59,,
USC00308721,"UPTON COOP NWSFO NEW YORK, NY US",9/27/2021,0,0,0,71,51,55,,
USC00308721,"UPTON COOP NWSFO NEW YORK, NY US",9/28/2021,0,0,0,75,55,67,,
USC00308721,"UPTON COOP NWSFO NEW YORK, NY US",9/29/2021,0.11,0,0,75,54,54,,
USC00308721,"UPTON COOP NWSFO NEW YORK, NY US",9/30/2021,0,0,0,67,51,55,,
USC00308721,"UPTON COOP NWSFO NEW YORK, NY US",10/1/2021,0,0,0,64,44,47,,
USC00308721,"UPTON COOP NWSFO NEW YORK, NY US",10/2/2021,0,0,0,65,45,49,,
USC00308721,"UPTON COOP NWSFO NEW YORK, NY US",10/3/2021,0,0,0,74,49,58,,
USC00308721,"UPTON COOP NWSFO NEW YORK, NY US",10/4/2021,0.04,0,0,77,58,65,,
USC00308721,"UPTON COOP NWSFO NEW YORK, NY US",10/5/2021,0.02,0,0,66,58,58,,
USC00308721,"UPTON COOP NWSFO NEW YORK, NY US",10/6/2021,0,0,0,64,57,60,,
USC00308721,"UPTON COOP NWSFO NEW YORK, NY US",10/7/2021,0,0,0,69,48,50,,
USC00308721,"UPTON COOP NWSFO NEW YORK, NY US",10/8/2021,0,0,0,75,49,53,,
USC00308721,"UPTON COOP NWSFO NEW YORK, NY US",10/9/2021,0,0,0,75,53,58,,
USC00308721,"UPTON COOP NWSFO NEW YORK, NY US",10/10/2021,0,0,0,67,58,62,,
USC00308721,"UPTON COOP NWSFO NEW YORK, NY US",10/11/2021,0.06,0,0,64,61,63,,
USC00308721,"UPTON COOP NWSFO NEW YORK, NY US",10/12/2021,0,0,0,72,54,58,,
USC00308721,"UPTON COOP NWSFO NEW YORK, NY US",10/13/2021,0,0,0,73,46,48,,
USC00308721,"UPTON COOP NWSFO NEW YORK, NY US",10/14/2021,0,0,0,72,48,60,,
USC00308721,"UPTON COOP NWSFO NEW YORK, NY US",10/15/2021,0,0,0,76,55,57,,
USC00308721,"UPTON COOP NWSFO NEW YORK, NY US",10/16/2021,0,0,0,79,57,66,,
USC00308721,"UPTON COOP NWSFO NEW YORK, NY US",10/17/2021,0.19,0,0,73,50,51,,
USC00308721,"UPTON COOP NWSFO NEW YORK, NY US",10/18/2021,0,0,0,63,42,43,,
USC00308721,"UPTON COOP NWSFO NEW YORK, NY US",10/19/2021,0.2,0,0,62,39,40,,1
USC00308721,"UPTON COOP NWSFO NEW YORK, NY US",10/20/2021,0,0,0,63,40,56,,
USC00308721,"UPTON COOP NWSFO NEW YORK, NY US",10/21/2021,0,0,0,74,48,50,,
USC00308721,"UPTON COOP NWSFO NEW YORK, NY US",10/22/2021,0,0,0,72,50,62,,
USC00308721,"UPTON COOP NWSFO NEW YORK, NY US",10/23/2021,0,0,0,71,48,50,,
USC00308721,"UPTON COOP NWSFO NEW YORK, NY US",10/24/2021,0.01,0,0,60,40,42,,
USC00308721,"UPTON COOP NWSFO NEW YORK, NY US",10/25/2021,0.03,0,0,64,42,64,,
USC00308721,"UPTON COOP NWSFO NEW YORK, NY US",10/26/2021,1.73,0,0,70,58,62,,
USC00308721,"UPTON COOP NWSFO NEW YORK, NY US",10/27/2021,4.1,0,0,63,51,55,,
USC00308721,"UPTON COOP NWSFO NEW YORK, NY US",10/28/2021,0,0,0,55,48,50,,
USC00308721,"UPTON COOP NWSFO NEW YORK, NY US",10/29/2021,0,0,0,54,40,46,,
USC00308721,"UPTON COOP NWSFO NEW YORK, NY US",10/30/2021,0.68,0,0,58,46,58,,
USC00308721,"UPTON COOP NWSFO NEW YORK, NY US",10/31/2021,0.56,0,0,62,54,55,,
USC00308721,"UPTON COOP NWSFO NEW YORK, NY US",11/1/2021,0,0,0,65,47,49,,
USC00308721,"UPTON COOP NWSFO NEW YORK, NY US",11/2/2021,0,0,0,61,36,41,,
USC00308721,"UPTON COOP NWSFO NEW YORK, NY US",11/3/2021,0.02,0,0,55,32,33,,
USC00308721,"UPTON COOP NWSFO NEW YORK, NY US",11/4/2021,0,0,0,53,30,30,,
USC00308721,"UPTON COOP NWSFO NEW YORK, NY US",11/5/2021,0,0,0,50,30,38,,
USC00308721,"UPTON COOP NWSFO NEW YORK, NY US",11/6/2021,0,0,0,51,25,25,,
USC00308721,"UPTON COOP NWSFO NEW YORK, NY US",11/7/2021,0,0,0,52,25,26,,
USC00308721,"UPTON COOP NWSFO NEW YORK, NY US",11/8/2021,0,0,0,52,26,44,,
USC00308721,"UPTON COOP NWSFO NEW YORK, NY US",11/9/2021,0,0,0,61,33,35,,
USC00308721,"UPTON COOP NWSFO NEW YORK, NY US",11/10/2021,0,0,0,69,35,45,,
USC00308721,"UPTON COOP NWSFO NEW YORK, NY US",11/11/2021,0,0,0,64,31,33,,
USC00308721,"UPTON COOP NWSFO NEW YORK, NY US",11/12/2021,0.01,0,0,62,33,62,,
USC00308721,"UPTON COOP NWSFO NEW YORK, NY US",11/13/2021,0.25,0,0,65,36,36,,
USC00308721,"UPTON COOP NWSFO NEW YORK, NY US",11/14/2021,0.14,0,0,60,32,32,,
USC00308721,"UPTON COOP NWSFO NEW YORK, NY US",11/15/2021,0.08,0,0,49,32,34,,
USC00308721,"UPTON COOP NWSFO NEW YORK, NY US",11/16/2021,0,0,0,49,32,33,,
USC00308721,"UPTON COOP NWSFO NEW YORK, NY US",11/17/2021,0,0,0,49,26,26,,
USC00308721,"UPTON COOP NWSFO NEW YORK, NY US",11/18/2021,0,0,0,58,26,56,,
USC00308721,"UPTON COOP NWSFO NEW YORK, NY US",11/19/2021,0.18,0,0,63,39,39,,
USC00308721,"UPTON COOP NWSFO NEW YORK, NY US",11/20/2021,0,0,0,48,28,28,,
USC00308721,"UPTON COOP NWSFO NEW YORK, NY US",11/21/2021,0,0,0,48,27,35,,
USC00308721,"UPTON COOP NWSFO NEW YORK, NY US",11/22/2021,0.01,0,0,57,34,50,0,
USC00308721,"UPTON COOP NWSFO NEW YORK, NY US",11/23/2021,0.06,0,0,51,32,32,,
USC00308721,"UPTON COOP NWSFO NEW YORK, NY US",11/24/2021,0,0,0,41,28,29,,
USC00308721,"UPTON COOP NWSFO NEW YORK, NY US",11/25/2021,0,0,0,42,26,28,,
USC00308721,"UPTON COOP NWSFO NEW YORK, NY US",11/26/2021,0.23,0,0,56,28,42,,
USC00308721,"UPTON COOP NWSFO NEW YORK, NY US",11/27/2021,0.04,0,0,46,33,34,,
USC00308721,"UPTON COOP NWSFO NEW YORK, NY US",11/28/2021,0,0,0,43,29,31,,
USC00308721,"UPTON COOP NWSFO NEW YORK, NY US",11/29/2021,0,0,0,38,28,33,,
USC00308721,"UPTON COOP NWSFO NEW YORK, NY US",11/30/2021,0,0,0,43,22,22,,
USC00308721,"UPTON COOP NWSFO NEW YORK, NY US",12/1/2021,0,0,0,40,22,36,,
USC00308721,"UPTON COOP NWSFO NEW YORK, NY US",12/2/2021,0.05,0,0,50,34,50,,
USC00308721,"UPTON COOP NWSFO NEW YORK, NY US",12/3/2021,0.04,0,0,58,38,40,,
USC00308721,"UPTON COOP NWSFO NEW YORK, NY US",12/4/2021,0,0,0,47,29,32,,
USC00308721,"UPTON COOP NWSFO NEW YORK, NY US",12/5/2021,0,0,0,46,30,30,,
USC00308721,"UPTON COOP NWSFO NEW YORK, NY US",12/6/2021,0.33,0,0,58,28,58,,
USC00308721,"UPTON COOP NWSFO NEW YORK, NY US",12/7/2021,0.02,0,0,58,36,36,,
USC00308721,"UPTON COOP NWSFO NEW YORK, NY US",12/8/2021,0,0,0,44,29,33,,
USC00308721,"UPTON COOP NWSFO NEW YORK, NY US",12/9/2021,0.29,0,0,38,29,29,,
USC00308721,"UPTON COOP NWSFO NEW YORK, NY US",12/10/2021,0,0,0,38,28,33,,
USC00308721,"UPTON COOP NWSFO NEW YORK, NY US",12/11/2021,0.05,0,0,52,32,51,,
USC00308721,"UPTON COOP NWSFO NEW YORK, NY US",12/12/2021,0.2,0,0,59,42,42,,
USC00308721,"UPTON COOP NWSFO NEW YORK, NY US",12/13/2021,0,0,0,47,31,37,,
USC00308721,"UPTON COOP NWSFO NEW YORK, NY US",12/14/2021,0,0,0,53,32,35,,
USC00308721,"UPTON COOP NWSFO NEW YORK, NY US",12/15/2021,0,0,0,50,26,26,,
USC00308721,"UPTON COOP NWSFO NEW YORK, NY US",12/16/2021,0.01,0,0,55,26,53,,
USC00308721,"UPTON COOP NWSFO NEW YORK, NY US",12/17/2021,0,0,0,59,52,55,,
USC00308721,"UPTON COOP NWSFO NEW YORK, NY US",12/18/2021,0,0,0,60,38,39,,
USC00308721,"UPTON COOP NWSFO NEW YORK, NY US",12/19/2021,0.14,0,0,47,38,38,,
USC00308721,"UPTON COOP NWSFO NEW YORK, NY US",12/20/2021,0.01,0,0,39,22,22,,
USC00308721,"UPTON COOP NWSFO NEW YORK, NY US",12/21/2021,0,0,0,37,22,29,,
USC00308721,"UPTON COOP NWSFO NEW YORK, NY US",12/22/2021,0,0,0,43,28,43,,
USC00308721,"UPTON COOP NWSFO NEW YORK, NY US",12/23/2021,0.17,0,0,47,28,28,,
USC00308721,"UPTON COOP NWSFO NEW YORK, NY US",12/24/2021,0.01,0.4,0,36,24,28,,
USC00308721,"UPTON COOP NWSFO NEW YORK, NY US",12/25/2021,0.05,0,0,36,28,36,,
USC00308721,"UPTON COOP NWSFO NEW YORK, NY US",12/26/2021,0.19,0,0,46,36,40,,
USC00308721,"UPTON COOP NWSFO NEW YORK, NY US",12/27/2021,0,0,0,46,29,29,,
USC00308721,"UPTON COOP NWSFO NEW YORK, NY US",12/28/2021,0.11,0,0,39,29,39,,
USC00308721,"UPTON COOP NWSFO NEW YORK, NY US",12/29/2021,0.15,0,0,49,38,38,,
USC00308721,"UPTON COOP NWSFO NEW YORK, NY US",12/30/2021,0.07,0,0,44,38,43,,
USC00308721,"UPTON COOP NWSFO NEW YORK, NY US",12/31/2021,0.01,0,0,47,42,45,,
USC00308721,"UPTON COOP NWSFO NEW YORK, NY US",1/1/2022,0.06,0,0,50,44,50,,
USC00308721,"UPTON COOP NWSFO NEW YORK, NY US",1/2/2022,1.23,0,0,53,44,49,,
USC00308721,"UPTON COOP NWSFO NEW YORK, NY US",1/3/2022,0.01,0,0,55,30,30,,
USC00308721,"UPTON COOP NWSFO NEW YORK, NY US",1/4/2022,0,0,0,30,19,19,,
USC00308721,"UPTON COOP NWSFO NEW YORK, NY US",1/5/2022,0,0,0,33,19,32,,
USC00308721,"UPTON COOP NWSFO NEW YORK, NY US",1/6/2022,0.17,0,0,47,31,35,,
USC00308721,"UPTON COOP NWSFO NEW YORK, NY US",1/7/2022,0.38,5.7,6,41,28,28,,
USC00308721,"UPTON COOP NWSFO NEW YORK, NY US",1/8/2022,0.08,0.7,3,35,19,20,,
USC00308721,"UPTON COOP NWSFO NEW YORK, NY US",1/9/2022,0,0,3,30,12,15,,
USC00308721,"UPTON COOP NWSFO NEW YORK, NY US",1/10/2022,0.19,0,0,43,15,29,,
USC00308721,"UPTON COOP NWSFO NEW YORK, NY US",1/11/2022,0,0,0,31,17,17,,
USC00308721,"UPTON COOP NWSFO NEW YORK, NY US",1/12/2022,0,0,0,20,7,10,,
USC00308721,"UPTON COOP NWSFO NEW YORK, NY US",1/13/2022,0,0,0,42,10,21,,
USC00308721,"UPTON COOP NWSFO NEW YORK, NY US",1/14/2022,0,0,0,50,21,37,,
USC00308721,"UPTON COOP NWSFO NEW YORK, NY US",1/15/2022,0,0,0,42,10,10,,
USC00308721,"UPTON COOP NWSFO NEW YORK, NY US",1/16/2022,0,0,0,18,5,5,,
USC00308721,"UPTON COOP NWSFO NEW YORK, NY US",1/17/2022,1.23,0,0,47,5,46,,
USC00308721,"UPTON COOP NWSFO NEW YORK, NY US",1/18/2022,0.16,0,0,46,28,29,,
USC00308721,"UPTON COOP NWSFO NEW YORK, NY US",1/19/2022,0,0,0,37,17,23,,
USC00308721,"UPTON COOP NWSFO NEW YORK, NY US",1/20/2022,0.11,0,0,45,23,36,,
USC00308721,"UPTON COOP NWSFO NEW YORK, NY US",1/21/2022,0.25,0.7,1,37,15,15,,
USC00308721,"UPTON COOP NWSFO NEW YORK, NY US",1/22/2022,0,0,0,22,15,17,,
USC00308721,"UPTON COOP NWSFO NEW YORK, NY US",1/23/2022,0,0,0,28,13,16,,
USC00308721,"UPTON COOP NWSFO NEW YORK, NY US",1/24/2022,0.01,0.1,0,36,16,27,,
USC00308721,"UPTON COOP NWSFO NEW YORK, NY US",1/25/2022,0.01,0,0,39,27,34,,
USC00308721,"UPTON COOP NWSFO NEW YORK, NY US",1/26/2022,0,0,0,40,20,20,,
USC00308721,"UPTON COOP NWSFO NEW YORK, NY US",1/27/2022,0,0,0,27,4,4,,
USC00308721,"UPTON COOP NWSFO NEW YORK, NY US",1/28/2022,0,0,0,29,4,26,,
USC00308721,"UPTON COOP NWSFO NEW YORK, NY US",1/29/2022,0.9,9,8,34,23,23,,
USC00308721,"UPTON COOP NWSFO NEW YORK, NY US",1/30/2022,0.54,7.1,12,23,8,8,,
USC00308721,"UPTON COOP NWSFO NEW YORK, NY US",1/31/2022,0,0,11,22,-2,-2,,
USC00308721,"UPTON COOP NWSFO NEW YORK, NY US",2/1/2022,0,0,10,29,-3,4,,
USC00308721,"UPTON COOP NWSFO NEW YORK, NY US",2/2/2022,0,0,9,35,4,28,,
USC00308721,"UPTON COOP NWSFO NEW YORK, NY US",2/3/2022,0,0,5,45,28,40,,
USC00308721,"UPTON COOP NWSFO NEW YORK, NY US",2/4/2022,0.45,0,0,51,38,51,,
USC00308721,"UPTON COOP NWSFO NEW YORK, NY US",2/5/2022,0.64,0.2,0,51,22,22,,
USC00308721,"UPTON COOP NWSFO NEW YORK, NY US",2/6/2022,0,0,0,28,12,12,,
USC00308721,"UPTON COOP NWSFO NEW YORK, NY US",2/7/2022,0,0,0,30,12,30,,
USC00308721,"UPTON COOP NWSFO NEW YORK, NY US",2/8/2022,0.66,0,0,38,30,35,,
USC00308721,"UPTON COOP NWSFO NEW YORK, NY US",2/9/2022,0,0,0,44,21,22,,
USC00308721,"UPTON COOP NWSFO NEW YORK, NY US",2/10/2022,0,0,0,42,22,26,,
USC00308721,"UPTON COOP NWSFO NEW YORK, NY US",2/11/2022,0,0,0,52,26,29,,
USC00308721,"UPTON COOP NWSFO NEW YORK, NY US",2/12/2022,0,0,0,55,29,43,,
USC00308721,"UPTON COOP NWSFO NEW YORK, NY US",2/13/2022,0.1,0.8,1,62,29,29,,
USC00308721,"UPTON COOP NWSFO NEW YORK, NY US",2/14/2022,0.24,3.6,3,30,15,15,,
USC00308721,"UPTON COOP NWSFO NEW YORK, NY US",2/15/2022,0,0,3,24,7,7,,
USC00308721,"UPTON COOP NWSFO NEW YORK, NY US",2/16/2022,0,0,2,28,7,9,,
USC00308721,"UPTON COOP NWSFO NEW YORK, NY US",2/17/2022,0,0,0,47,9,46,,
USC00308721,"UPTON COOP NWSFO NEW YORK, NY US",2/18/2022,0.75,0,0,57,46,52,,
USC00308721,"UPTON COOP NWSFO NEW YORK, NY US",2/19/2022,0,0,0,52,16,17,,
USC00308721,"UPTON COOP NWSFO NEW YORK, NY US",2/20/2022,0.01,0.3,0,39,15,15,,
USC00308721,"UPTON COOP NWSFO NEW YORK, NY US",2/21/2022,0,0,0,35,15,34,,
USC00308721,"UPTON COOP NWSFO NEW YORK, NY US",2/22/2022,0,0,0,50,27,29,,
USC00308721,"UPTON COOP NWSFO NEW YORK, NY US",2/23/2022,0.49,0,0,55,29,48,,
USC00308721,"UPTON COOP NWSFO NEW YORK, NY US",2/24/2022,0,0,0,66,26,27,,
USC00308721,"UPTON COOP NWSFO NEW YORK, NY US",2/25/2022,0.48,0.2,0,32,27,32,,
USC00308721,"UPTON COOP NWSFO NEW YORK, NY US",2/26/2022,0.43,0,0,36,19,20,,
USC00308721,"UPTON COOP NWSFO NEW YORK, NY US",2/27/2022,0,0,0,33,20,25,,
USC00308721,"UPTON COOP NWSFO NEW YORK, NY US",2/28/2022,0,0,0,45,25,25,,
USC00308721,"UPTON COOP NWSFO NEW YORK, NY US",3/1/2022,0,0,0,33,17,20,,
USC00308721,"UPTON COOP NWSFO NEW YORK, NY US",3/2/2022,0,0,0,45,20,36,,
USC00308721,"UPTON COOP NWSFO NEW YORK, NY US",3/3/2022,0.09,0,0,49,34,37,,
USC00308721,"UPTON COOP NWSFO NEW YORK, NY US",3/4/2022,0,0,0,45,17,18,,
USC00308721,"UPTON COOP NWSFO NEW YORK, NY US",3/5/2022,0,0,0,33,15,18,,
USC00308721,"UPTON COOP NWSFO NEW YORK, NY US",3/6/2022,0,0,0,48,18,46,,
USC00308721,"UPTON COOP NWSFO NEW YORK, NY US",3/7/2022,0.08,0,0,57,46,49,,
USC00308721,"UPTON COOP NWSFO NEW YORK, NY US",3/8/2022,0.02,0,0,60,37,38,,
USC00308721,"UPTON COOP NWSFO NEW YORK, NY US",3/9/2022,0.03,0,0,46,28,33,,
USC00308721,"UPTON COOP NWSFO NEW YORK, NY US",3/10/2022,0.67,1.3,1,33,28,28,,
USC00308721,"UPTON COOP NWSFO NEW YORK, NY US",3/11/2022,0,0,0,47,23,24,,
USC00308721,"UPTON COOP NWSFO NEW YORK, NY US",3/12/2022,0.01,0,0,52,24,45,,
USC00308721,"UPTON COOP NWSFO NEW YORK, NY US",3/13/2022,0.71,0.8,0,45,21,22,,
USC00308721,"UPTON COOP NWSFO NEW YORK, NY US",3/14/2022,0,0,0,34,22,32,,
USC00308721,"UPTON COOP NWSFO NEW YORK, NY US",3/15/2022,0,0,0,54,32,41,,
USC00308721,"UPTON COOP NWSFO NEW YORK, NY US",3/16/2022,0,0,0,61,31,35,,
USC00308721,"UPTON COOP NWSFO NEW YORK, NY US",3/17/2022,0,0,0,60,35,45,,
USC00308721,"UPTON COOP NWSFO NEW YORK, NY US",3/18/2022,0.1,0,0,52,45,50,,
USC00308721,"UPTON COOP NWSFO NEW YORK, NY US",3/19/2022,0,0,0,70,45,54,,
USC00308721,"UPTON COOP NWSFO NEW YORK, NY US",3/20/2022,0.15,0,0,62,47,47,,
USC00308721,"UPTON COOP NWSFO NEW YORK, NY US",3/21/2022,0.01,0,0,60,39,41,,
USC00308721,"UPTON COOP NWSFO NEW YORK, NY US",3/22/2022,0,0,0,60,37,42,,
USC00308721,"UPTON COOP NWSFO NEW YORK, NY US",3/23/2022,0,0,0,55,32,37,,
USC00308721,"UPTON COOP NWSFO NEW YORK, NY US",3/24/2022,1,0,0,45,37,42,,
USC00308721,"UPTON COOP NWSFO NEW YORK, NY US",3/25/2022,0.53,0,0,46,37,41,,
USC00308721,"UPTON COOP NWSFO NEW YORK, NY US",3/26/2022,0,0,0,58,41,45,,
USC00308721,"UPTON COOP NWSFO NEW YORK, NY US",3/27/2022,0.44,0,0,54,35,38,,
USC00308721,"UPTON COOP NWSFO NEW YORK, NY US",3/28/2022,0,0,0,48,22,24,,
USC00308721,"UPTON COOP NWSFO NEW YORK, NY US",3/29/2022,0,0,0,33,21,24,,
USC00308721,"UPTON COOP NWSFO NEW YORK, NY US",3/30/2022,0,0,0,39,21,31,,
USC00308721,"UPTON COOP NWSFO NEW YORK, NY US",3/31/2022,0.02,0,0,51,31,51,,
USC00308721,"UPTON COOP NWSFO NEW YORK, NY US",4/1/2022,0.11,0,0,59,50,51,,
USC00308721,"UPTON COOP NWSFO NEW YORK, NY US",4/2/2022,0.01,0,0,57,36,38,,
USC00308721,"UPTON COOP NWSFO NEW YORK, NY US",4/3/2022,0,0,0,50,37,40,,
USC00308721,"UPTON COOP NWSFO NEW YORK, NY US",4/4/2022,0.14,0,0,48,36,38,,
USC00308721,"UPTON COOP NWSFO NEW YORK, NY US",4/5/2022,0,0,0,53,29,31,,
USC00308721,"UPTON COOP NWSFO NEW YORK, NY US",4/6/2022,0.34,0,0,53,31,48,,
USC00308721,"UPTON COOP NWSFO NEW YORK, NY US",4/7/2022,0.32,0,0,48,41,44,,
USC00308721,"UPTON COOP NWSFO NEW YORK, NY US",4/8/2022,0.72,0,0,52,44,49,,
USC00308721,"UPTON COOP NWSFO NEW YORK, NY US",4/9/2022,0,0,0,63,43,45,,
USC00308721,"UPTON COOP NWSFO NEW YORK, NY US",4/10/2022,0.01,0,0,57,40,43,,
USC00308721,"UPTON COOP NWSFO NEW YORK, NY US",4/11/2022,0,0,0,50,36,41,,
USC00308721,"UPTON COOP NWSFO NEW YORK, NY US",4/12/2022,0,0,0,57,41,48,,
USC00308721,"UPTON COOP NWSFO NEW YORK, NY US",4/13/2022,0.02,0,0,67,38,55,,
USC00308721,"UPTON COOP NWSFO NEW YORK, NY US",4/14/2022,0,0,0,67,53,54,,
USC00308721,"UPTON COOP NWSFO NEW YORK, NY US",4/15/2022,0.06,0,0,72,43,51,,
USC00308721,"UPTON COOP NWSFO NEW YORK, NY US",4/16/2022,0,0,0,66,51,53,,
USC00308721,"UPTON COOP NWSFO NEW YORK, NY US",4/17/2022,0.18,0,0,61,37,43,,
USC00308721,"UPTON COOP NWSFO NEW YORK, NY US",4/18/2022,0,0,0,50,28,42,,
USC00308721,"UPTON COOP NWSFO NEW YORK, NY US",4/19/2022,1.57,0,0,53,41,41,,
USC00308721,"UPTON COOP NWSFO NEW YORK, NY US",4/20/2022,0,0,0,49,36,45,,
USC00308721,"UPTON COOP NWSFO NEW YORK, NY US",4/21/2022,0,0,0,56,29,45,,
USC00308721,"UPTON COOP NWSFO NEW YORK, NY US",4/22/2022,0,0,0,57,41,52,,
USC00308721,"UPTON COOP NWSFO NEW YORK, NY US",4/23/2022,0,0,0,68,39,49,,
USC00308721,"UPTON COOP NWSFO NEW YORK, NY US",4/24/2022,0.01,0,0,61,47,52,,
USC00308721,"UPTON COOP NWSFO NEW YORK, NY US",4/25/2022,0,0,0,57,38,47,,
USC00308721,"UPTON COOP NWSFO NEW YORK, NY US",4/26/2022,0,0,0,60,47,51,,
USC00308721,"UPTON COOP NWSFO NEW YORK, NY US",4/27/2022,0.04,0,0,60,45,49,,
USC00308721,"UPTON COOP NWSFO NEW YORK, NY US",4/28/2022,0,0,0,57,37,40,,
USC00308721,"UPTON COOP NWSFO NEW YORK, NY US",4/29/2022,0,0,0,54,33,44,,
USC00308721,"UPTON COOP NWSFO NEW YORK, NY US",4/30/2022,0,0,0,59,38,47,,
USC00308721,"UPTON COOP NWSFO NEW YORK, NY US",5/1/2022,0,0,0,62,35,50,,
USC00308721,"UPTON COOP NWSFO NEW YORK, NY US",5/2/2022,0.05,0,0,65,47,51,,
USC00308721,"UPTON COOP NWSFO NEW YORK, NY US",5/3/2022,0.21,0,0,53,46,49,,
USC00308721,"UPTON COOP NWSFO NEW YORK, NY US",5/4/2022,0.02,0,0,55,47,48,,
USC00308721,"UPTON COOP NWSFO NEW YORK, NY US",5/5/2022,0.02,0,0,62,48,57,,
USC00308721,"UPTON COOP NWSFO NEW YORK, NY US",5/6/2022,0,0,0,69,50,53,,
USC00308721,"UPTON COOP NWSFO NEW YORK, NY US",5/7/2022,0.92,0,0,61,46,48,,
USC00308721,"UPTON COOP NWSFO NEW YORK, NY US",5/8/2022,0.89,0,0,49,41,47,,
USC00308721,"UPTON COOP NWSFO NEW YORK, NY US",5/9/2022,0,0,0,56,43,47,,
USC00308721,"UPTON COOP NWSFO NEW YORK, NY US",5/10/2022,0,0,0,65,47,52,,
USC00308721,"UPTON COOP NWSFO NEW YORK, NY US",5/11/2022,0,0,0,68,50,52,,
USC00308721,"UPTON COOP NWSFO NEW YORK, NY US",5/12/2022,0,0,0,73,52,57,,
USC00308721,"UPTON COOP NWSFO NEW YORK, NY US",5/13/2022,0,0,0,74,53,58,,
USC00308721,"UPTON COOP NWSFO NEW YORK, NY US",5/14/2022,0,0,0,77,58,63,,
USC00308721,"UPTON COOP NWSFO NEW YORK, NY US",5/15/2022,0.15,0,0,78,57,60,,
USC00308721,"UPTON COOP NWSFO NEW YORK, NY US",5/16/2022,0,0,0,74,57,64,,
USC00308721,"UPTON COOP NWSFO NEW YORK, NY US",5/17/2022,0.03,0,0,73,53,62,,
USC00308721,"UPTON COOP NWSFO NEW YORK, NY US",5/18/2022,0,0,0,74,50,58,,
USC00308721,"UPTON COOP NWSFO NEW YORK, NY US",5/19/2022,0.56,0,0,69,52,52,,
USC00308721,"UPTON COOP NWSFO NEW YORK, NY US",5/20/2022,0.28,0,0,57,50,52,,
USC00308721,"UPTON COOP NWSFO NEW YORK, NY US",5/21/2022,0.48,0,0,68,52,60,,
USC00308721,"UPTON COOP NWSFO NEW YORK, NY US",5/22/2022,0,0,0,88,60,72,,
USC00308721,"UPTON COOP NWSFO NEW YORK, NY US",5/23/2022,0.02,0,0,86,60,61,,
USC00308721,"UPTON COOP NWSFO NEW YORK, NY US",5/24/2022,0,0,0,72,54,58,,
USC00308721,"UPTON COOP NWSFO NEW YORK, NY US",5/25/2022,0,0,0,69,43,54,,
USC00308721,"UPTON COOP NWSFO NEW YORK, NY US",5/26/2022,0,0,0,67,43,54,,
USC00308721,"UPTON COOP NWSFO NEW YORK, NY US",5/27/2022,0.05,0,0,67,54,62,,
USC00308721,"UPTON COOP NWSFO NEW YORK, NY US",5/28/2022,0.31,0,0,69,62,62,,
USC00308721,"UPTON COOP NWSFO NEW YORK, NY US",5/29/2022,0.17,0,0,72,55,63,,
USC00308721,"UPTON COOP NWSFO NEW YORK, NY US",5/30/2022,0,0,0,75,52,66,,
USC00308721,"UPTON COOP NWSFO NEW YORK, NY US",5/31/2022,0,0,0,81,66,70,,
USC00308721,"UPTON COOP NWSFO NEW YORK, NY US",6/1/2022,0.33,0,0,91,54,56,,
USC00308721,"UPTON COOP NWSFO NEW YORK, NY US",6/2/2022,0.2,0,0,68,55,62,,
USC00308721,"UPTON COOP NWSFO NEW YORK, NY US",6/3/2022,0.21,0,0,75,58,60,,
USC00308721,"UPTON COOP NWSFO NEW YORK, NY US",6/4/2022,0,0,0,72,55,60,,
USC00308721,"UPTON COOP NWSFO NEW YORK, NY US",6/5/2022,0,0,0,73,49,60,,
USC00308721,"UPTON COOP NWSFO NEW YORK, NY US",6/6/2022,0,0,0,74,45,60,,
USC00308721,"UPTON COOP NWSFO NEW YORK, NY US",6/7/2022,0,0,0,78,54,66,,
USC00308721,"UPTON COOP NWSFO NEW YORK, NY US",6/8/2022,0.13,0,0,74,64,68,,
USC00308721,"UPTON COOP NWSFO NEW YORK, NY US",6/9/2022,0.54,0,0,81,64,66,,
USC00308721,"UPTON COOP NWSFO NEW YORK, NY US",6/10/2022,0,0,0,83,55,65,,
USC00308721,"UPTON COOP NWSFO NEW YORK, NY US",6/11/2022,0,0,0,77,60,65,,
USC00308721,"UPTON COOP NWSFO NEW YORK, NY US",6/12/2022,0,0,0,76,57,65,,
USC00308721,"UPTON COOP NWSFO NEW YORK, NY US",6/13/2022,0.08,0,0,71,63,68,,
USC00308721,"UPTON COOP NWSFO NEW YORK, NY US",6/14/2022,0,0,0,83,61,66,,
USC00308721,"UPTON COOP NWSFO NEW YORK, NY US",6/15/2022,0,0,0,77,55,68,,
USC00308721,"UPTON COOP NWSFO NEW YORK, NY US",6/16/2022,0,0,0,76,59,63,,
USC00308721,"UPTON COOP NWSFO NEW YORK, NY US",6/17/2022,0.05,0,0,70,63,70,,
USC00308721,"UPTON COOP NWSFO NEW YORK, NY US",6/18/2022,0.3,0,0,81,58,67,,
USC00308721,"UPTON COOP NWSFO NEW YORK, NY US",6/19/2022,0.28,0,0,71,50,54,,
USC00308721,"UPTON COOP NWSFO NEW YORK, NY US",6/20/2022,0,0,0,70,49,64,,
USC00308721,"UPTON COOP NWSFO NEW YORK, NY US",6/21/2022,0,0,0,75,55,65,,
USC00308721,"UPTON COOP NWSFO NEW YORK, NY US",6/22/2022,0.1,0,0,76,59,59,,
USC00308721,"UPTON COOP NWSFO NEW YORK, NY US",6/23/2022,0.57,0,0,63,56,63,,
USC00308721,"UPTON COOP NWSFO NEW YORK, NY US",6/24/2022,0,0,0,75,55,60,,
USC00308721,"UPTON COOP NWSFO NEW YORK, NY US",6/25/2022,0,0,0,74,59,69,,
USC00308721,"UPTON COOP NWSFO NEW YORK, NY US",6/26/2022,0,0,0,87,62,72,,
USC00308721,"UPTON COOP NWSFO NEW YORK, NY US",6/27/2022,0,0,0,86,69,71,,
USC00308721,"UPTON COOP NWSFO NEW YORK, NY US",6/28/2022,0.49,0,0,75,56,61,,
USC00308721,"UPTON COOP NWSFO NEW YORK, NY US",6/29/2022,0,0,0,75,54,63,,
USC00308721,"UPTON COOP NWSFO NEW YORK, NY US",6/30/2022,0,0,0,80,61,69,,
USC00308721,"UPTON COOP NWSFO NEW YORK, NY US",7/1/2022,0,0,0,82,62,74,,
USC00308721,"UPTON COOP NWSFO NEW YORK, NY US",7/2/2022,0,0,0,82,72,73,,
USC00308721,"UPTON COOP NWSFO NEW YORK, NY US",7/3/2022,0.6,0,0,82,68,71,,
USC00308721,"UPTON COOP NWSFO NEW YORK, NY US",7/4/2022,0,0,0,82,57,69,,
USC00308721,"UPTON COOP NWSFO NEW YORK, NY US",7/5/2022,0,0,0,81,65,71,,
USC00308721,"UPTON COOP NWSFO NEW YORK, NY US",7/6/2022,0.04,0,0,81,69,75,,
USC00308721,"UPTON COOP NWSFO NEW YORK, NY US",7/7/2022,0,0,0,85,65,74,,
USC00308721,"UPTON COOP NWSFO NEW YORK, NY US",7/8/2022,0,0,0,80,56,68,,
USC00308721,"UPTON COOP NWSFO NEW YORK, NY US",7/9/2022,0,0,0,80,65,70,,
USC00308721,"UPTON COOP NWSFO NEW YORK, NY US",7/10/2022,0,0,0,82,57,66,,
USC00308721,"UPTON COOP NWSFO NEW YORK, NY US",7/11/2022,0,0,0,80,54,67,,
USC00308721,"UPTON COOP NWSFO NEW YORK, NY US",7/12/2022,0,0,0,79,67,73,,
USC00308721,"UPTON COOP NWSFO NEW YORK, NY US",7/13/2022,0,0,0,80,68,75,,
USC00308721,"UPTON COOP NWSFO NEW YORK, NY US",7/14/2022,0,0,0,88,67,72,,
USC00308721,"UPTON COOP NWSFO NEW YORK, NY US",7/15/2022,0.03,0,0,85,62,70,,
USC00308721,"UPTON COOP NWSFO NEW YORK, NY US",7/16/2022,0,0,0,81,61,70,,
USC00308721,"UPTON COOP NWSFO NEW YORK, NY US",7/17/2022,2.48,0,0,80,67,72,,
USC00308721,"UPTON COOP NWSFO NEW YORK, NY US",7/18/2022,0,0,0,80,70,75,,
USC00308721,"UPTON COOP NWSFO NEW YORK, NY US",7/19/2022,0.04,0,0,78,72,76,,
USC00308721,"UPTON COOP NWSFO NEW YORK, NY US",7/20/2022,0,0,0,88,70,76,,
USC00308721,"UPTON COOP NWSFO NEW YORK, NY US",7/21/2022,0,0,0,92,73,77,,
USC00308721,"UPTON COOP NWSFO NEW YORK, NY US",7/22/2022,0.2,0,0,85,69,77,,
USC00308721,"UPTON COOP NWSFO NEW YORK, NY US",7/23/2022,0,0,0,88,70,77,,
USC00308721,"UPTON COOP NWSFO NEW YORK, NY US",7/24/2022,0,0,0,91,72,79,,
USC00308721,"UPTON COOP NWSFO NEW YORK, NY US",7/25/2022,0,0,0,90,75,78,,
USC00308721,"UPTON COOP NWSFO NEW YORK, NY US",7/26/2022,0,0,0,83,67,72,,
USC00308721,"UPTON COOP NWSFO NEW YORK, NY US",7/27/2022,0,0,0,79,58,70,,
USC00308721,"UPTON COOP NWSFO NEW YORK, NY US",7/28/2022,0,0,0,81,70,74,,
USC00308721,"UPTON COOP NWSFO NEW YORK, NY US",7/29/2022,0,0,0,82,71,76,,
USC00308721,"UPTON COOP NWSFO NEW YORK, NY US",7/30/2022,0.03,0,0,84,70,73,,
USC00308721,"UPTON COOP NWSFO NEW YORK, NY US",7/31/2022,0,0,0,86,59,71,,
USC00308721,"UPTON COOP NWSFO NEW YORK, NY US",8/1/2022,0.32,0,0,84,67,67,,
USC00308721,"UPTON COOP NWSFO NEW YORK, NY US",8/2/2022,0.16,0,0,73,65,73,,
USC00308721,"UPTON COOP NWSFO NEW YORK, NY US",8/3/2022,0,0,0,85,68,74,,
USC00308721,"UPTON COOP NWSFO NEW YORK, NY US",8/4/2022,0,0,0,86,68,74,,
USC00308721,"UPTON COOP NWSFO NEW YORK, NY US",8/5/2022,0,0,0,89,72,75,,
USC00308721,"UPTON COOP NWSFO NEW YORK, NY US",8/6/2022,0,0,0,86,72,78,,
USC00308721,"UPTON COOP NWSFO NEW YORK, NY US",8/7/2022,0,0,0,86,75,78,,
USC00308721,"UPTON COOP NWSFO NEW YORK, NY US",8/8/2022,0,0,0,86,75,79,,
USC00308721,"UPTON COOP NWSFO NEW YORK, NY US",8/9/2022,0,0,0,87,75,79,,
USC00308721,"UPTON COOP NWSFO NEW YORK, NY US",8/10/2022,0,0,0,91,72,75,,
USC00308721,"UPTON COOP NWSFO NEW YORK, NY US",8/11/2022,0,0,0,84,71,73,,
USC00308721,"UPTON COOP NWSFO NEW YORK, NY US",8/12/2022,0.13,0,0,82,68,70,,
USC00308721,"UPTON COOP NWSFO NEW YORK, NY US",8/13/2022,0,0,0,82,61,67,,
USC00308721,"UPTON COOP NWSFO NEW YORK, NY US",8/14/2022,0,0,0,79,52,63,,
USC00308721,"UPTON COOP NWSFO NEW YORK, NY US",8/15/2022,0,0,0,79,54,63,,
USC00308721,"UPTON COOP NWSFO NEW YORK, NY US",8/16/2022,0,0,0,80,56,67,,
USC00308721,"UPTON COOP NWSFO NEW YORK, NY US",8/17/2022,0,0,0,81,63,66,,
USC00308721,"UPTON COOP NWSFO NEW YORK, NY US",8/18/2022,0.03,0,0,79,59,66,,
USC00308721,"UPTON COOP NWSFO NEW YORK, NY US",8/19/2022,0,0,0,85,59,69,,
USC00308721,"UPTON COOP NWSFO NEW YORK, NY US",8/20/2022,0,0,0,89,67,70,,
USC00308721,"UPTON COOP NWSFO NEW YORK, NY US",8/21/2022,0,0,0,89,61,67,,
USC00308721,"UPTON COOP NWSFO NEW YORK, NY US",8/22/2022,0.01,0,0,83,67,70,,
USC00308721,"UPTON COOP NWSFO NEW YORK, NY US",8/23/2022,1.17,0,0,79,67,69,,
USC00308721,"UPTON COOP NWSFO NEW YORK, NY US",8/24/2022,0,0,0,83,64,70,,
USC00308721,"UPTON COOP NWSFO NEW YORK, NY US",8/25/2022,0,0,0,87,66,72,,
USC00308721,"UPTON COOP NWSFO NEW YORK, NY US",8/26/2022,0,0,0,88,66,74,,
USC00308721,"UPTON COOP NWSFO NEW YORK, NY US",8/27/2022,0.16,0,0,85,69,71,,
USC00308721,"UPTON COOP NWSFO NEW YORK, NY US",8/28/2022,0,0,0,85,68,71,,
USC00308721,"UPTON COOP NWSFO NEW YORK, NY US",8/29/2022,0,0,0,82,64,70,,
USC00308721,"UPTON COOP NWSFO NEW YORK, NY US",8/30/2022,0,0,0,83,70,74,,
USC00308721,"UPTON COOP NWSFO NEW YORK, NY US",8/31/2022,0,0,0,83,68,71,,
USC00308721,"UPTON COOP NWSFO NEW YORK, NY US",9/1/2022,0,0,0,85,58,69,,
USC00308721,"UPTON COOP NWSFO NEW YORK, NY US",9/2/2022,0,0,0,83,55,64,,
USC00308721,"UPTON COOP NWSFO NEW YORK, NY US",9/3/2022,0,0,0,76,51,58,,
USC00308721,"UPTON COOP NWSFO NEW YORK, NY US",9/4/2022,0,0,0,79,58,66,,
USC00308721,"UPTON COOP NWSFO NEW YORK, NY US",9/5/2022,0,0,0,82,66,71,,
USC00308721,"UPTON COOP NWSFO NEW YORK, NY US",9/6/2022,0.09,0,0,84,71,71,,
USC00308721,"UPTON COOP NWSFO NEW YORK, NY US",9/7/2022,1.01,0,0,72,64,65,,
USC00308721,"UPTON COOP NWSFO NEW YORK, NY US",9/8/2022,0,0,0,70,59,63,,
USC00308721,"UPTON COOP NWSFO NEW YORK, NY US",9/9/2022,0,0,0,74,53,62,,
USC00308721,"UPTON COOP NWSFO NEW YORK, NY US",9/10/2022,0,0,0,77,51,56,,
USC00308721,"UPTON COOP NWSFO NEW YORK, NY US",9/11/2022,0,0,0,82,56,67,,
USC00308721,"UPTON COOP NWSFO NEW YORK, NY US",9/12/2022,0.36,0,0,76,65,69,,
USC00308721,"UPTON COOP NWSFO NEW YORK, NY US",9/13/2022,0.63,0,0,75,67,70,,
USC00308721,"UPTON COOP NWSFO NEW YORK, NY US",9/14/2022,0,0,0,81,58,61,,
USC00308721,"UPTON COOP NWSFO NEW YORK, NY US",9/15/2022,0,0,0,78,61,63,,
USC00308721,"UPTON COOP NWSFO NEW YORK, NY US",9/16/2022,0,0,0,71,47,54,,
USC00308721,"UPTON COOP NWSFO NEW YORK, NY US",9/17/2022,0,0,0,72,52,58,,
USC00308721,"UPTON COOP NWSFO NEW YORK, NY US",9/18/2022,0,0,0,71,58,67,,
USC00308721,"UPTON COOP NWSFO NEW YORK, NY US",9/19/2022,0,0,0,79,61,68,,
USC00308721,"UPTON COOP NWSFO NEW YORK, NY US",9/20/2022,0,0,0,82,61,64,,
USC00308721,"UPTON COOP NWSFO NEW YORK, NY US",9/21/2022,0,0,0,77,59,63,,
USC00308721,"UPTON COOP NWSFO NEW YORK, NY US",9/22/2022,0,0,0,74,62,72,,
USC00308721,"UPTON COOP NWSFO NEW YORK, NY US",9/23/2022,0.89,0,0,74,50,50,,
USC00308721,"UPTON COOP NWSFO NEW YORK, NY US",9/24/2022,0,0,0,61,46,52,,
USC00308721,"UPTON COOP NWSFO NEW YORK, NY US",9/25/2022,0,0,0,66,48,56,,
USC00308721,"UPTON COOP NWSFO NEW YORK, NY US",9/26/2022,0.96,0,0,72,55,57,,
USC00308721,"UPTON COOP NWSFO NEW YORK, NY US",9/27/2022,0.01,0,0,71,57,57,0,
USC00308721,"UPTON COOP NWSFO NEW YORK, NY US",9/28/2022,0,0,0,70,45,49,,
USC00308721,"UPTON COOP NWSFO NEW YORK, NY US",9/29/2022,0,0,0,69,49,55,,
USC00308721,"UPTON COOP NWSFO NEW YORK, NY US",9/30/2022,0,0,0,65,49,51,,
USC00308721,"UPTON COOP NWSFO NEW YORK, NY US",10/1/2022,0.52,0,0,63,50,50,,
USC00308721,"UPTON COOP NWSFO NEW YORK, NY US",10/2/2022,0.37,0,0,59,50,58,,
USC00308721,"UPTON COOP NWSFO NEW YORK, NY US",10/3/2022,0.03,0,0,59,49,51,0,
USC00308721,"UPTON COOP NWSFO NEW YORK, NY US",10/4/2022,0.59,0,0,52,47,51,0,
USC00308721,"UPTON COOP NWSFO NEW YORK, NY US",10/5/2022,0.88,0,0,57,47,56,,
USC00308721,"UPTON COOP NWSFO NEW YORK, NY US",10/6/2022,0.53,0,0,58,56,57,,
USC00308721,"UPTON COOP NWSFO NEW YORK, NY US",10/7/2022,0,0,0,71,53,56,,
USC00308721,"UPTON COOP NWSFO NEW YORK, NY US",10/8/2022,0.08,0,0,76,46,47,,
USC00308721,"UPTON COOP NWSFO NEW YORK, NY US",10/9/2022,0,0,0,58,35,37,,
USC00308721,"UPTON COOP NWSFO NEW YORK, NY US",10/10/2022,0,0,0,62,37,46,,
USC00308721,"UPTON COOP NWSFO NEW YORK, NY US",10/11/2022,0,0,0,65,39,41,0,
USC00308721,"UPTON COOP NWSFO NEW YORK, NY US",10/12/2022,0,0,0,68,41,44,0,
USC00308721,"UPTON COOP NWSFO NEW YORK, NY US",10/13/2022,0.14,0,0,69,44,63,0,
USC00308721,"UPTON COOP NWSFO NEW YORK, NY US",10/14/2022,1.18,0,0,72,52,54,,
USC00308721,"UPTON COOP NWSFO NEW YORK, NY US",10/15/2022,0,0,0,63,38,40,,
USC00308721,"UPTON COOP NWSFO NEW YORK, NY US",10/16/2022,0,0,0,68,40,46,,
USC00308721,"UPTON COOP NWSFO NEW YORK, NY US",10/17/2022,0,0,0,66,44,51,,
USC00308721,"UPTON COOP NWSFO NEW YORK, NY US",10/18/2022,0.3,0,0,64,47,47,,
USC00308721,"UPTON COOP NWSFO NEW YORK, NY US",10/19/2022,0,0,0,59,34,35,,
USC00308721,"UPTON COOP NWSFO NEW YORK, NY US",10/20/2022,0,0,0,54,34,41,,
USC00308721,"UPTON COOP NWSFO NEW YORK, NY US",10/21/2022,0,0,0,57,32,33,,
USC00308721,"UPTON COOP NWSFO NEW YORK, NY US",10/22/2022,0,0,0,64,33,35,,
USC00308721,"UPTON COOP NWSFO NEW YORK, NY US",10/23/2022,0,0,0,66,35,55,,
USC00308721,"UPTON COOP NWSFO NEW YORK, NY US",10/24/2022,0.5,0,0,59,53,55,,
USC00308721,"UPTON COOP NWSFO NEW YORK, NY US",10/25/2022,0.5,0,0,64,54,63,,
USC00308721,"UPTON COOP NWSFO NEW YORK, NY US",10/26/2022,0.02,0,0,72,62,62,,
USC00308721,"UPTON COOP NWSFO NEW YORK, NY US",10/27/2022,0,0,0,72,49,50,,
USC00308721,"UPTON COOP NWSFO NEW YORK, NY US",10/28/2022,0,0,0,64,44,44,,
USC00308721,"UPTON COOP NWSFO NEW YORK, NY US",10/29/2022,0,0,0,55,37,39,,
USC00308721,"UPTON COOP NWSFO NEW YORK, NY US",10/30/2022,0,0,0,58,29,30,,
USC00308721,"UPTON COOP NWSFO NEW YORK, NY US",10/31/2022,0,0,0,63,30,48,,
USC00308721,"UPTON COOP NWSFO NEW YORK, NY US",11/1/2022,0.36,0,0,65,48,59,0,
USC00308721,"UPTON COOP NWSFO NEW YORK, NY US",11/2/2022,0,0,0,64,51,53,,
USC00308721,"UPTON COOP NWSFO NEW YORK, NY US",11/3/2022,0,0,0,68,35,35,,
USC00308721,"UPTON COOP NWSFO NEW YORK, NY US",11/4/2022,0,0,0,66,35,42,,
USC00308721,"UPTON COOP NWSFO NEW YORK, NY US",11/5/2022,0.01,0,0,71,42,62,,
USC00308721,"UPTON COOP NWSFO NEW YORK, NY US",11/6/2022,0,0,0,74,62,64,,
USC00308721,"UPTON COOP NWSFO NEW YORK, NY US",11/7/2022,0,0,0,73,64,65,,
USC00308721,"UPTON COOP NWSFO NEW YORK, NY US",11/8/2022,0,0,0,78,46,46,,
USC00308721,"UPTON COOP NWSFO NEW YORK, NY US",11/9/2022,0,0,0,55,35,35,,
USC00308721,"UPTON COOP NWSFO NEW YORK, NY US",11/10/2022,0,0,0,54,30,31,,
USC00308721,"UPTON COOP NWSFO NEW YORK, NY US",11/11/2022,0,0,0,65,31,56,,
USC00308721,"UPTON COOP NWSFO NEW YORK, NY US",11/12/2022,0.34,0,0,69,55,65,,
USC00308721,"UPTON COOP NWSFO NEW YORK, NY US",11/13/2022,0.05,0,0,70,51,51,,
USC00308721,"UPTON COOP NWSFO NEW YORK, NY US",11/14/2022,0.1,0,0,51,35,38,,
USC00308721,"UPTON COOP NWSFO NEW YORK, NY US",11/15/2022,0,0,0,46,24,29,,
USC00308721,"UPTON COOP NWSFO NEW YORK, NY US",11/16/2022,0.62,0,0,52,29,51,,
USC00308721,"UPTON COOP NWSFO NEW YORK, NY US",11/17/2022,0.04,0,0,52,35,37,,
USC00308721,"UPTON COOP NWSFO NEW YORK, NY US",11/18/2022,0,0,0,46,28,28,,
USC00308721,"UPTON COOP NWSFO NEW YORK, NY US",11/19/2022,0,0,0,44,26,27,,
USC00308721,"UPTON COOP NWSFO NEW YORK, NY US",11/20/2022,0,0,0,40,21,33,,
USC00308721,"UPTON COOP NWSFO NEW YORK, NY US",11/21/2022,0,0,0,39,21,23,,
USC00308721,"UPTON COOP NWSFO NEW YORK, NY US",11/22/2022,0,0,0,41,23,31,,
USC00308721,"UPTON COOP NWSFO NEW YORK, NY US",11/23/2022,0,0,0,49,28,28,,
USC00308721,"UPTON COOP NWSFO NEW YORK, NY US",11/24/2022,0,0,0,55,26,28,,
USC00308721,"UPTON COOP NWSFO NEW YORK, NY US",11/25/2022,0,0,0,53,27,49,,
USC00308721,"UPTON COOP NWSFO NEW YORK, NY US",11/26/2022,0.02,0,0,53,33,33,,
USC00308721,"UPTON COOP NWSFO NEW YORK, NY US",11/27/2022,0,0,0,52,33,41,,
USC00308721,"UPTON COOP NWSFO NEW YORK, NY US",11/28/2022,0.42,0,0,59,40,51,,
USC00308721,"UPTON COOP NWSFO NEW YORK, NY US",11/29/2022,0,0,0,55,32,32,,
USC00308721,"UPTON COOP NWSFO NEW YORK, NY US",11/30/2022,0,0,0,43,27,39,,
USC00308721,"UPTON COOP NWSFO NEW YORK, NY US",12/1/2022,0.64,0,0,57,35,35,,
USC00308721,"UPTON COOP NWSFO NEW YORK, NY US",12/2/2022,0,0,0,43,23,23,0,
USC00308721,"UPTON COOP NWSFO NEW YORK, NY US",12/3/2022,0,0,0,56,23,56,0,
USC00308721,"UPTON COOP NWSFO NEW YORK, NY US",12/4/2022,0,0,0,57,36,36,0,
USC00308721,"UPTON COOP NWSFO NEW YORK, NY US",12/5/2022,0,0,0,44,20,20,,
USC00308721,"UPTON COOP NWSFO NEW YORK, NY US",12/6/2022,0,0,0,48,20,35,,
USC00308721,"UPTON COOP NWSFO NEW YORK, NY US",12/7/2022,1.06,0,0,57,35,56,,
USC00308721,"UPTON COOP NWSFO NEW YORK, NY US",12/8/2022,0.52,0,0,57,44,44,,
USC00308721,"UPTON COOP NWSFO NEW YORK, NY US",12/9/2022,0,0,0,51,33,34,,
USC00308721,"UPTON COOP NWSFO NEW YORK, NY US",12/10/2022,0,0,0,45,32,33,,
USC00308721,"UPTON COOP NWSFO NEW YORK, NY US",12/11/2022,0,0,0,38,32,34,,
USC00308721,"UPTON COOP NWSFO NEW YORK, NY US",12/12/2022,0.03,0.3,0,38,30,30,,
USC00308721,"UPTON COOP NWSFO NEW YORK, NY US",12/13/2022,0,0,0,37,25,25,,
USC00308721,"UPTON COOP NWSFO NEW YORK, NY US",12/14/2022,0,0,0,41,25,28,,
USC00308721,"UPTON COOP NWSFO NEW YORK, NY US",12/15/2022,0,0,0,38,28,32,,
USC00308721,"UPTON COOP NWSFO NEW YORK, NY US",12/16/2022,0.68,0,0,44,32,44,,
USC00308721,"UPTON COOP NWSFO NEW YORK, NY US",12/17/2022,0.65,0,0,45,35,37,,
USC00308721,"UPTON COOP NWSFO NEW YORK, NY US",12/18/2022,0,0,0,45,28,29,,
USC00308721,"UPTON COOP NWSFO NEW YORK, NY US",12/19/2022,0,0,0,39,27,31,,
USC00308721,"UPTON COOP NWSFO NEW YORK, NY US",12/20/2022,0,0,0,41,29,30,,
USC00308721,"UPTON COOP NWSFO NEW YORK, NY US",12/21/2022,0,0,0,39,21,21,,
USC00308721,"UPTON COOP NWSFO NEW YORK, NY US",12/22/2022,0,0,0,39,21,29,,
USC00308721,"UPTON COOP NWSFO NEW YORK, NY US",12/23/2022,0.76,0,0,57,28,52,,
USC00308721,"UPTON COOP NWSFO NEW YORK, NY US",12/24/2022,0.08,0,0,52,6,6,,
USC00308721,"UPTON COOP NWSFO NEW YORK, NY US",12/25/2022,0,0,0,16,6,14,,
USC00308721,"UPTON COOP NWSFO NEW YORK, NY US",12/26/2022,0,0,0,27,14,18,,
USC00308721,"UPTON COOP NWSFO NEW YORK, NY US",12/27/2022,0,0,0,29,18,27,,
USC00308721,"UPTON COOP NWSFO NEW YORK, NY US",12/28/2022,0,0,0,34,24,24,,
USC00308721,"UPTON COOP NWSFO NEW YORK, NY US",12/29/2022,0,0,0,44,24,28,,
USC00308721,"UPTON COOP NWSFO NEW YORK, NY US",12/30/2022,0,0,0,50,28,32,,
USC00308721,"UPTON COOP NWSFO NEW YORK, NY US",12/31/2022,0.01,0,0,56,32,43,,
USC00308721,"UPTON COOP NWSFO NEW YORK, NY US",1/1/2023,0.51,0,0,52,43,47,,
USC00308721,"UPTON COOP NWSFO NEW YORK, NY US",1/2/2023,0,0,0,55,32,32,,
USC00308721,"UPTON COOP NWSFO NEW YORK, NY US",1/3/2023,0,0,0,55,31,46,,
USC00308721,"UPTON COOP NWSFO NEW YORK, NY US",1/4/2023,0.43,0,0,54,46,48,,
USC00308721,"UPTON COOP NWSFO NEW YORK, NY US",1/5/2023,0.12,0,0,64,45,45,,
USC00308721,"UPTON COOP NWSFO NEW YORK, NY US",1/6/2023,0.11,0,0,46,39,39,,
USC00308721,"UPTON COOP NWSFO NEW YORK, NY US",1/7/2023,0.17,0,0,42,34,34,,
USC00308721,"UPTON COOP NWSFO NEW YORK, NY US",1/8/2023,0,0,0,45,28,29,,
USC00308721,"UPTON COOP NWSFO NEW YORK, NY US",1/9/2023,0,0,0,37,26,33,,
USC00308721,"UPTON COOP NWSFO NEW YORK, NY US",1/10/2023,0,0,0,44,23,30,,
USC00308721,"UPTON COOP NWSFO NEW YORK, NY US",1/11/2023,0,0,0,42,30,31,,
USC00308721,"UPTON COOP NWSFO NEW YORK, NY US",1/12/2023,0,0,0,41,29,41,,
USC00308721,"UPTON COOP NWSFO NEW YORK, NY US",1/13/2023,0.64,0,0,56,41,51,,
USC00308721,"UPTON COOP NWSFO NEW YORK, NY US",1/14/2023,0.1,0,0,51,33,33,,
USC00308721,"UPTON COOP NWSFO NEW YORK, NY US",1/15/2023,0,0,0,34,30,32,,
USC00308721,"UPTON COOP NWSFO NEW YORK, NY US",1/16/2023,0,0,0,39,27,28,,
USC00308721,"UPTON COOP NWSFO NEW YORK, NY US",1/17/2023,0,0,0,40,27,28,,
USC00308721,"UPTON COOP NWSFO NEW YORK, NY US",1/18/2023,0,0,0,45,27,41,,
USC00308721,"UPTON COOP NWSFO NEW YORK, NY US",1/19/2023,0,0,0,53,27,34,,
USC00308721,"UPTON COOP NWSFO NEW YORK, NY US",1/20/2023,0.93,0,0,47,34,37,,
USC00308721,"UPTON COOP NWSFO NEW YORK, NY US",1/21/2023,0,0,0,47,33,34,,
USC00308721,"UPTON COOP NWSFO NEW YORK, NY US",1/22/2023,0,0,0,38,31,31,,
USC00308721,"UPTON COOP NWSFO NEW YORK, NY US",1/23/2023,1.2,0,0,40,31,36,,
USC00308721,"UPTON COOP NWSFO NEW YORK, NY US",1/24/2023,0.29,0,0,38,32,33,,
USC00308721,"UPTON COOP NWSFO NEW YORK, NY US",1/25/2023,0,0,0,45,25,26,,
USC00308721,"UPTON COOP NWSFO NEW YORK, NY US",1/26/2023,1.66,0,0,55,26,48,,
USC00308721,"UPTON COOP NWSFO NEW YORK, NY US",1/27/2023,0,0,0,48,29,29,,
USC00308721,"UPTON COOP NWSFO NEW YORK, NY US",1/28/2023,0,0,0,43,23,39,,
USC00308721,"UPTON COOP NWSFO NEW YORK, NY US",1/29/2023,0,0,0,53,28,32,,
USC00308721,"UPTON COOP NWSFO NEW YORK, NY US",1/30/2023,0,0,0,49,31,34,,
USC00308721,"UPTON COOP NWSFO NEW YORK, NY US",1/31/2023,0.01,0,0,54,33,33,,
USC00308721,"UPTON COOP NWSFO NEW YORK, NY US",2/1/2023,0.09,0.7,1,37,24,25,,
USC00308721,"UPTON COOP NWSFO NEW YORK, NY US",2/2/2023,0,0,0,35,16,16,,
USC00308721,"UPTON COOP NWSFO NEW YORK, NY US",2/3/2023,0,0,0,38,16,28,,
USC00308721,"UPTON COOP NWSFO NEW YORK, NY US",2/4/2023,0,0,0,28,0,0,,
USC00308721,"UPTON COOP NWSFO NEW YORK, NY US",2/5/2023,0,0,0,34,0,34,,
USC00308721,"UPTON COOP NWSFO NEW YORK, NY US",2/6/2023,0,0,0,43,29,30,,
USC00308721,"UPTON COOP NWSFO NEW YORK, NY US",2/7/2023,0,0,0,51,25,26,,
USC00308721,"UPTON COOP NWSFO NEW YORK, NY US",2/8/2023,0.08,0,0,40,26,32,,
USC00308721,"UPTON COOP NWSFO NEW YORK, NY US",2/9/2023,0,0,0,50,24,24,,
USC00308721,"UPTON COOP NWSFO NEW YORK, NY US",2/10/2023,0,0,0,55,24,55,,
USC00308721,"UPTON COOP NWSFO NEW YORK, NY US",2/11/2023,0,0,0,62,34,34,,
USC00308721,"UPTON COOP NWSFO NEW YORK, NY US",2/12/2023,0,0,0,45,23,25,,
USC00308721,"UPTON COOP NWSFO NEW YORK, NY US",2/13/2023,0.18,0,0,45,25,38,,
USC00308721,"UPTON COOP NWSFO NEW YORK, NY US",2/14/2023,0,0,0,51,36,38,,
USC00308721,"UPTON COOP NWSFO NEW YORK, NY US",2/15/2023,0,0,0,52,33,44,,
USC00308721,"UPTON COOP NWSFO NEW YORK, NY US",2/16/2023,0,0,0,59,42,50,,
USC00308721,"UPTON COOP NWSFO NEW YORK, NY US",2/17/2023,0.08,0,0,70,47,50,,
USC00308721,"UPTON COOP NWSFO NEW YORK, NY US",2/18/2023,0.31,0,0,55,24,24,,
USC00308721,"UPTON COOP NWSFO NEW YORK, NY US",2/19/2023,0,0,0,39,24,29,,
USC00308721,"UPTON COOP NWSFO NEW YORK, NY US",2/20/2023,0,0,0,48,29,45,,
USC00308721,"UPTON COOP NWSFO NEW YORK, NY US",2/21/2023,0.25,0,0,60,34,34,,
USC00308721,"UPTON COOP NWSFO NEW YORK, NY US",2/22/2023,0.1,0,0,42,28,29,,
USC00308721,"UPTON COOP NWSFO NEW YORK, NY US",2/23/2023,0.15,0,0,45,29,37,,
USC00308721,"UPTON COOP NWSFO NEW YORK, NY US",2/24/2023,0.02,0,0,42,35,36,,
USC00308721,"UPTON COOP NWSFO NEW YORK, NY US",2/25/2023,0,0,0,44,19,21,,
USC00308721,"UPTON COOP NWSFO NEW YORK, NY US",2/26/2023,0,0,0,27,13,15,,
USC00308721,"UPTON COOP NWSFO NEW YORK, NY US",2/27/2023,0,0,0,41,15,26,,
USC00308721,"UPTON COOP NWSFO NEW YORK, NY US",2/28/2023,0.58,4.4,4,41,26,31,,
USC00308721,"UPTON COOP NWSFO NEW YORK, NY US",3/1/2023,0.16,0,2,37,26,29,,
USC00308721,"UPTON COOP NWSFO NEW YORK, NY US",3/2/2023,0.03,0,0,44,29,39,,
USC00308721,"UPTON COOP NWSFO NEW YORK, NY US",3/3/2023,0,0,0,48,27,28,,
USC00308721,"UPTON COOP NWSFO NEW YORK, NY US",3/4/2023,0.98,0,0,44,28,41,,
USC00308721,"UPTON COOP NWSFO NEW YORK, NY US",3/5/2023,0.03,0,0,41,30,32,,
USC00308721,"UPTON COOP NWSFO NEW YORK, NY US",3/6/2023,0,0,0,52,32,36,,
USC00308721,"UPTON COOP NWSFO NEW YORK, NY US",3/7/2023,0,0,0,52,33,35,,
USC00308721,"UPTON COOP NWSFO NEW YORK, NY US",3/8/2023,0,0,0,48,28,29,,
USC00308721,"UPTON COOP NWSFO NEW YORK, NY US",3/9/2023,0,0,0,45,29,32,,
USC00308721,"UPTON COOP NWSFO NEW YORK, NY US",3/10/2023,0,0,0,49,25,27,,
USC00308721,"UPTON COOP NWSFO NEW YORK, NY US",3/11/2023,0.32,0,0,46,27,37,,
USC00308721,"UPTON COOP NWSFO NEW YORK, NY US",3/12/2023,0.07,0,0,44,30,32,,
USC00308721,"UPTON COOP NWSFO NEW YORK, NY US",3/13/2023,0,0,0,46,32,40,,
USC00308721,"UPTON COOP NWSFO NEW YORK, NY US",3/14/2023,2.27,0,0,44,35,35,,
USC00308721,"UPTON COOP NWSFO NEW YORK, NY US",3/15/2023,0.56,1.1,1,36,31,32,,
USC00308721,"UPTON COOP NWSFO NEW YORK, NY US",3/16/2023,0,0,0,46,27,29,,
USC00308721,"UPTON COOP NWSFO NEW YORK, NY US",3/17/2023,0,0,0,54,29,42,,
USC00308721,"UPTON COOP NWSFO NEW YORK, NY US",3/18/2023,0.05,0,0,54,42,42,,
USC00308721,"UPTON COOP NWSFO NEW YORK, NY US",3/19/2023,0,0,0,50,29,29,,
USC00308721,"UPTON COOP NWSFO NEW YORK, NY US",3/20/2023,0,0,0,39,21,25,,
USC00308721,"UPTON COOP NWSFO NEW YORK, NY US",3/21/2023,0,0,0,46,25,31,,
USC00308721,"UPTON COOP NWSFO NEW YORK, NY US",3/22/2023,0,0,0,59,30,37,,
USC00308721,"UPTON COOP NWSFO NEW YORK, NY US",3/23/2023,0,0,0,57,37,44,,
USC00308721,"UPTON COOP NWSFO NEW YORK, NY US",3/24/2023,0.13,0,0,54,41,41,,
USC00308721,"UPTON COOP NWSFO NEW YORK, NY US",3/25/2023,0,0,0,51,34,40,,
USC00308721,"UPTON COOP NWSFO NEW YORK, NY US",3/26/2023,0.28,0,0,44,39,43,,
USC00308721,"UPTON COOP NWSFO NEW YORK, NY US",3/27/2023,0,0,0,61,27,30,,
USC00308721,"UPTON COOP NWSFO NEW YORK, NY US",3/28/2023,0.17,0,0,59,30,40,,
USC00308721,"UPTON COOP NWSFO NEW YORK, NY US",3/29/2023,0,0,0,48,29,35,,
USC00308721,"UPTON COOP NWSFO NEW YORK, NY US",3/30/2023,0,0,0,51,30,31,,
USC00308721,"UPTON COOP NWSFO NEW YORK, NY US",3/31/2023,0,0,0,44,21,26,,
USC00308721,"UPTON COOP NWSFO NEW YORK, NY US",4/1/2023,0,0,0,51,26,51,,
USC00308721,"UPTON COOP NWSFO NEW YORK, NY US",4/2/2023,0.54,0,0,56,41,42,,
USC00308721,"UPTON COOP NWSFO NEW YORK, NY US",4/3/2023,0,0,0,49,23,31,,
USC00308721,"UPTON COOP NWSFO NEW YORK, NY US",4/4/2023,0,0,0,53,31,49,,
USC00308721,"UPTON COOP NWSFO NEW YORK, NY US",4/5/2023,0.01,0,0,65,48,49,,
USC00308721,"UPTON COOP NWSFO NEW YORK, NY US",4/6/2023,0.02,0,0,53,45,52,,
USC00308721,"UPTON COOP NWSFO NEW YORK, NY US",4/7/2023,0.11,0,0,75,48,49,,
USC00308721,"UPTON COOP NWSFO NEW YORK, NY US",4/8/2023,0,0,0,54,35,37,,
USC00308721,"UPTON COOP NWSFO NEW YORK, NY US",4/9/2023,0,0,0,50,26,38,,
USC00308721,"UPTON COOP NWSFO NEW YORK, NY US",4/10/2023,0,0,0,53,25,34,,
USC00308721,"UPTON COOP NWSFO NEW YORK, NY US",4/11/2023,0,0,0,58,33,40,,
USC00308721,"UPTON COOP NWSFO NEW YORK, NY US",4/12/2023,0,0,0,71,40,65,,
USC00308721,"UPTON COOP NWSFO NEW YORK, NY US",4/13/2023,0,0,0,81,48,64,,
USC00308721,"UPTON COOP NWSFO NEW YORK, NY US",4/14/2023,0,0,0,85,50,62,,
USC00308721,"UPTON COOP NWSFO NEW YORK, NY US",4/15/2023,0,0,0,86,54,56,,
USC00308721,"UPTON COOP NWSFO NEW YORK, NY US",4/16/2023,0.02,0,0,70,54,55,,
USC00308721,"UPTON COOP NWSFO NEW YORK, NY US",4/17/2023,0,0,0,67,51,52,,
USC00308721,"UPTON COOP NWSFO NEW YORK, NY US",4/18/2023,0,0,0,63,48,51,,
USC00308721,"UPTON COOP NWSFO NEW YORK, NY US",4/19/2023,0,0,0,57,36,44,,
USC00308721,"UPTON COOP NWSFO NEW YORK, NY US",4/20/2023,0,0,0,56,35,43,,
USC00308721,"UPTON COOP NWSFO NEW YORK, NY US",4/21/2023,0,0,0,60,39,50,,
USC00308721,"UPTON COOP NWSFO NEW YORK, NY US",4/22/2023,0,0,0,64,49,52,,
USC00308721,"UPTON COOP NWSFO NEW YORK, NY US",4/23/2023,0.74,0,0,64,51,55,,
USC00308721,"UPTON COOP NWSFO NEW YORK, NY US",4/24/2023,0.32,0,0,64,42,47,,
USC00308721,"UPTON COOP NWSFO NEW YORK, NY US",4/25/2023,0,0,0,58,37,48,,
USC00308721,"UPTON COOP NWSFO NEW YORK, NY US",4/26/2023,0.05,0,0,56,30,42,,
USC00308721,"UPTON COOP NWSFO NEW YORK, NY US",4/27/2023,0.02,0,0,56,42,48,,
USC00308721,"UPTON COOP NWSFO NEW YORK, NY US",4/28/2023,0,0,0,53,34,44,,
USC00308721,"UPTON COOP NWSFO NEW YORK, NY US",4/29/2023,0.59,0,0,56,44,49,,
USC00308721,"UPTON COOP NWSFO NEW YORK, NY US",4/30/2023,1.13,0,0,53,49,53,,
USC00308721,"UPTON COOP NWSFO NEW YORK, NY US",5/1/2023,0.48,0,0,60,48,51,,
USC00308721,"UPTON COOP NWSFO NEW YORK, NY US",5/2/2023,0.04,0,0,61,44,48,,
USC00308721,"UPTON COOP NWSFO NEW YORK, NY US",5/3/2023,0.13,0,0,56,37,47,,
USC00308721,"UPTON COOP NWSFO NEW YORK, NY US",5/4/2023,0.01,0,0,56,45,47,,
USC00308721,"UPTON COOP NWSFO NEW YORK, NY US",5/5/2023,0,0,0,54,38,47,,
USC00308721,"UPTON COOP NWSFO NEW YORK, NY US",5/6/2023,0,0,0,61,43,54,,
USC00308721,"UPTON COOP NWSFO NEW YORK, NY US",5/7/2023,0,0,0,71,47,59,,
USC00308721,"UPTON COOP NWSFO NEW YORK, NY US",5/8/2023,0.08,0,0,74,53,58,,
USC00308721,"UPTON COOP NWSFO NEW YORK, NY US",5/9/2023,0,0,0,75,43,53,,
USC00308721,"UPTON COOP NWSFO NEW YORK, NY US",5/10/2023,0,0,0,65,34,50,,
USC00308721,"UPTON COOP NWSFO NEW YORK, NY US",5/11/2023,0,0,0,69,43,58,,
USC00308721,"UPTON COOP NWSFO NEW YORK, NY US",5/12/2023,0,0,0,77,50,66,,
USC00308721,"UPTON COOP NWSFO NEW YORK, NY US",5/13/2023,0,0,0,85,60,65,,
USC00308721,"UPTON COOP NWSFO NEW YORK, NY US",5/14/2023,0,0,0,80,53,58,,
USC00308721,"UPTON COOP NWSFO NEW YORK, NY US",5/15/2023,0,0,0,69,41,55,,
USC00308721,"UPTON COOP NWSFO NEW YORK, NY US",5/16/2023,0,0,0,72,52,61,,
USC00308721,"UPTON COOP NWSFO NEW YORK, NY US",5/17/2023,0,0,0,76,53,53,,
USC00308721,"UPTON COOP NWSFO NEW YORK, NY US",5/18/2023,0,0,0,62,33,48,,
USC00308721,"UPTON COOP NWSFO NEW YORK, NY US",5/19/2023,0,0,0,57,40,55,,
USC00308721,"UPTON COOP NWSFO NEW YORK, NY US",5/20/2023,0.02,0,0,65,53,59,,
USC00308721,"UPTON COOP NWSFO NEW YORK, NY US",5/21/2023,1.11,0,0,65,54,55,,
USC00308721,"UPTON COOP NWSFO NEW YORK, NY US",5/22/2023,0,0,0,67,48,57,,
USC00308721,"UPTON COOP NWSFO NEW YORK, NY US",5/23/2023,0,0,0,73,44,54,,
USC00308721,"UPTON COOP NWSFO NEW YORK, NY US",5/24/2023,0,0,0,66,38,51,,
USC00308721,"UPTON COOP NWSFO NEW YORK, NY US",5/25/2023,0.04,0,0,70,48,52,,
USC00308721,"UPTON COOP NWSFO NEW YORK, NY US",5/26/2023,0,0,0,65,40,56,,
USC00308721,"UPTON COOP NWSFO NEW YORK, NY US",5/27/2023,0,0,0,70,42,60,,
USC00308721,"UPTON COOP NWSFO NEW YORK, NY US",5/28/2023,0,0,0,74,43,61,,
USC00308721,"UPTON COOP NWSFO NEW YORK, NY US",5/29/2023,0,0,0,74,50,63,,
USC00308721,"UPTON COOP NWSFO NEW YORK, NY US",5/30/2023,0,0,0,75,41,54,,
USC00308721,"UPTON COOP NWSFO NEW YORK, NY US",5/31/2023,0,0,0,66,46,53,,
USC00308721,"UPTON COOP NWSFO NEW YORK, NY US",6/1/2023,0,0,0,73,46,61,,
USC00308721,"UPTON COOP NWSFO NEW YORK, NY US",6/2/2023,0,0,0,79,51,65,,
USC00308721,"UPTON COOP NWSFO NEW YORK, NY US",6/3/2023,0,0,0,81,59,59,,
USC00308721,"UPTON COOP NWSFO NEW YORK, NY US",6/4/2023,0,0,0,64,47,53,,
USC00308721,"UPTON COOP NWSFO NEW YORK, NY US",6/5/2023,0,0,0,63,49,56,,
USC00308721,"UPTON COOP NWSFO NEW YORK, NY US",6/6/2023,0,0,0,70,49,59,,
USC00308721,"UPTON COOP NWSFO NEW YORK, NY US",6/7/2023,0.08,0,0,70,49,57,,
USC00308721,"UPTON COOP NWSFO NEW YORK, NY US",6/8/2023,0,0,0,70,42,54,,
USC00308721,"UPTON COOP NWSFO NEW YORK, NY US",6/9/2023,0,0,0,70,49,57,,
USC00308721,"UPTON COOP NWSFO NEW YORK, NY US",6/10/2023,0,0,0,70,51,60,,
USC00308721,"UPTON COOP NWSFO NEW YORK, NY US",6/11/2023,0,0,0,74,57,68,,
USC00308721,"UPTON COOP NWSFO NEW YORK, NY US",6/12/2023,0,0,0,79,63,68,,
USC00308721,"UPTON COOP NWSFO NEW YORK, NY US",6/13/2023,0.11,0,0,76,63,64,,
USC00308721,"UPTON COOP NWSFO NEW YORK, NY US",6/14/2023,0,0,0,76,54,66,,
USC00308721,"UPTON COOP NWSFO NEW YORK, NY US",6/15/2023,0.22,0,0,73,55,64,,
USC00308721,"UPTON COOP NWSFO NEW YORK, NY US",6/16/2023,0,0,0,75,53,67,,
USC00308721,"UPTON COOP NWSFO NEW YORK, NY US",6/17/2023,0.3,0,0,79,58,62,,
USC00308721,"UPTON COOP NWSFO NEW YORK, NY US",6/18/2023,0,0,0,74,55,63,,
USC00308721,"UPTON COOP NWSFO NEW YORK, NY US",6/19/2023,0,0,0,78,60,65,,
USC00308721,"UPTON COOP NWSFO NEW YORK, NY US",6/20/2023,0,0,0,78,57,62,,
USC00308721,"UPTON COOP NWSFO NEW YORK, NY US",6/21/2023,0,0,0,74,54,62,,
USC00308721,"UPTON COOP NWSFO NEW YORK, NY US",6/22/2023,0.01,0,0,70,58,60,,
USC00308721,"UPTON COOP NWSFO NEW YORK, NY US",6/23/2023,0,0,0,69,59,64,,
USC00308721,"UPTON COOP NWSFO NEW YORK, NY US",6/24/2023,0.52,0,0,68,64,66,,
USC00308721,"UPTON COOP NWSFO NEW YORK, NY US",6/25/2023,0.01,0,0,73,65,67,,
USC00308721,"UPTON COOP NWSFO NEW YORK, NY US",6/26/2023,0,0,0,81,66,68,,
USC00308721,"UPTON COOP NWSFO NEW YORK, NY US",6/27/2023,0.18,0,0,80,66,68,,
USC00308721,"UPTON COOP NWSFO NEW YORK, NY US",6/28/2023,0.02,0,0,74,67,68,,
USC00308721,"UPTON COOP NWSFO NEW YORK, NY US",6/29/2023,0,0,0,78,62,67,,
USC00308721,"UPTON COOP NWSFO NEW YORK, NY US",6/30/2023,0,0,0,79,59,66,,
USC00308721,"UPTON COOP NWSFO NEW YORK, NY US",7/1/2023,0,0,0,81,59,67,,
USC00308721,"UPTON COOP NWSFO NEW YORK, NY US",7/2/2023,0.15,0,0,79,65,69,,
USC00308721,"UPTON COOP NWSFO NEW YORK, NY US",7/3/2023,0.01,0,0,80,69,76,,
USC00308721,"UPTON COOP NWSFO NEW YORK, NY US",7/4/2023,0,0,0,87,70,74,,
USC00308721,"UPTON COOP NWSFO NEW YORK, NY US",7/5/2023,0.47,0,0,82,66,69,,
USC00308721,"UPTON COOP NWSFO NEW YORK, NY US",7/6/2023,0,0,0,88,67,76,,
USC00308721,"UPTON COOP NWSFO NEW YORK, NY US",7/7/2023,0,0,0,85,65,74,,
USC00308721,"UPTON COOP NWSFO NEW YORK, NY US",7/8/2023,0,0,0,83,67,74,,
USC00308721,"UPTON COOP NWSFO NEW YORK, NY US",7/9/2023,0,0,0,83,67,73,,
USC00308721,"UPTON COOP NWSFO NEW YORK, NY US",7/10/2023,2.48,0,0,81,70,74,,
USC00308721,"UPTON COOP NWSFO NEW YORK, NY US",7/11/2023,0,0,0,82,61,70,,
USC00308721,"UPTON COOP NWSFO NEW YORK, NY US",7/12/2023,0,0,0,86,66,75,,
USC00308721,"UPTON COOP NWSFO NEW YORK, NY US",7/13/2023,0,0,0,89,68,77,,
USC00308721,"UPTON COOP NWSFO NEW YORK, NY US",7/14/2023,0.04,0,0,83,69,71,,
USC00308721,"UPTON COOP NWSFO NEW YORK, NY US",7/15/2023,0.57,0,0,80,69,76,,
USC00308721,"UPTON COOP NWSFO NEW YORK, NY US",7/16/2023,0.01,0,0,85,76,76,,
USC00308721,"UPTON COOP NWSFO NEW YORK, NY US",7/17/2023,2.55,0,0,77,72,75,,
USC00308721,"UPTON COOP NWSFO NEW YORK, NY US",7/18/2023,0,0,0,84,70,74,,
USC00308721,"UPTON COOP NWSFO NEW YORK, NY US",7/19/2023,0.1,0,0,82,67,72,,
USC00308721,"UPTON COOP NWSFO NEW YORK, NY US",7/20/2023,0,0,0,79,64,72,,
USC00308721,"UPTON COOP NWSFO NEW YORK, NY US",7/21/2023,0,0,0,85,66,71,,
USC00308721,"UPTON COOP NWSFO NEW YORK, NY US",7/22/2023,0.34,0,0,82,64,69,,
USC00308721,"UPTON COOP NWSFO NEW YORK, NY US",7/23/2023,0,0,0,81,61,70,,
USC00308721,"UPTON COOP NWSFO NEW YORK, NY US",7/24/2023,0,0,0,84,65,71,,
USC00308721,"UPTON COOP NWSFO NEW YORK, NY US",7/25/2023,0,0,0,82,66,75,,
USC00308721,"UPTON COOP NWSFO NEW YORK, NY US",7/26/2023,0.12,0,0,82,62,68,,
USC00308721,"UPTON COOP NWSFO NEW YORK, NY US",7/27/2023,0,0,0,85,68,77,,
USC00308721,"UPTON COOP NWSFO NEW YORK, NY US",7/28/2023,0.18,0,0,84,71,76,,
USC00308721,"UPTON COOP NWSFO NEW YORK, NY US",7/29/2023,0,0,0,87,74,78,,
USC00308721,"UPTON COOP NWSFO NEW YORK, NY US",7/30/2023,0.34,0,0,85,63,66,,
USC00308721,"UPTON COOP NWSFO NEW YORK, NY US",7/31/2023,0,0,0,76,54,72,,
USC00308721,"UPTON COOP NWSFO NEW YORK, NY US",8/1/2023,0,0,0,81,61,67,,
USC00308721,"UPTON COOP NWSFO NEW YORK, NY US",8/2/2023,0,0,0,77,53,64,,
USC00308721,"UPTON COOP NWSFO NEW YORK, NY US",8/3/2023,0,0,0,76,52,64,,
USC00308721,"UPTON COOP NWSFO NEW YORK, NY US",8/4/2023,0,0,0,75,64,71,,
USC00308721,"UPTON COOP NWSFO NEW YORK, NY US",8/5/2023,0.06,0,0,76,66,71,,
USC00308721,"UPTON COOP NWSFO NEW YORK, NY US",8/6/2023,0,0,0,83,62,69,,
USC00308721,"UPTON COOP NWSFO NEW YORK, NY US",8/7/2023,0.01,0,0,81,66,72,,
USC00308721,"UPTON COOP NWSFO NEW YORK, NY US",8/8/2023,1.07,0,0,77,68,74,,
USC00308721,"UPTON COOP NWSFO NEW YORK, NY US",8/9/2023,0,0,0,81,68,71,,
USC00308721,"UPTON COOP NWSFO NEW YORK, NY US",8/10/2023,0,0,0,83,61,67,,
USC00308721,"UPTON COOP NWSFO NEW YORK, NY US",8/11/2023,0.27,0,0,79,62,67,,
USC00308721,"UPTON COOP NWSFO NEW YORK, NY US",8/12/2023,0,0,0,83,60,68,,
USC00308721,"UPTON COOP NWSFO NEW YORK, NY US",8/13/2023,0.54,0,0,81,67,69,,
USC00308721,"UPTON COOP NWSFO NEW YORK, NY US",8/14/2023,0,0,0,85,63,69,,
USC00308721,"UPTON COOP NWSFO NEW YORK, NY US",8/15/2023,1.4,0,0,83,67,67,,
USC00308721,"UPTON COOP NWSFO NEW YORK, NY US",8/16/2023,0.74,0,0,74,67,67,,
USC00308721,"UPTON COOP NWSFO NEW YORK, NY US",8/17/2023,0.01,0,0,78,66,69,,
USC00308721,"UPTON COOP NWSFO NEW YORK, NY US",8/18/2023,0.03,0,0,75,69,75,,
USC00308721,"UPTON COOP NWSFO NEW YORK, NY US",8/19/2023,0.03,0,0,80,58,63,,
USC00308721,"UPTON COOP NWSFO NEW YORK, NY US",8/20/2023,0,0,0,75,56,64,,
USC00308721,"UPTON COOP NWSFO NEW YORK, NY US",8/21/2023,0,0,0,81,64,69,,
USC00308721,"UPTON COOP NWSFO NEW YORK, NY US",8/22/2023,0.1,0,0,85,63,65,,
USC00308721,"UPTON COOP NWSFO NEW YORK, NY US",8/23/2023,0,0,0,76,57,61,,
USC00308721,"UPTON COOP NWSFO NEW YORK, NY US",8/24/2023,0,0,0,76,57,62,,
USC00308721,"UPTON COOP NWSFO NEW YORK, NY US",8/25/2023,0.05,0,0,71,62,71,,
USC00308721,"UPTON COOP NWSFO NEW YORK, NY US",8/26/2023,0.33,0,0,72,68,70,,
USC00308721,"UPTON COOP NWSFO NEW YORK, NY US",8/27/2023,0.09,0,0,82,63,67,,
USC00308721,"UPTON COOP NWSFO NEW YORK, NY US",8/28/2023,0,0,0,80,63,67,,
USC00308721,"UPTON COOP NWSFO NEW YORK, NY US",8/29/2023,0,0,0,73,64,67,,
USC00308721,"UPTON COOP NWSFO NEW YORK, NY US",8/30/2023,0.02,0,0,75,67,71,,
USC00308721,"UPTON COOP NWSFO NEW YORK, NY US",8/31/2023,0.05,0,0,81,62,64,,
USC00308721,"UPTON COOP NWSFO NEW YORK, NY US",9/1/2023,0,0,0,73,55,60,,
USC00308721,"UPTON COOP NWSFO NEW YORK, NY US",9/2/2023,0,0,0,73,47,53,,
USC00308721,"UPTON COOP NWSFO NEW YORK, NY US",9/3/2023,0,0,0,74,53,68,,
USC00308721,"UPTON COOP NWSFO NEW YORK, NY US",9/4/2023,0,0,0,85,61,66,,
USC00308721,"UPTON COOP NWSFO NEW YORK, NY US",9/5/2023,0,0,0,88,66,71,,
USC00308721,"UPTON COOP NWSFO NEW YORK, NY US",9/6/2023,0,0,0,89,70,74,,
USC00308721,"UPTON COOP NWSFO NEW YORK, NY US",9/7/2023,0,0,0,90,67,73,,
USC00308721,"UPTON COOP NWSFO NEW YORK, NY US",9/8/2023,0,0,0,91,73,77,,
USC00308721,"UPTON COOP NWSFO NEW YORK, NY US",9/9/2023,0,0,0,83,73,75,,
USC00308721,"UPTON COOP NWSFO NEW YORK, NY US",9/10/2023,0,0,0,84,72,75,,
USC00308721,"UPTON COOP NWSFO NEW YORK, NY US",9/11/2023,0.39,0,0,81,68,73,,
USC00308721,"UPTON COOP NWSFO NEW YORK, NY US",9/12/2023,0.47,0,0,79,67,70,,
USC00308721,"UPTON COOP NWSFO NEW YORK, NY US",9/13/2023,0,0,0,81,63,71,,
USC00308721,"UPTON COOP NWSFO NEW YORK, NY US",9/14/2023,0,0,0,79,60,63,,
USC00308721,"UPTON COOP NWSFO NEW YORK, NY US",9/15/2023,0,0,0,76,58,58,,
USC00308721,"UPTON COOP NWSFO NEW YORK, NY US",9/16/2023,0,0,0,68,58,60,,
USC00308721,"UPTON COOP NWSFO NEW YORK, NY US",9/17/2023,0,0,0,71,47,52,,
USC00308721,"UPTON COOP NWSFO NEW YORK, NY US",9/18/2023,0.2,0,0,74,52,65,,
USC00308721,"UPTON COOP NWSFO NEW YORK, NY US",9/19/2023,1.13,0,0,67,55,58,,
USC00308721,"UPTON COOP NWSFO NEW YORK, NY US",9/20/2023,0,0,0,72,48,53,,
USC00308721,"UPTON COOP NWSFO NEW YORK, NY US",9/21/2023,0,0,0,72,49,55,,
USC00308721,"UPTON COOP NWSFO NEW YORK, NY US",9/22/2023,0,0,0,71,48,55,,
USC00308721,"UPTON COOP NWSFO NEW YORK, NY US",9/23/2023,0.08,0,0,71,55,57,,
USC00308721,"UPTON COOP NWSFO NEW YORK, NY US",9/24/2023,0.69,0,0,62,57,61,,
USC00308721,"UPTON COOP NWSFO NEW YORK, NY US",9/25/2023,0.54,0,0,63,61,62,,
USC00308721,"UPTON COOP NWSFO NEW YORK, NY US",9/26/2023,0.38,0,0,62,56,59,,
USC00308721,"UPTON COOP NWSFO NEW YORK, NY US",9/27/2023,0.02,0,0,60,49,54,,
USC00308721,"UPTON COOP NWSFO NEW YORK, NY US",9/28/2023,0,0,0,66,48,56,,
USC00308721,"UPTON COOP NWSFO NEW YORK, NY US",9/29/2023,0.44,0,0,66,56,59,,
USC00308721,"UPTON COOP NWSFO NEW YORK, NY US",9/30/2023,0.54,0,0,60,56,56,,
USC00308721,"UPTON COOP NWSFO NEW YORK, NY US",10/1/2023,0.18,0,0,58,53,57,,
USC00308721,"UPTON COOP NWSFO NEW YORK, NY US",10/2/2023,0,0,0,72,53,61,,
USC00308721,"UPTON COOP NWSFO NEW YORK, NY US",10/3/2023,0,0,0,74,45,47,,
USC00308721,"UPTON COOP NWSFO NEW YORK, NY US",10/4/2023,0,0,0,78,47,56,,
USC00308721,"UPTON COOP NWSFO NEW YORK, NY US",10/5/2023,0,0,0,83,51,52,,
USC00308721,"UPTON COOP NWSFO NEW YORK, NY US",10/6/2023,0,0,0,74,52,64,,
USC00308721,"UPTON COOP NWSFO NEW YORK, NY US",10/7/2023,0,0,0,76,63,65,,
USC00308721,"UPTON COOP NWSFO NEW YORK, NY US",10/8/2023,0.18,0,0,69,48,49,,
USC00308721,"UPTON COOP NWSFO NEW YORK, NY US",10/9/2023,0,0,0,63,39,44,,
USC00308721,"UPTON COOP NWSFO NEW YORK, NY US",10/10/2023,0,0,0,61,43,45,,
USC00308721,"UPTON COOP NWSFO NEW YORK, NY US",10/11/2023,0.01,0,0,66,43,46,,
USC00308721,"UPTON COOP NWSFO NEW YORK, NY US",10/12/2023,0,0,0,69,41,44,,
USC00308721,"UPTON COOP NWSFO NEW YORK, NY US",10/13/2023,0,0,0,70,44,50,,
USC00308721,"UPTON COOP NWSFO NEW YORK, NY US",10/14/2023,0,0,0,62,44,49,,
USC00308721,"UPTON COOP NWSFO NEW YORK, NY US",10/15/2023,0.35,0,0,54,47,50,,
USC00308721,"UPTON COOP NWSFO NEW YORK, NY US",10/16/2023,0,0,0,60,41,48,,
USC00308721,"UPTON COOP NWSFO NEW YORK, NY US",10/17/2023,0.01,0,0,63,43,47,,
USC00308721,"UPTON COOP NWSFO NEW YORK, NY US",10/18/2023,0,0,0,63,44,46,,
USC00308721,"UPTON COOP NWSFO NEW YORK, NY US",10/19/2023,0.13,0,0,63,39,42,,
USC00308721,"UPTON COOP NWSFO NEW YORK, NY US",10/20/2023,0,0,0,62,42,57,,
USC00308721,"UPTON COOP NWSFO NEW YORK, NY US",10/21/2023,0.64,0,0,63,57,59,,
USC00308721,"UPTON COOP NWSFO NEW YORK, NY US",10/22/2023,0,0,0,61,49,50,,
USC00308721,"UPTON COOP NWSFO NEW YORK, NY US",10/23/2023,0,0,0,58,44,45,,
USC00308721,"UPTON COOP NWSFO NEW YORK, NY US",10/24/2023,0,0,0,60,33,34,,
USC00308721,"UPTON COOP NWSFO NEW YORK, NY US",10/25/2023,0,0,0,62,34,48,,
USC00308721,"UPTON COOP NWSFO NEW YORK, NY US",10/26/2023,0,0,0,67,48,55,,
USC00308721,"UPTON COOP NWSFO NEW YORK, NY US",10/27/2023,0,0,0,77,51,57,,
USC00308721,"UPTON COOP NWSFO NEW YORK, NY US",10/28/2023,0,0,0,72,54,56,,
USC00308721,"UPTON COOP NWSFO NEW YORK, NY US",10/29/2023,0.03,0,0,81,51,52,,
USC00308721,"UPTON COOP NWSFO NEW YORK, NY US",10/30/2023,0.5,0,0,56,50,55,,
USC00308721,"UPTON COOP NWSFO NEW YORK, NY US",10/31/2023,0.07,0,0,62,45,45,,
USC00308721,"UPTON COOP NWSFO NEW YORK, NY US",11/1/2023,0.05,0,0,51,39,41,,
USC00308721,"UPTON COOP NWSFO NEW YORK, NY US",11/2/2023,0.06,0,0,44,27,27,,
USC00308721,"UPTON COOP NWSFO NEW YORK, NY US",11/3/2023,0,0,0,48,27,27,,
USC00308721,"UPTON COOP NWSFO NEW YORK, NY US",11/4/2023,0,0,0,55,27,35,,
USC00308721,"UPTON COOP NWSFO NEW YORK, NY US",11/5/2023,0,0,0,60,35,37,,
USC00308721,"UPTON COOP NWSFO NEW YORK, NY US",11/6/2023,0,0,0,65,37,40,,
USC00308721,"UPTON COOP NWSFO NEW YORK, NY US",11/7/2023,0.03,0,0,58,40,56,,
USC00308721,"UPTON COOP NWSFO NEW YORK, NY US",11/8/2023,0,0,0,65,41,41,,
USC00308721,"UPTON COOP NWSFO NEW YORK, NY US",11/9/2023,0,0,0,46,33,39,,
USC00308721,"UPTON COOP NWSFO NEW YORK, NY US",11/10/2023,0,0,0,58,34,42,,
USC00308721,"UPTON COOP NWSFO NEW YORK, NY US",11/11/2023,0,0,0,51,34,34,,
USC00308721,"UPTON COOP NWSFO NEW YORK, NY US",11/12/2023,0,0,0,54,28,28,,
USC00308721,"UPTON COOP NWSFO NEW YORK, NY US",11/13/2023,0,0,0,44,19,21,,
USC00308721,"UPTON COOP NWSFO NEW YORK, NY US",11/14/2023,0,0,0,47,21,37,,
USC00308721,"UPTON COOP NWSFO NEW YORK, NY US",11/15/2023,0,0,0,53,27,27,,
USC00308721,"UPTON COOP NWSFO NEW YORK, NY US",11/16/2023,0,0,0,51,27,36,,
USC00308721,"UPTON COOP NWSFO NEW YORK, NY US",11/17/2023,0,0,0,65,35,41,,
USC00308721,"UPTON COOP NWSFO NEW YORK, NY US",11/18/2023,0.06,0,0,65,41,56,,
USC00308721,"UPTON COOP NWSFO NEW YORK, NY US",11/19/2023,0,0,0,56,27,28,,
USC00308721,"UPTON COOP NWSFO NEW YORK, NY US",11/20/2023,0,0,0,56,28,33,,
USC00308721,"UPTON COOP NWSFO NEW YORK, NY US",11/21/2023,0,0,0,44,25,25,,
USC00308721,"UPTON COOP NWSFO NEW YORK, NY US",11/22/2023,1.5,0,0,53,25,53,,
USC00308721,"UPTON COOP NWSFO NEW YORK, NY US",11/23/2023,0.06,0,0,57,43,44,,
USC00308721,"UPTON COOP NWSFO NEW YORK, NY US",11/24/2023,0,0,0,52,31,38,,
USC00308721,"UPTON COOP NWSFO NEW YORK, NY US",11/25/2023,0,0,0,52,29,29,,
USC00308721,"UPTON COOP NWSFO NEW YORK, NY US",11/26/2023,0,0,0,39,19,20,,
USC00308721,"UPTON COOP NWSFO NEW YORK, NY US",11/27/2023,0.29,0,0,54,20,43,,
USC00308721,"UPTON COOP NWSFO NEW YORK, NY US",11/28/2023,0,0,0,53,30,31,,
USC00308721,"UPTON COOP NWSFO NEW YORK, NY US",11/29/2023,0,0,0,41,25,25,,
USC00308721,"UPTON COOP NWSFO NEW YORK, NY US",11/30/2023,0,0,0,38,24,25,,
USC00308721,"UPTON COOP NWSFO NEW YORK, NY US",12/1/2023,0,0,0,48,24,39,,
USC00308721,"UPTON COOP NWSFO NEW YORK, NY US",12/2/2023,0.31,0,0,51,39,46,,
USC00308721,"UPTON COOP NWSFO NEW YORK, NY US",12/3/2023,0.12,0,0,55,44,47,,
USC00308721,"UPTON COOP NWSFO NEW YORK, NY US",12/4/2023,0.67,0,0,49,38,39,,
USC00308721,"UPTON COOP NWSFO NEW YORK, NY US",12/5/2023,0,0,0,55,36,37,,
USC00308721,"UPTON COOP NWSFO NEW YORK, NY US",12/6/2023,0,0,0,42,31,31,,
USC00308721,"UPTON COOP NWSFO NEW YORK, NY US",12/7/2023,0,0,0,41,22,24,,
USC00308721,"UPTON COOP NWSFO NEW YORK, NY US",12/8/2023,0,0,0,38,23,24,,
USC00308721,"UPTON COOP NWSFO NEW YORK, NY US",12/9/2023,0,0,0,48,23,30,,
USC00308721,"UPTON COOP NWSFO NEW YORK, NY US",12/10/2023,0,0,0,58,30,52,,
USC00308721,"UPTON COOP NWSFO NEW YORK, NY US",12/11/2023,2.41,0,0,60,42,42,,
USC00308721,"UPTON COOP NWSFO NEW YORK, NY US",12/12/2023,0.04,0,0,44,29,29,,
USC00308721,"UPTON COOP NWSFO NEW YORK, NY US",12/13/2023,0,0,0,43,28,30,,
USC00308721,"UPTON COOP NWSFO NEW YORK, NY US",12/14/2023,0,0,0,46,26,26,,
USC00308721,"UPTON COOP NWSFO NEW YORK, NY US",12/15/2023,0,0,0,39,25,33,,
USC00308721,"UPTON COOP NWSFO NEW YORK, NY US",12/16/2023,0,0,0,55,29,31,,
USC00308721,"UPTON COOP NWSFO NEW YORK, NY US",12/17/2023,0,0,0,52,31,46,,
USC00308721,"UPTON COOP NWSFO NEW YORK, NY US",12/18/2023,0.95,0,0,59,46,58,,
USC00308721,"UPTON COOP NWSFO NEW YORK, NY US",12/19/2023,0.76,0,0,62,31,37,,
USC00308721,"UPTON COOP NWSFO NEW YORK, NY US",12/20/2023,0,0,0,45,29,29,,
USC00308721,"UPTON COOP NWSFO NEW YORK, NY US",12/21/2023,0,0,0,44,29,33,,
USC00308721,"UPTON COOP NWSFO NEW YORK, NY US",12/22/2023,0,0,0,41,21,21,,
USC00308721,"UPTON COOP NWSFO NEW YORK, NY US",12/23/2023,0,0,0,34,17,18,,
USC00308721,"UPTON COOP NWSFO NEW YORK, NY US",12/24/2023,0,0,0,42,18,40,,
USC00308721,"UPTON COOP NWSFO NEW YORK, NY US",12/25/2023,0,0,0,48,39,43,,
USC00308721,"UPTON COOP NWSFO NEW YORK, NY US",12/26/2023,0,0,0,50,31,38,,
USC00308721,"UPTON COOP NWSFO NEW YORK, NY US",12/27/2023,0,0,0,45,38,41,,
USC00308721,"UPTON COOP NWSFO NEW YORK, NY US",12/28/2023,1.11,0,0,49,41,49,,
USC00308721,"UPTON COOP NWSFO NEW YORK, NY US",12/29/2023,1.41,0,0,51,42,42,,
USC00308721,"UPTON COOP NWSFO NEW YORK, NY US",12/30/2023,0,0,0,53,38,38,,
USC00308721,"UPTON COOP NWSFO NEW YORK, NY US",12/31/2023,0,0,0,46,27,28,,
USC00308721,"UPTON COOP NWSFO NEW YORK, NY US",1/1/2024,0,0,0,41,28,34,,
USC00308721,"UPTON COOP NWSFO NEW YORK, NY US",1/2/2024,0,0,0,43,26,26,,
USC00308721,"UPTON COOP NWSFO NEW YORK, NY US",1/3/2024,0,0,0,40,23,23,,
USC00308721,"UPTON COOP NWSFO NEW YORK, NY US",1/4/2024,0,0,0,43,23,34,,
USC00308721,"UPTON COOP NWSFO NEW YORK, NY US",1/5/2024,0.01,0,0,42,23,23,,
USC00308721,"UPTON COOP NWSFO NEW YORK, NY US",1/6/2024,0,0,0,36,18,19,,
USC00308721,"UPTON COOP NWSFO NEW YORK, NY US",1/7/2024,0.46,0,0,38,19,37,,
USC00308721,"UPTON COOP NWSFO NEW YORK, NY US",1/8/2024,0.56,1,1,37,29,31,,
USC00308721,"UPTON COOP NWSFO NEW YORK, NY US",1/9/2024,0,0,0,40,21,23,,
USC00308721,"UPTON COOP NWSFO NEW YORK, NY US",1/10/2024,2.58,0,0,56,23,49,,
USC00308721,"UPTON COOP NWSFO NEW YORK, NY US",1/11/2024,0,0,0,50,40,40,,
USC00308721,"UPTON COOP NWSFO NEW YORK, NY US",1/12/2024,0,0,0,47,29,30,,
USC00308721,"UPTON COOP NWSFO NEW YORK, NY US",1/13/2024,1.82,0,0,57,28,57,,
USC00308721,"UPTON COOP NWSFO NEW YORK, NY US",1/14/2024,0.01,0,0,57,30,31,,
USC00308721,"UPTON COOP NWSFO NEW YORK, NY US",1/15/2024,0,0,0,45,22,22,,
USC00308721,"UPTON COOP NWSFO NEW YORK, NY US",1/16/2024,0.16,2.1,2,29,22,28,,
USC00308721,"UPTON COOP NWSFO NEW YORK, NY US",1/17/2024,0.36,0,1,33,18,18,,
USC00308721,"UPTON COOP NWSFO NEW YORK, NY US",1/18/2024,0,0,1,24,17,20,,
USC00308721,"UPTON COOP NWSFO NEW YORK, NY US",1/19/2024,0,0,1,30,20,27,,
USC00308721,"UPTON COOP NWSFO NEW YORK, NY US",1/20/2024,0.06,1.1,1,30,15,16,,
USC00308721,"UPTON COOP NWSFO NEW YORK, NY US",1/21/2024,0,0,1,25,15,16,,
USC00308721,"UPTON COOP NWSFO NEW YORK, NY US",1/22/2024,0,0,1,30,14,15,,
USC00308721,"UPTON COOP NWSFO NEW YORK, NY US",1/23/2024,0,0,0,35,15,33,,
USC00308721,"UPTON COOP NWSFO NEW YORK, NY US",1/24/2024,0.04,0,0,40,32,35,,
USC00308721,"UPTON COOP NWSFO NEW YORK, NY US",1/25/2024,0.19,0,0,50,34,46,,
USC00308721,"UPTON COOP NWSFO NEW YORK, NY US",1/26/2024,0.22,0,0,55,40,41,,
USC00308721,"UPTON COOP NWSFO NEW YORK, NY US",1/27/2024,0.08,0,0,43,37,38,,
USC00308721,"UPTON COOP NWSFO NEW YORK, NY US",1/28/2024,0.39,0,0,40,37,37,,
USC00308721,"UPTON COOP NWSFO NEW YORK, NY US",1/29/2024,0.67,0,0,38,33,34,,
USC00308721,"UPTON COOP NWSFO NEW YORK, NY US",1/30/2024,0,0,0,37,32,32,,
USC00308721,"UPTON COOP NWSFO NEW YORK, NY US",1/31/2024,0,0,0,35,30,30,,
USC00308721,"UPTON COOP NWSFO NEW YORK, NY US",2/1/2024,0,0,0,37,29,31,,
USC00308721,"UPTON COOP NWSFO NEW YORK, NY US",2/2/2024,0.11,0,0,44,30,36,,
USC00308721,"UPTON COOP NWSFO NEW YORK, NY US",2/3/2024,0.02,0,0,40,32,32,,
USC00308721,"UPTON COOP NWSFO NEW YORK, NY US",2/4/2024,0,0,0,40,28,28,,
USC00308721,"UPTON COOP NWSFO NEW YORK, NY US",2/5/2024,0,0,0,44,27,28,,
USC00308721,"UPTON COOP NWSFO NEW YORK, NY US",2/6/2024,0,0,0,43,26,27,,
USC00308721,"UPTON COOP NWSFO NEW YORK, NY US",2/7/2024,0,0,0,39,20,23,,
USC00308721,"UPTON COOP NWSFO NEW YORK, NY US",2/8/2024,0,0,0,44,22,22,,
USC00308721,"UPTON COOP NWSFO NEW YORK, NY US",2/9/2024,0,0,0,50,22,37,,
USC00308721,"UPTON COOP NWSFO NEW YORK, NY US",2/10/2024,0,0,0,51,31,37,,
USC00308721,"UPTON COOP NWSFO NEW YORK, NY US",2/11/2024,0,0,0,55,36,39,,
USC00308721,"UPTON COOP NWSFO NEW YORK, NY US",2/12/2024,0,0,0,46,26,29,,
USC00308721,"UPTON COOP NWSFO NEW YORK, NY US",2/13/2024,0.12,0.3,0,48,29,32,,
USC00308721,"UPTON COOP NWSFO NEW YORK, NY US",2/14/2024,0.88,5.2,4,33,28,28,0.7,
USC00308721,"UPTON COOP NWSFO NEW YORK, NY US",2/15/2024,0,0,3,34,19,19,,
USC00308721,"UPTON COOP NWSFO NEW YORK, NY US",2/16/2024,0,0,2,38,18,34,,
USC00308721,"UPTON COOP NWSFO NEW YORK, NY US",2/17/2024,0.22,2.5,3,41,28,28,0.6,
USC00308721,"UPTON COOP NWSFO NEW YORK, NY US",2/18/2024,0.05,0.5,2,34,14,19,,
USC00308721,"UPTON COOP NWSFO NEW YORK, NY US",2/19/2024,0,0,2,39,19,27,,
USC00308721,"UPTON COOP NWSFO NEW YORK, NY US",2/20/2024,0,0,1,39,18,22,,
USC00308721,"UPTON COOP NWSFO NEW YORK, NY US",2/21/2024,0,0,1,37,15,17,,
USC00308721,"UPTON COOP NWSFO NEW YORK, NY US",2/22/2024,0,0,0,40,17,27,,
USC00308721,"UPTON COOP NWSFO NEW YORK, NY US",2/23/2024,0.13,0,0,40,27,37,,
USC00308721,"UPTON COOP NWSFO NEW YORK, NY US",2/24/2024,0.09,0,0,44,35,35,,
USC00308721,"UPTON COOP NWSFO NEW YORK, NY US",2/25/2024,0,0,0,41,19,19,,
USC00308721,"UPTON COOP NWSFO NEW YORK, NY US",2/26/2024,0,0,0,38,19,36,,
USC00308721,"UPTON COOP NWSFO NEW YORK, NY US",2/27/2024,0.01,0,0,49,28,36,,
USC00308721,"UPTON COOP NWSFO NEW YORK, NY US",2/28/2024,0.8,0,0,55,36,49,,
USC00308721,"UPTON COOP NWSFO NEW YORK, NY US",2/29/2024,0.39,0,0,53,28,29,,
USC00308721,"UPTON COOP NWSFO NEW YORK, NY US",3/1/2024,0,0,0,39,22,22,,
USC00308721,"UPTON COOP NWSFO NEW YORK, NY US",3/2/2024,0,0,0,40,22,37,,
USC00308721,"UPTON COOP NWSFO NEW YORK, NY US",3/3/2024,1.68,0,0,52,37,45,,
USC00308721,"UPTON COOP NWSFO NEW YORK, NY US",3/4/2024,0,0,0,63,36,38,,
USC00308721,"UPTON COOP NWSFO NEW YORK, NY US",3/5/2024,0.01,0,0,60,37,40,,
USC00308721,"UPTON COOP NWSFO NEW YORK, NY US",3/6/2024,0.31,0,0,48,40,45,,
USC00308721,"UPTON COOP NWSFO NEW YORK, NY US",3/7/2024,2.16,0,0,53,44,44,,
USC00308721,"UPTON COOP NWSFO NEW YORK, NY US",3/8/2024,0.05,0,0,51,35,36,,
USC00308721,"UPTON COOP NWSFO NEW YORK, NY US",3/9/2024,0,0,0,52,35,39,,
USC00308721,"UPTON COOP NWSFO NEW YORK, NY US",3/10/2024,1.53,0,0,50,39,42,,
USC00308721,"UPTON COOP NWSFO NEW YORK, NY US",3/11/2024,0.11,0,0,52,33,35,,
USC00308721,"UPTON COOP NWSFO NEW YORK, NY US",3/12/2024,0,0,0,51,33,33,,
USC00308721,"UPTON COOP NWSFO NEW YORK, NY US",3/13/2024,0,0,0,62,30,31,,
USC00308721,"UPTON COOP NWSFO NEW YORK, NY US",3/14/2024,0,0,0,56,31,37,,
USC00308721,"UPTON COOP NWSFO NEW YORK, NY US",3/15/2024,0,0,0,70,37,50,,
USC00308721,"UPTON COOP NWSFO NEW YORK, NY US",3/16/2024,0,0,0,71,33,39,,
USC00308721,"UPTON COOP NWSFO NEW YORK, NY US",3/17/2024,0,0,0,55,39,47,,
USC00308721,"UPTON COOP NWSFO NEW YORK, NY US",3/18/2024,0,0,0,62,42,42,,
USC00308721,"UPTON COOP NWSFO NEW YORK, NY US",3/19/2024,0,0,0,50,33,35,,
USC00308721,"UPTON COOP NWSFO NEW YORK, NY US",3/20/2024,0,0,0,46,34,45,,
USC00308721,"UPTON COOP NWSFO NEW YORK, NY US",3/21/2024,0.04,0,0,54,27,29,,
USC00308721,"UPTON COOP NWSFO NEW YORK, NY US",3/22/2024,0,0,0,41,20,27,,
USC00308721,"UPTON COOP NWSFO NEW YORK, NY US",3/23/2024,0.16,0,0,46,27,46,,
USC00308721,"UPTON COOP NWSFO NEW YORK, NY US",3/24/2024,2.26,0,0,51,28,29,,
USC00308721,"UPTON COOP NWSFO NEW YORK, NY US",3/25/2024,0,0,0,44,29,34,,
USC00308721,"UPTON COOP NWSFO NEW YORK, NY US",3/26/2024,0,0,0,49,34,38,,
USC00308721,"UPTON COOP NWSFO NEW YORK, NY US",3/27/2024,0.01,0,0,48,37,38,,
USC00308721,"UPTON COOP NWSFO NEW YORK, NY US",3/28/2024,0.84,0,0,56,38,45,,
USC00308721,"UPTON COOP NWSFO NEW YORK, NY US",3/29/2024,0.84,0,0,49,38,39,,
USC00308721,"UPTON COOP NWSFO NEW YORK, NY US",3/30/2024,0,0,0,55,37,40,,
USC00308721,"UPTON COOP NWSFO NEW YORK, NY US",3/31/2024,0.07,0,0,58,39,41,,
USC00308721,"UPTON COOP NWSFO NEW YORK, NY US",4/1/2024,0,0,0,60,37,43,,
USC00308721,"UPTON COOP NWSFO NEW YORK, NY US",4/2/2024,0,0,0,53,33,42,,
USC00308721,"UPTON COOP NWSFO NEW YORK, NY US",4/3/2024,0.74,0,0,48,39,40,,
USC00308721,"UPTON COOP NWSFO NEW YORK, NY US",4/4/2024,2.02,0,0,42,37,37,,
USC00308721,"UPTON COOP NWSFO NEW YORK, NY US",4/5/2024,0.05,0,0,43,31,36,,
USC00308721,"UPTON COOP NWSFO NEW YORK, NY US",4/6/2024,0,0,0,49,36,41,,
USC00308721,"UPTON COOP NWSFO NEW YORK, NY US",4/7/2024,0,0,0,50,38,42,,
USC00308721,"UPTON COOP NWSFO NEW YORK, NY US",4/8/2024,0,0,0,51,34,37,,
USC00308721,"UPTON COOP NWSFO NEW YORK, NY US",4/9/2024,0,0,0,64,37,49,,
USC00308721,"UPTON COOP NWSFO NEW YORK, NY US",4/10/2024,0,0,0,71,43,49,,
USC00308721,"UPTON COOP NWSFO NEW YORK, NY US",4/11/2024,0.01,0,0,61,47,48,,
USC00308721,"UPTON COOP NWSFO NEW YORK, NY US",4/12/2024,0.95,0,0,58,48,56,,
USC00308721,"UPTON COOP NWSFO NEW YORK, NY US",4/13/2024,0.02,0,0,60,47,50,,
USC00308721,"UPTON COOP NWSFO NEW YORK, NY US",4/14/2024,0,0,0,54,43,49,,
USC00308721,"UPTON COOP NWSFO NEW YORK, NY US",4/15/2024,0,0,0,62,49,58,,
USC00308721,"UPTON COOP NWSFO NEW YORK, NY US",4/16/2024,0,0,0,78,43,52,,
USC00308721,"UPTON COOP NWSFO NEW YORK, NY US",4/17/2024,0,0,0,67,37,50,,
USC00308721,"UPTON COOP NWSFO NEW YORK, NY US",4/18/2024,0.24,0,0,58,44,44,,
USC00308721,"UPTON COOP NWSFO NEW YORK, NY US",4/19/2024,0.17,0,0,45,41,45,,
USC00308721,"UPTON COOP NWSFO NEW YORK, NY US",4/20/2024,0,0,0,56,45,46,,
USC00308721,"UPTON COOP NWSFO NEW YORK, NY US",4/21/2024,0.15,0,0,60,36,43,,
USC00308721,"UPTON COOP NWSFO NEW YORK, NY US",4/22/2024,0,0,0,50,31,44,,
USC00308721,"UPTON COOP NWSFO NEW YORK, NY US",4/23/2024,0,0,0,57,29,41,,
USC00308721,"UPTON COOP NWSFO NEW YORK, NY US",4/24/2024,0,0,0,58,41,49,,
USC00308721,"UPTON COOP NWSFO NEW YORK, NY US",4/25/2024,0.09,0,0,65,38,40,,
USC00308721,"UPTON COOP NWSFO NEW YORK, NY US",4/26/2024,0,0,0,53,27,35,,
USC00308721,"UPTON COOP NWSFO NEW YORK, NY US",4/27/2024,0,0,0,57,29,44,,
USC00308721,"UPTON COOP NWSFO NEW YORK, NY US",4/28/2024,0.07,0,0,57,44,51,,
USC00308721,"UPTON COOP NWSFO NEW YORK, NY US",4/29/2024,0,0,0,68,51,66,,
USC00308721,"UPTON COOP NWSFO NEW YORK, NY US",4/30/2024,0,0,0,81,52,54,,
USC00308721,"UPTON COOP NWSFO NEW YORK, NY US",5/1/2024,0.01,0,0,59,48,54,,
USC00308721,"UPTON COOP NWSFO NEW YORK, NY US",5/2/2024,0,0,0,69,46,48,,
USC00308721,"UPTON COOP NWSFO NEW YORK, NY US",5/3/2024,0,0,0,65,47,50,,
USC00308721,"UPTON COOP NWSFO NEW YORK, NY US",5/4/2024,0,0,0,61,38,51,,
USC00308721,"UPTON COOP NWSFO NEW YORK, NY US",5/5/2024,0,0,0,62,47,47,,
USC00308721,"UPTON COOP NWSFO NEW YORK, NY US",5/6/2024,0.77,0,0,55,47,54,,
USC00308721,"UPTON COOP NWSFO NEW YORK, NY US",5/7/2024,0,0,0,72,53,60,,
USC00308721,"UPTON COOP NWSFO NEW YORK, NY US",5/8/2024,0.02,0,0,75,57,60,,
USC00308721,"UPTON COOP NWSFO NEW YORK, NY US",5/9/2024,0.42,0,0,68,51,59,,
USC00308721,"UPTON COOP NWSFO NEW YORK, NY US",5/10/2024,0.27,0,0,67,46,47,,
USC00308721,"UPTON COOP NWSFO NEW YORK, NY US",5/11/2024,0.02,0,0,56,42,49,,
USC00308721,"UPTON COOP NWSFO NEW YORK, NY US",5/12/2024,0,0,0,59,41,48,,
USC00308721,"UPTON COOP NWSFO NEW YORK, NY US",5/13/2024,0,0,0,54,39,51,,
USC00308721,"UPTON COOP NWSFO NEW YORK, NY US",5/14/2024,0,0,0,64,49,57,,
USC00308721,"UPTON COOP NWSFO NEW YORK, NY US",5/15/2024,0.1,0,0,68,55,57,,
USC00308721,"UPTON COOP NWSFO NEW YORK, NY US",5/16/2024,1.61,0,0,60,55,56,,
USC00308721,"UPTON COOP NWSFO NEW YORK, NY US",5/17/2024,0.16,0,0,60,54,60,,
USC00308721,"UPTON COOP NWSFO NEW YORK, NY US",5/18/2024,0,0,0,72,53,57,,
USC00308721,"UPTON COOP NWSFO NEW YORK, NY US",5/19/2024,0.07,0,0,63,54,56,,
USC00308721,"UPTON COOP NWSFO NEW YORK, NY US",5/20/2024,0,0,0,66,50,55,,
USC00308721,"UPTON COOP NWSFO NEW YORK, NY US",5/21/2024,0,0,0,69,51,58,,
USC00308721,"UPTON COOP NWSFO NEW YORK, NY US",5/22/2024,0,0,0,69,57,67,,
USC00308721,"UPTON COOP NWSFO NEW YORK, NY US",5/23/2024,0,0,0,79,60,62,,
USC00308721,"UPTON COOP NWSFO NEW YORK, NY US",5/24/2024,0.63,0,0,73,57,69,,
USC00308721,"UPTON COOP NWSFO NEW YORK, NY US",5/25/2024,0,0,0,83,52,65,,
USC00308721,"UPTON COOP NWSFO NEW YORK, NY US",5/26/2024,0,0,0,73,56,60,,
USC00308721,"UPTON COOP NWSFO NEW YORK, NY US",5/27/2024,0,0,0,75,60,65,,
USC00308721,"UPTON COOP NWSFO NEW YORK, NY US",5/28/2024,0.47,0,0,74,64,67,,
USC00308721,"UPTON COOP NWSFO NEW YORK, NY US",5/29/2024,0,0,0,79,54,64,,
USC00308721,"UPTON COOP NWSFO NEW YORK, NY US",5/30/2024,0.6,0,0,75,55,56,,
USC00308721,"UPTON COOP NWSFO NEW YORK, NY US",5/31/2024,0,0,0,67,48,59,,
USC00308721,"UPTON COOP NWSFO NEW YORK, NY US",6/1/2024,0,0,0,74,51,64,,
USC00308721,"UPTON COOP NWSFO NEW YORK, NY US",6/2/2024,0,0,0,81,52,69,,
USC00308721,"UPTON COOP NWSFO NEW YORK, NY US",6/3/2024,0,0,0,80,64,68,,
USC00308721,"UPTON COOP NWSFO NEW YORK, NY US",6/4/2024,0,0,0,82,58,62,,
USC00308721,"UPTON COOP NWSFO NEW YORK, NY US",6/5/2024,0,0,0,73,57,66,,
USC00308721,"UPTON COOP NWSFO NEW YORK, NY US",6/6/2024,1.51,0,0,75,65,68,,
USC00308721,"UPTON COOP NWSFO NEW YORK, NY US",6/7/2024,0.11,0,0,77,61,68,,
USC00308721,"UPTON COOP NWSFO NEW YORK, NY US",6/8/2024,0,0,0,83,55,66,,
USC00308721,"UPTON COOP NWSFO NEW YORK, NY US",6/9/2024,0,0,0,77,58,67,,
USC00308721,"UPTON COOP NWSFO NEW YORK, NY US",6/10/2024,0.04,0,0,71,53,63,,
USC00308721,"UPTON COOP NWSFO NEW YORK, NY US",6/11/2024,0,0,0,74,53,62,,
USC00308721,"UPTON COOP NWSFO NEW YORK, NY US",6/12/2024,0,0,0,74,56,64,,
USC00308721,"UPTON COOP NWSFO NEW YORK, NY US",6/13/2024,0,0,0,76,54,67,,
USC00308721,"UPTON COOP NWSFO NEW YORK, NY US",6/14/2024,0,0,0,78,66,71,,
USC00308721,"UPTON COOP NWSFO NEW YORK, NY US",6/15/2024,0.61,0,0,78,61,65,,
USC00308721,"UPTON COOP NWSFO NEW YORK, NY US",6/16/2024,0,0,0,77,53,64,,
USC00308721,"UPTON COOP NWSFO NEW YORK, NY US",6/17/2024,0,0,0,74,53,67,,
USC00308721,"UPTON COOP NWSFO NEW YORK, NY US",6/18/2024,0,0,0,77,67,72,,
USC00308721,"UPTON COOP NWSFO NEW YORK, NY US",6/19/2024,0,0,0,78,68,72,,
USC00308721,"UPTON COOP NWSFO NEW YORK, NY US",6/20/2024,0,0,0,81,67,73,,
USC00308721,"UPTON COOP NWSFO NEW YORK, NY US",6/21/2024,0,0,0,84,68,76,,
USC00308721,"UPTON COOP NWSFO NEW YORK, NY US",6/22/2024,0,0,0,87,70,73,,
USC00308721,"UPTON COOP NWSFO NEW YORK, NY US",6/23/2024,0.13,0,0,85,70,73,,
USC00308721,"UPTON COOP NWSFO NEW YORK, NY US",6/24/2024,0,0,0,83,69,75,,
USC00308721,"UPTON COOP NWSFO NEW YORK, NY US",6/25/2024,0,0,0,81,62,71,,
USC00308721,"UPTON COOP NWSFO NEW YORK, NY US",6/26/2024,0,0,0,88,69,72,,
USC00308721,"UPTON COOP NWSFO NEW YORK, NY US",6/27/2024,0.46,0,0,81,67,67,,
USC00308721,"UPTON COOP NWSFO NEW YORK, NY US",6/28/2024,0,0,0,81,56,65,,
USC00308721,"UPTON COOP NWSFO NEW YORK, NY US",6/29/2024,0,0,0,75,56,66,,
USC00308721,"UPTON COOP NWSFO NEW YORK, NY US",6/30/2024,0.05,0,0,76,66,72,,
USC00308721,"UPTON COOP NWSFO NEW YORK, NY US",7/1/2024,0.28,0,0,80,60,66,,
USC00308721,"UPTON COOP NWSFO NEW YORK, NY US",7/2/2024,0,0,0,79,58,67,,
USC00308721,"UPTON COOP NWSFO NEW YORK, NY US",7/3/2024,0,0,0,83,54,64,,
USC00308721,"UPTON COOP NWSFO NEW YORK, NY US",7/4/2024,0,0,0,78,64,71,,
USC00308721,"UPTON COOP NWSFO NEW YORK, NY US",7/5/2024,0.18,0,0,79,71,72,,
USC00308721,"UPTON COOP NWSFO NEW YORK, NY US",7/6/2024,0,0,0,81,72,74,,
USC00308721,"UPTON COOP NWSFO NEW YORK, NY US",7/7/2024,0.21,0,0,76,72,76,,
USC00308721,"UPTON COOP NWSFO NEW YORK, NY US",7/8/2024,0,0,0,86,68,75,,
USC00308721,"UPTON COOP NWSFO NEW YORK, NY US",7/9/2024,0,0,0,89,72,73,,
USC00308721,"UPTON COOP NWSFO NEW YORK, NY US",7/10/2024,0,0,0,89,72,75,,
USC00308721,"UPTON COOP NWSFO NEW YORK, NY US",7/11/2024,0.24,0,0,80,73,74,,
USC00308721,"UPTON COOP NWSFO NEW YORK, NY US",7/12/2024,0.1,0,0,84,71,72,,
USC00308721,"UPTON COOP NWSFO NEW YORK, NY US",7/13/2024,0.3,0,0,80,72,72,,
USC00308721,"UPTON COOP NWSFO NEW YORK, NY US",7/14/2024,0.47,0,0,79,66,73,,
USC00308721,"UPTON COOP NWSFO NEW YORK, NY US",7/15/2024,0.02,0,0,88,72,74,,
USC00308721,"UPTON COOP NWSFO NEW YORK, NY US",7/16/2024,0,0,0,85,71,78,,
USC00308721,"UPTON COOP NWSFO NEW YORK, NY US",7/17/2024,0,0,0,91,71,76,,
USC00308721,"UPTON COOP NWSFO NEW YORK, NY US",7/18/2024,0.02,0,0,84,71,73,,
USC00308721,"UPTON COOP NWSFO NEW YORK, NY US",7/19/2024,0,0,0,84,64,69,,
USC00308721,"UPTON COOP NWSFO NEW YORK, NY US",7/20/2024,0,0,0,81,60,69,,
USC00308721,"UPTON COOP NWSFO NEW YORK, NY US",7/21/2024,0,0,0,81,66,74,,
USC00308721,"UPTON COOP NWSFO NEW YORK, NY US",7/22/2024,0,0,0,85,66,73,,
USC00308721,"UPTON COOP NWSFO NEW YORK, NY US",7/23/2024,0.32,0,0,80,69,70,,
USC00308721,"UPTON COOP NWSFO NEW YORK, NY US",7/24/2024,0.31,0,0,79,69,71,,
USC00308721,"UPTON COOP NWSFO NEW YORK, NY US",7/25/2024,0,0,0,79,69,74,,
USC00308721,"UPTON COOP NWSFO NEW YORK, NY US",7/26/2024,0,0,0,83,58,67,,
USC00308721,"UPTON COOP NWSFO NEW YORK, NY US",7/27/2024,0,0,0,80,57,66,,
USC00308721,"UPTON COOP NWSFO NEW YORK, NY US",7/28/2024,0,0,0,84,60,70,,
USC00308721,"UPTON COOP NWSFO NEW YORK, NY US",7/29/2024,0.26,0,0,82,63,66,,
USC00308721,"UPTON COOP NWSFO NEW YORK, NY US",7/30/2024,0.31,0,0,76,66,75,,
USC00308721,"UPTON COOP NWSFO NEW YORK, NY US",7/31/2024,0,0,0,80,74,75,,
USC00308721,"UPTON COOP NWSFO NEW YORK, NY US",8/1/2024,0,0,0,80,68,76,,
USC00308721,"UPTON COOP NWSFO NEW YORK, NY US",8/2/2024,0,0,0,91,70,76,,
USC00308721,"UPTON COOP NWSFO NEW YORK, NY US",8/3/2024,0.04,0,0,87,74,77,,
USC00308721,"UPTON COOP NWSFO NEW YORK, NY US",8/4/2024,0.76,0,0,87,70,74,,
USC00308721,"UPTON COOP NWSFO NEW YORK, NY US",8/5/2024,0,0,0,80,67,73,,
USC00308721,"UPTON COOP NWSFO NEW YORK, NY US",8/6/2024,0,0,0,87,73,78,,
USC00308721,"UPTON COOP NWSFO NEW YORK, NY US",8/7/2024,0.92,0,0,83,63,63,,
USC00308721,"UPTON COOP NWSFO NEW YORK, NY US",8/8/2024,0.08,0,0,65,63,65,,
USC00308721,"UPTON COOP NWSFO NEW YORK, NY US",8/9/2024,0.02,0,0,77,65,77,,
USC00308721,"UPTON COOP NWSFO NEW YORK, NY US",8/10/2024,0.27,0,0,83,71,74,,
USC00308721,"UPTON COOP NWSFO NEW YORK, NY US",8/11/2024,0,0,0,85,64,68,,
USC00308721,"UPTON COOP NWSFO NEW YORK, NY US",8/12/2024,0,0,0,79,58,65,,
USC00308721,"UPTON COOP NWSFO NEW YORK, NY US",8/13/2024,0.09,0,0,79,57,66,,
USC00308721,"UPTON COOP NWSFO NEW YORK, NY US",8/14/2024,0,0,0,80,58,66,,
USC00308721,"UPTON COOP NWSFO NEW YORK, NY US",8/15/2024,0,0,0,84,60,67,,
USC00308721,"UPTON COOP NWSFO NEW YORK, NY US",8/16/2024,0,0,0,85,61,67,,
USC00308721,"UPTON COOP NWSFO NEW YORK, NY US",8/17/2024,0,0,0,81,61,67,,
USC00308721,"UPTON COOP NWSFO NEW YORK, NY US",8/18/2024,0.04,0,0,76,66,70,,
USC00308721,"UPTON COOP NWSFO NEW YORK, NY US",8/19/2024,4.21,0,0,76,67,69,,
USC00308721,"UPTON COOP NWSFO NEW YORK, NY US",8/20/2024,0.19,0,0,81,61,62,,
USC00308721,"UPTON COOP NWSFO NEW YORK, NY US",8/21/2024,0,0,0,71,50,58,,
USC00308721,"UPTON COOP NWSFO NEW YORK, NY US",8/22/2024,0,0,0,72,50,59,,
USC00308721,"UPTON COOP NWSFO NEW YORK, NY US",8/23/2024,0,0,0,75,52,63,,
USC00308721,"UPTON COOP NWSFO NEW YORK, NY US",8/24/2024,0,0,0,79,55,61,,
USC00308721,"UPTON COOP NWSFO NEW YORK, NY US",8/25/2024,0,0,0,82,58,62,,
USC00308721,"UPTON COOP NWSFO NEW YORK, NY US",8/26/2024,0,0,0,81,62,69,,
USC00308721,"UPTON COOP NWSFO NEW YORK, NY US",8/27/2024,0.36,0,0,82,58,63,,
USC00308721,"UPTON COOP NWSFO NEW YORK, NY US",8/28/2024,0,0,0,82,63,73,,
USC00308721,"UPTON COOP NWSFO NEW YORK, NY US",8/29/2024,0,0,0,89,68,68,,
USC00308721,"UPTON COOP NWSFO NEW YORK, NY US",8/30/2024,0,0,0,74,61,63,,
USC00308721,"UPTON COOP NWSFO NEW YORK, NY US",8/31/2024,0,0,0,74,61,68,,
USC00308721,"UPTON COOP NWSFO NEW YORK, NY US",9/1/2024,0,0,0,79,67,72,,
USC00308721,"UPTON COOP NWSFO NEW YORK, NY US",9/2/2024,0.04,0,0,77,64,67,,
USC00308721,"UPTON COOP NWSFO NEW YORK, NY US",9/3/2024,0,0,0,77,53,59,,
USC00308721,"UPTON COOP NWSFO NEW YORK, NY US",9/4/2024,0,0,0,71,44,54,,
USC00308721,"UPTON COOP NWSFO NEW YORK, NY US",9/5/2024,0,0,0,76,47,58,,
USC00308721,"UPTON COOP NWSFO NEW YORK, NY US",9/6/2024,0,0,0,76,56,64,,
USC00308721,"UPTON COOP NWSFO NEW YORK, NY US",9/7/2024,0,0,0,77,56,61,,
USC00308721,"UPTON COOP NWSFO NEW YORK, NY US",9/8/2024,0.01,0,0,71,52,56,,
USC00308721,"UPTON COOP NWSFO NEW YORK, NY US",9/9/2024,0,0,0,71,47,53,,
USC00308721,"UPTON COOP NWSFO NEW YORK, NY US",9/10/2024,0,0,0,75,53,57,,
USC00308721,"UPTON COOP NWSFO NEW YORK, NY US",9/11/2024,0,0,0,76,46,51,,
USC00308721,"UPTON COOP NWSFO NEW YORK, NY US",9/12/2024,0,0,0,76,46,51,,
USC00308721,"UPTON COOP NWSFO NEW YORK, NY US",9/13/2024,0,0,0,77,49,52,,
USC00308721,"UPTON COOP NWSFO NEW YORK, NY US",9/14/2024,0,0,0,78,52,58,,
USC00308721,"UPTON COOP NWSFO NEW YORK, NY US",9/15/2024,0,0,0,81,57,63,,
USC00308721,"UPTON COOP NWSFO NEW YORK, NY US",9/16/2024,0,0,0,77,45,51,,
USC00308721,"UPTON COOP NWSFO NEW YORK, NY US",9/17/2024,0,0,0,74,51,63,,
USC00308721,"UPTON COOP NWSFO NEW YORK, NY US",9/18/2024,0,0,0,77,58,63,,
USC00308721,"UPTON COOP NWSFO NEW YORK, NY US",9/19/2024,0,0,0,72,63,66,,
USC00308721,"UPTON COOP NWSFO NEW YORK, NY US",9/20/2024,0,0,0,81,66,67,,
USC00308721,"UPTON COOP NWSFO NEW YORK, NY US",9/21/2024,0,0,0,76,62,63,,
USC00308721,"UPTON COOP NWSFO NEW YORK, NY US",9/22/2024,0,0,0,71,57,58,,
USC00308721,"UPTON COOP NWSFO NEW YORK, NY US",9/23/2024,0,0,0,71,53,57,,
USC00308721,"UPTON COOP NWSFO NEW YORK, NY US",9/24/2024,0,0,0,66,52,58,,
USC00308721,"UPTON COOP NWSFO NEW YORK, NY US",9/25/2024,0,0,0,66,52,58,,
USC00308721,"UPTON COOP NWSFO NEW YORK, NY US",9/26/2024,0,0,0,67,58,65,,
USC00308721,"UPTON COOP NWSFO NEW YORK, NY US",9/27/2024,0.05,0,0,71,63,64,,
USC00308721,"UPTON COOP NWSFO NEW YORK, NY US",9/28/2024,0.01,0,0,73,60,62,,
USC00308721,"UPTON COOP NWSFO NEW YORK, NY US",9/29/2024,0.15,0,0,69,58,60,,
USC00308721,"UPTON COOP NWSFO NEW YORK, NY US",9/30/2024,0.08,0,0,61,56,58,,
USC00308721,"UPTON COOP NWSFO NEW YORK, NY US",10/1/2024,0,0,0,71,51,57,,
USC00308721,"UPTON COOP NWSFO NEW YORK, NY US",10/2/2024,0,0,0,70,54,55,,
USC00308721,"UPTON COOP NWSFO NEW YORK, NY US",10/3/2024,0,0,0,68,46,55,,
USC00308721,"UPTON COOP NWSFO NEW YORK, NY US",10/4/2024,0,0,0,70,45,47,,
USC00308721,"UPTON COOP NWSFO NEW YORK, NY US",10/5/2024,0,0,0,72,47,58,,
USC00308721,"UPTON COOP NWSFO NEW YORK, NY US",10/6/2024,0,0,0,73,42,44,,
USC00308721,"UPTON COOP NWSFO NEW YORK, NY US",10/7/2024,0.01,0,0,68,44,63,,
USC00308721,"UPTON COOP NWSFO NEW YORK, NY US",10/8/2024,0.11,0,0,74,44,47,,
USC00308721,"UPTON COOP NWSFO NEW YORK, NY US",10/9/2024,0,0,0,67,44,47,,
USC00308721,"UPTON COOP NWSFO NEW YORK, NY US",10/10/2024,0,0,0,68,45,48,,
USC00308721,"UPTON COOP NWSFO NEW YORK, NY US",10/11/2024,0,0,0,62,39,41,,
USC00308721,"UPTON COOP NWSFO NEW YORK, NY US",10/12/2024,0,0,0,66,41,56,,
USC00308721,"UPTON COOP NWSFO NEW YORK, NY US",10/13/2024,0,0,0,74,37,47,,
USC00308721,"UPTON COOP NWSFO NEW YORK, NY US",10/14/2024,0,0,0,70,47,53,,
USC00308721,"UPTON COOP NWSFO NEW YORK, NY US",10/15/2024,0,0,0,67,37,41,,
USC00308721,"UPTON COOP NWSFO NEW YORK, NY US",10/16/2024,0,0,0,57,36,44,,
USC00308721,"UPTON COOP NWSFO NEW YORK, NY US",10/17/2024,0,0,0,58,37,39,,
USC00308721,"UPTON COOP NWSFO NEW YORK, NY US",10/18/2024,0,0,0,56,37,48,,
USC00308721,"UPTON COOP NWSFO NEW YORK, NY US",10/19/2024,0,0,0,63,33,36,,
USC00308721,"UPTON COOP NWSFO NEW YORK, NY US",10/20/2024,0,0,0,69,36,37,,
USC00308721,"UPTON COOP NWSFO NEW YORK, NY US",10/21/2024,0,0,0,75,37,39,,
USC00308721,"UPTON COOP NWSFO NEW YORK, NY US",10/22/2024,0,0,0,78,39,49,,
USC00308721,"UPTON COOP NWSFO NEW YORK, NY US",10/23/2024,0,0,0,81,48,50,,
USC00308721,"UPTON COOP NWSFO NEW YORK, NY US",10/24/2024,0,0,0,72,50,60,,
USC00308721,"UPTON COOP NWSFO NEW YORK, NY US",10/25/2024,0,0,0,69,45,45,,
USC00308721,"UPTON COOP NWSFO NEW YORK, NY US",10/26/2024,0,0,0,62,43,53,,
USC00308721,"UPTON COOP NWSFO NEW YORK, NY US",10/27/2024,0,0,0,66,42,42,,
USC00308721,"UPTON COOP NWSFO NEW YORK, NY US",10/28/2024,0,0,0,56,33,33,,
USC00308721,"UPTON COOP NWSFO NEW YORK, NY US",10/29/2024,0,0,0,58,33,53,,
USC00308721,"UPTON COOP NWSFO NEW YORK, NY US",10/30/2024,0.01,0,0,62,53,54,,
USC00308721,"UPTON COOP NWSFO NEW YORK, NY US",10/31/2024,0,0,0,69,50,58,,
USC00308721,"UPTON COOP NWSFO NEW YORK, NY US",11/1/2024,0,0,0,81,57,64,,
USC00308721,"UPTON COOP NWSFO NEW YORK, NY US",11/2/2024,0,0,0,78,40,42,,
USC00308721,"UPTON COOP NWSFO NEW YORK, NY US",11/3/2024,0,0,0,60,38,38,,
USC00308721,"UPTON COOP NWSFO NEW YORK, NY US",11/4/2024,0,0,0,50,26,31,,
USC00308721,"UPTON COOP NWSFO NEW YORK, NY US",11/5/2024,0,0,0,55,31,44,,
USC00308721,"UPTON COOP NWSFO NEW YORK, NY US",11/6/2024,0,0,0,69,44,62,,
USC00308721,"UPTON COOP NWSFO NEW YORK, NY US",11/7/2024,0,0,0,73,58,58,,
USC00308721,"UPTON COOP NWSFO NEW YORK, NY US",11/8/2024,0,0,0,72,33,35,,
USC00308721,"UPTON COOP NWSFO NEW YORK, NY US",11/9/2024,0,0,0,68,35,41,,
USC00308721,"UPTON COOP NWSFO NEW YORK, NY US",11/10/2024,0,0,0,53,25,27,,
USC00308721,"UPTON COOP NWSFO NEW YORK, NY US",11/11/2024,0.3,0,0,59,27,59,,
USC00308721,"UPTON COOP NWSFO NEW YORK, NY US",11/12/2024,0,0,0,69,46,48,,
USC00308721,"UPTON COOP NWSFO NEW YORK, NY US",11/13/2024,0,0,0,53,35,35,,
USC00308721,"UPTON COOP NWSFO NEW YORK, NY US",11/14/2024,0,0,0,46,27,32,,
USC00308721,"UPTON COOP NWSFO NEW YORK, NY US",11/15/2024,0,0,0,48,31,35,,
USC00308721,"UPTON COOP NWSFO NEW YORK, NY US",11/16/2024,0,0,0,56,35,43,,
USC00308721,"UPTON COOP NWSFO NEW YORK, NY US",11/17/2024,0,0,0,61,43,45,,
USC00308721,"UPTON COOP NWSFO NEW YORK, NY US",11/18/2024,0,0,0,64,36,44,,
USC00308721,"UPTON COOP NWSFO NEW YORK, NY US",11/19/2024,0,0,0,63,43,43,,
USC00308721,"UPTON COOP NWSFO NEW YORK, NY US",11/20/2024,0,0,0,59,38,39,,
USC00308721,"UPTON COOP NWSFO NEW YORK, NY US",11/21/2024,0.5,0,0,60,39,47,,
USC00308721,"UPTON COOP NWSFO NEW YORK, NY US",11/22/2024,1.72,0,0,48,36,41,,
USC00308721,"UPTON COOP NWSFO NEW YORK, NY US",11/23/2024,0.19,0,0,44,36,40,,
USC00308721,"UPTON COOP NWSFO NEW YORK, NY US",11/24/2024,0,0,0,49,40,44,,
USC00308721,"UPTON COOP NWSFO NEW YORK, NY US",11/25/2024,0,0,0,51,31,33,,
USC00308721,"UPTON COOP NWSFO NEW YORK, NY US",11/26/2024,0,0,0,51,32,43,,
USC00308721,"UPTON COOP NWSFO NEW YORK, NY US",11/27/2024,0.2,0,0,55,29,32,,
USC00308721,"UPTON COOP NWSFO NEW YORK, NY US",11/28/2024,0,0,0,52,30,42,,
USC00308721,"UPTON COOP NWSFO NEW YORK, NY US",11/29/2024,0.46,0,0,55,31,31,,
USC00308721,"UPTON COOP NWSFO NEW YORK, NY US",11/30/2024,0,0,0,48,24,25,,
USC00308721,"UPTON COOP NWSFO NEW YORK, NY US",12/1/2024,0,0,0,41,23,24,,
USC00308721,"UPTON COOP NWSFO NEW YORK, NY US",12/2/2024,0,0,0,38,18,18,,
USC00308721,"UPTON COOP NWSFO NEW YORK, NY US",12/3/2024,0,0,0,39,17,21,,
USC00308721,"UPTON COOP NWSFO NEW YORK, NY US",12/4/2024,0.01,0,0,40,18,18,,
USC00308721,"UPTON COOP NWSFO NEW YORK, NY US",12/5/2024,0.52,0.1,0,44,18,39,,
USC00308721,"UPTON COOP NWSFO NEW YORK, NY US",12/6/2024,0.06,0,0,41,29,29,,
USC00308721,"UPTON COOP NWSFO NEW YORK, NY US",12/7/2024,0,0,0,36,29,29,,
USC00308721,"UPTON COOP NWSFO NEW YORK, NY US",12/8/2024,0,0,0,43,29,43,,
USC00308721,"UPTON COOP NWSFO NEW YORK, NY US",12/9/2024,0,0,0,54,26,27,,
USC00308721,"UPTON COOP NWSFO NEW YORK, NY US",12/10/2024,0.27,0,0,52,27,43,,
USC00308721,"UPTON COOP NWSFO NEW YORK, NY US",12/11/2024,0.66,0,0,57,43,57,,
USC00308721,"UPTON COOP NWSFO NEW YORK, NY US",12/12/2024,1.47,0,0,61,33,34,,
USC00308721,"UPTON COOP NWSFO NEW YORK, NY US",12/13/2024,0,0,0,42,23,26,,
USC00308721,"UPTON COOP NWSFO NEW YORK, NY US",12/14/2024,0,0,0,33,21,21,,
USC00308721,"UPTON COOP NWSFO NEW YORK, NY US",12/15/2024,0,0,0,33,14,18,,
USC00308721,"UPTON COOP NWSFO NEW YORK, NY US",12/16/2024,0.37,0,0,41,18,39,,
USC00308721,"UPTON COOP NWSFO NEW YORK, NY US",12/17/2024,1.35,0,0,54,39,51,,
USC00308721,"UPTON COOP NWSFO NEW YORK, NY US",12/18/2024,0,0,0,60,28,29,,
USC00308721,"UPTON COOP NWSFO NEW YORK, NY US",12/19/2024,0.33,0,0,53,29,38,,
USC00308721,"UPTON COOP NWSFO NEW YORK, NY US",12/20/2024,0,0,0,44,31,33,,
USC00308721,"UPTON COOP NWSFO NEW YORK, NY US",12/21/2024,0.1,0.6,1,39,28,28,,
USC00308721,"UPTON COOP NWSFO NEW YORK, NY US",12/22/2024,0.02,0.3,0,30,15,15,,
USC00308721,"UPTON COOP NWSFO NEW YORK, NY US",12/23/2024,0,0,0,22,4,4,,
USC00308721,"UPTON COOP NWSFO NEW YORK, NY US",12/24/2024,0,0,0,28,4,28,,
USC00308721,"UPTON COOP NWSFO NEW YORK, NY US",12/25/2024,0,0,0,36,25,26,,
USC00308721,"UPTON COOP NWSFO NEW YORK, NY US",12/26/2024,0,0,0,35,18,20,,
USC00308721,"UPTON COOP NWSFO NEW YORK, NY US",12/27/2024,0,0,0,37,13,13,,
USC00308721,"UPTON COOP NWSFO NEW YORK, NY US",12/28/2024,0.04,0,0,42,12,35,,
USC00308721,"UPTON COOP NWSFO NEW YORK, NY US",12/29/2024,0.44,0,0,51,34,47,,
USC00308721,"UPTON COOP NWSFO NEW YORK, NY US",12/30/2024,0.49,0,0,57,46,52,,
USC00308721,"UPTON COOP NWSFO NEW YORK, NY US",12/31/2024,0.07,0,0,58,32,33,,
USC00308721,"UPTON COOP NWSFO NEW YORK, NY US",1/1/2025,0.73,0,0,54,30,44,,
USC00308721,"UPTON COOP NWSFO NEW YORK, NY US",1/2/2025,0,0,0,53,36,37,,
USC00308721,"UPTON COOP NWSFO NEW YORK, NY US",1/3/2025,0,0,0,44,31,31,,
USC00308721,"UPTON COOP NWSFO NEW YORK, NY US",1/4/2025,0,0,0,40,27,28,,
USC00308721,"UPTON COOP NWSFO NEW YORK, NY US",1/5/2025,0,0,0,34,26,26,,
USC00308721,"UPTON COOP NWSFO NEW YORK, NY US",1/6/2025,0,0,0,34,24,26,,
USC00308721,"UPTON COOP NWSFO NEW YORK, NY US",1/7/2025,0.03,0.7,1,30,17,20,,
USC00308721,"UPTON COOP NWSFO NEW YORK, NY US",1/8/2025,0,0,0,34,19,22,,
USC00308721,"UPTON COOP NWSFO NEW YORK, NY US",1/9/2025,0,0,0,31,21,23,,
USC00308721,"UPTON COOP NWSFO NEW YORK, NY US",1/10/2025,0,0,0,36,23,27,,
USC00308721,"UPTON COOP NWSFO NEW YORK, NY US",1/11/2025,0,0,0,42,27,29,,
USC00308721,"UPTON COOP NWSFO NEW YORK, NY US",1/12/2025,0,0,0,33,27,27,,
USC00308721,"UPTON COOP NWSFO NEW YORK, NY US",1/13/2025,0,0,0,41,24,24,,
USC00308721,"UPTON COOP NWSFO NEW YORK, NY US",1/14/2025,0,0,0,40,24,28,,
USC00308721,"UPTON COOP NWSFO NEW YORK, NY US",1/15/2025,0,0,0,33,21,21,,
USC00308721,"UPTON COOP NWSFO NEW YORK, NY US",1/16/2025,0,0,0,33,13,13,,
USC00308721,"UPTON COOP NWSFO NEW YORK, NY US",1/17/2025,0.01,0.1,0,30,12,17,,
USC00308721,"UPTON COOP NWSFO NEW YORK, NY US",1/18/2025,0,0,0,39,16,35,,
USC00308721,"UPTON COOP NWSFO NEW YORK, NY US",1/19/2025,0.32,0,0,44,31,32,,
USC00308721,"UPTON COOP NWSFO NEW YORK, NY US",1/20/2025,0.36,2.1,2,37,17,17,,
USC00308721,"UPTON COOP NWSFO NEW YORK, NY US",1/21/2025,0,0,1,26,5,5,,
USC00308721,"UPTON COOP NWSFO NEW YORK, NY US",1/22/2025,0,0,1,20,5,10,,
USC00308721,"UPTON COOP NWSFO NEW YORK, NY US",1/23/2025,0,0,1,21,1,8,,
USC00308721,"UPTON COOP NWSFO NEW YORK, NY US",1/24/2025,0,0,1,32,8,10,,
USC00308721,"UPTON COOP NWSFO NEW YORK, NY US",1/25/2025,0,0,1,32,4,4,,
USC00308721,"UPTON COOP NWSFO NEW YORK, NY US",1/26/2025,0,0,1,33,4,32,,
USC00308721,"UPTON COOP NWSFO NEW YORK, NY US",1/27/2025,0,0,0,41,19,26,,
USC00308721,"UPTON COOP NWSFO NEW YORK, NY US",1/28/2025,0,0,0,39,25,36,,
USC00308721,"UPTON COOP NWSFO NEW YORK, NY US",1/29/2025,0,0,0,43,22,37,,
USC00308721,"UPTON COOP NWSFO NEW YORK, NY US",1/30/2025,0,0,0,52,22,22,,
USC00308721,"UPTON COOP NWSFO NEW YORK, NY US",1/31/2025,0.01,0,0,40,22,40,,
USC00308721,"UPTON COOP NWSFO NEW YORK, NY US",2/1/2025,0.36,0,0,44,35,35,,
USC00308721,"UPTON COOP NWSFO NEW YORK, NY US",2/2/2025,0,0,0,36,13,14,,
USC00308721,"UPTON COOP NWSFO NEW YORK, NY US",2/3/2025,0.21,0,0,36,14,30,,
USC00308721,"UPTON COOP NWSFO NEW YORK, NY US",2/4/2025,0,0,0,46,29,38,,
USC00308721,"UPTON COOP NWSFO NEW YORK, NY US",2/5/2025,0,0,0,46,25,25,,
USC00308721,"UPTON COOP NWSFO NEW YORK, NY US",2/6/2025,0.07,0.5,1,33,20,29,,
USC00308721,"UPTON COOP NWSFO NEW YORK, NY US",2/7/2025,0.3,0,0,37,29,36,,
USC00308721,"UPTON COOP NWSFO NEW YORK, NY US",2/8/2025,0,0,0,44,19,19,,
USC00308721,"UPTON COOP NWSFO NEW YORK, NY US",2/9/2025,0.62,4.6,4,35,19,29,,
USC00308721,"UPTON COOP NWSFO NEW YORK, NY US",2/10/2025,0,0,2,34,21,24,,
USC00308721,"UPTON COOP NWSFO NEW YORK, NY US",2/11/2025,0,0,2,36,12,15,,
USC00308721,"UPTON COOP NWSFO NEW YORK, NY US",2/12/2025,0.23,2.5,4,32,14,31,,
USC00308721,"UPTON COOP NWSFO NEW YORK, NY US",2/13/2025,0.27,0,3,38,31,38,,
USC00308721,"UPTON COOP NWSFO NEW YORK, NY US",2/14/2025,0.04,0,1,44,28,28,,
USC00308721,"UPTON COOP NWSFO NEW YORK, NY US",2/15/2025,0,0,1,36,22,22,,
USC00308721,"UPTON COOP NWSFO NEW YORK, NY US",2/16/2025,0.81,1.1,1,37,22,35,,
USC00308721,"UPTON COOP NWSFO NEW YORK, NY US",2/17/2025,0.82,0,0,53,29,29,,
USC00308721,"UPTON COOP NWSFO NEW YORK, NY US",2/18/2025,0,0,0,35,18,18,,
USC00308721,"UPTON COOP NWSFO NEW YORK, NY US",2/19/2025,0,0,0,27,17,17,,
USC00308721,"UPTON COOP NWSFO NEW YORK, NY US",2/20/2025,0,0,0,29,16,16,,
USC00308721,"UPTON COOP NWSFO NEW YORK, NY US",2/21/2025,0,0,0,31,16,22,,
USC00308721,"UPTON COOP NWSFO NEW YORK, NY US",2/22/2025,0,0,0,36,19,20,,
USC00308721,"UPTON COOP NWSFO NEW YORK, NY US",2/23/2025,0,0,0,39,20,28,,
USC00308721,"UPTON COOP NWSFO NEW YORK, NY US",2/24/2025,0,0,0,46,24,24,,
USC00308721,"UPTON COOP NWSFO NEW YORK, NY US",2/25/2025,0,0,0,47,24,39,,
USC00308721,"UPTON COOP NWSFO NEW YORK, NY US",2/26/2025,0,0,0,57,32,37,,
USC00308721,"UPTON COOP NWSFO NEW YORK, NY US",2/27/2025,0,0,0,56,37,44,,
USC00308721,"UPTON COOP NWSFO NEW YORK, NY US",2/28/2025,0.08,0,0,49,34,38,,
USC00308721,"UPTON COOP NWSFO NEW YORK, NY US",3/1/2025,0,0,0,50,34,42,,
USC00308721,"UPTON COOP NWSFO NEW YORK, NY US",3/2/2025,0,0,0,54,19,20,,
USC00308721,"UPTON COOP NWSFO NEW YORK, NY US",3/3/2025,0,0,0,32,16,20,,
USC00308721,"UPTON COOP NWSFO NEW YORK, NY US",3/4/2025,0,0,0,35,19,30,,
USC00308721,"UPTON COOP NWSFO NEW YORK, NY US",3/5/2025,0,0,0,47,30,46,,
USC00308721,"UPTON COOP NWSFO NEW YORK, NY US",3/6/2025,0.91,0,0,55,44,44,,
USC00308721,"UPTON COOP NWSFO NEW YORK, NY US",3/7/2025,0,0,0,56,32,33,,
USC00308721,"UPTON COOP NWSFO NEW YORK, NY US",3/8/2025,0,0,0,47,32,33,,
USC00308721,"UPTON COOP NWSFO NEW YORK, NY US",3/9/2025,0,0,0,47,24,29,,
USC00308721,"UPTON COOP NWSFO NEW YORK, NY US",3/10/2025,0,0,0,47,29,41,,
USC00308721,"UPTON COOP NWSFO NEW YORK, NY US",3/11/2025,0,0,0,63,28,33,,
USC00308721,"UPTON COOP NWSFO NEW YORK, NY US",3/12/2025,0,0,0,60,33,40,,
USC00308721,"UPTON COOP NWSFO NEW YORK, NY US",3/13/2025,0,0,0,52,30,32,,
USC00308721,"UPTON COOP NWSFO NEW YORK, NY US",3/14/2025,0,0,0,50,32,39,,
USC00308721,"UPTON COOP NWSFO NEW YORK, NY US",3/15/2025,0,0,0,57,39,40,,
USC00308721,"UPTON COOP NWSFO NEW YORK, NY US",3/16/2025,0.01,0,0,55,40,54,,
USC00308721,"UPTON COOP NWSFO NEW YORK, NY US",3/17/2025,1.77,0,0,64,52,52,,
USC00308721,"UPTON COOP NWSFO NEW YORK, NY US",3/18/2025,0.03,0,0,56,35,36,,
USC00308721,"UPTON COOP NWSFO NEW YORK, NY US",3/19/2025,0,0,0,55,27,29,,
USC00308721,"UPTON COOP NWSFO NEW YORK, NY US",3/20/2025,0,0,0,66,29,42,,
USC00308721,"UPTON COOP NWSFO NEW YORK, NY US",3/21/2025,0.14,0,0,48,40,40,,
USC00308721,"UPTON COOP NWSFO NEW YORK, NY US",3/22/2025,0,0,0,50,33,41,,
USC00308721,"UPTON COOP NWSFO NEW YORK, NY US",3/23/2025,0,0,0,57,29,30,,
USC00308721,"UPTON COOP NWSFO NEW YORK, NY US",3/24/2025,0.02,0,0,44,30,38,,
USC00308721,"UPTON COOP NWSFO NEW YORK, NY US",3/25/2025,1.13,0,0,48,37,41,,
USC00308721,"UPTON COOP NWSFO NEW YORK, NY US",3/26/2025,0,0,0,56,36,40,,
USC00308721,"UPTON COOP NWSFO NEW YORK, NY US",3/27/2025,0,0,0,51,26,32,,
USC00308721,"UPTON COOP NWSFO NEW YORK, NY US",3/28/2025,0,0,0,49,30,44,,
USC00308721,"UPTON COOP NWSFO NEW YORK, NY US",3/29/2025,0.01,0,0,62,44,52,,
USC00308721,"UPTON COOP NWSFO NEW YORK, NY US",3/30/2025,0.01,0,0,80,40,41,,
USC00308721,"UPTON COOP NWSFO NEW YORK, NY US",3/31/2025,0,0,0,54,41,53,,
USC00308721,"UPTON COOP NWSFO NEW YORK, NY US",4/1/2025,0.51,0,0,57,39,39,,
USC00308721,"UPTON COOP NWSFO NEW YORK, NY US",4/2/2025,0,0,0,52,32,36,,
USC00308721,"UPTON COOP NWSFO NEW YORK, NY US",4/3/2025,0.05,0,0,47,36,47,,
USC00308721,"UPTON COOP NWSFO NEW YORK, NY US",4/4/2025,0.38,0,0,62,46,59,,
USC00308721,"UPTON COOP NWSFO NEW YORK, NY US",4/5/2025,0,0,0,68,48,48,,
USC00308721,"UPTON COOP NWSFO NEW YORK, NY US",4/6/2025,0.45,0,0,49,42,42,,
USC00308721,"UPTON COOP NWSFO NEW YORK, NY US",4/7/2025,0.09,0,0,52,38,39,,
USC00308721,"UPTON COOP NWSFO NEW YORK, NY US",4/8/2025,0.2,0,0,42,38,39,,
USC00308721,"UPTON COOP NWSFO NEW YORK, NY US",4/9/2025,0,0,0,45,29,32,,
USC00308721,"UPTON COOP NWSFO NEW YORK, NY US",4/10/2025,0,0,0,45,30,37,,
USC00308721,"UPTON COOP NWSFO NEW YORK, NY US",4/11/2025,0,0,0,49,37,42,,
USC00308721,"UPTON COOP NWSFO NEW YORK, NY US",4/12/2025,0.28,0,0,51,36,37,,
USC00308721,"UPTON COOP NWSFO NEW YORK, NY US",4/13/2025,0.3,0,0,40,36,37,,
USC00308721,"UPTON COOP NWSFO NEW YORK, NY US",4/14/2025,0.01,0,0,53,37,50,,
USC00308721,"UPTON COOP NWSFO NEW YORK, NY US",4/15/2025,0,0,0,65,46,49,,
USC00308721,"UPTON COOP NWSFO NEW YORK, NY US",4/16/2025,0.01,0,0,63,44,46,,
USC00308721,"UPTON COOP NWSFO NEW YORK, NY US",4/17/2025,0,0,0,52,38,44,,
USC00308721,"UPTON COOP NWSFO NEW YORK, NY US",4/18/2025,0,0,0,60,28,41,,
USC00308721,"UPTON COOP NWSFO NEW YORK, NY US",4/19/2025,0,0,0,63,41,54,,
USC00308721,"UPTON COOP NWSFO NEW YORK, NY US",4/20/2025,0,0,0,75,54,59,,
USC00308721,"UPTON COOP NWSFO NEW YORK, NY US",4/21/2025,0,0,0,64,37,48,,
USC00308721,"UPTON COOP NWSFO NEW YORK, NY US",4/22/2025,0.03,0,0,56,48,53,,
USC00308721,"UPTON COOP NWSFO NEW YORK, NY US",4/23/2025,0,0,0,72,48,55,,
USC00308721,"UPTON COOP NWSFO NEW YORK, NY US",4/24/2025,0,0,0,71,38,54,,
USC00308721,"UPTON COOP NWSFO NEW YORK, NY US",4/25/2025,0,0,0,69,50,59,,
USC00308721,"UPTON COOP NWSFO NEW YORK, NY US",4/26/2025,0.24,0,0,71,55,56,,
USC00308721,"UPTON COOP NWSFO NEW YORK, NY US",4/27/2025,0.76,0,0,60,45,49,,
USC00308721,"UPTON COOP NWSFO NEW YORK, NY US",4/28/2025,0,0,0,60,47,57,,
USC00308721,"UPTON COOP NWSFO NEW YORK, NY US",4/29/2025,0,0,0,73,45,58,,
USC00308721,"UPTON COOP NWSFO NEW YORK, NY US",4/30/2025,0,0,0,67,56,60,,
USC00308721,"UPTON COOP NWSFO NEW YORK, NY US",5/1/2025,0,0,0,71,38,51,,
USC00308721,"UPTON COOP NWSFO NEW YORK, NY US",5/2/2025,0.11,0,0,66,50,57,,
USC00308721,"UPTON COOP NWSFO NEW YORK, NY US",5/3/2025,0,0,0,75,55,61,,
USC00308721,"UPTON COOP NWSFO NEW YORK, NY US",5/4/2025,0,0,0,71,58,59,,
USC00308721,"UPTON COOP NWSFO NEW YORK, NY US",5/5/2025,0.09,0,0,67,57,58,,
USC00308721,"UPTON COOP NWSFO NEW YORK, NY US",5/6/2025,1.34,0,0,63,57,59,,
USC00308721,"UPTON COOP NWSFO NEW YORK, NY US",5/7/2025,0.29,0,0,62,47,55,,
USC00308721,"UPTON COOP NWSFO NEW YORK, NY US",5/8/2025,0,0,0,72,51,59,,
USC00308721,"UPTON COOP NWSFO NEW YORK, NY US",5/9/2025,0,0,0,77,53,57,,
USC00308721,"UPTON COOP NWSFO NEW YORK, NY US",5/10/2025,1.49,0,0,60,49,50,,
USC00308721,"UPTON COOP NWSFO NEW YORK, NY US",5/11/2025,0,0,0,69,42,58,,
USC00308721,"UPTON COOP NWSFO NEW YORK, NY US",5/12/2025,0,0,0,74,38,56,,
USC00308721,"UPTON COOP NWSFO NEW YORK, NY US",5/13/2025,0,0,0,69,52,62,,
USC00308721,"UPTON COOP NWSFO NEW YORK, NY US",5/14/2025,0.11,0,0,71,52,59,,
USC00308721,"UPTON COOP NWSFO NEW YORK, NY US",5/15/2025,0.51,0,0,69,59,61,,
USC00308721,"UPTON COOP NWSFO NEW YORK, NY US",5/16/2025,0.01,0,0,70,60,62,,
USC00308721,"UPTON COOP NWSFO NEW YORK, NY US",5/17/2025,0,0,0,70,58,61,,
USC00308721,"UPTON COOP NWSFO NEW YORK, NY US",5/18/2025,0.01,0,0,75,56,63,,
USC00308721,"UPTON COOP NWSFO NEW YORK, NY US",5/19/2025,0,0,0,74,53,57,,
USC00308721,"UPTON COOP NWSFO NEW YORK, NY US",5/20/2025,0,0,0,69,46,51,,
USC00308721,"UPTON COOP NWSFO NEW YORK, NY US",5/21/2025,0,0,0,64,50,51,,
USC00308721,"UPTON COOP NWSFO NEW YORK, NY US",5/22/2025,0.92,0,0,53,46,47,,
USC00308721,"UPTON COOP NWSFO NEW YORK, NY US",5/23/2025,0.48,0,0,50,42,48,,
USC00308721,"UPTON COOP NWSFO NEW YORK, NY US",5/24/2025,0.07,0,0,57,47,52,,
USC00308721,"UPTON COOP NWSFO NEW YORK, NY US",5/25/2025,0.03,0,0,65,48,57,,
USC00308721,"UPTON COOP NWSFO NEW YORK, NY US",5/26/2025,0,0,0,65,46,58,,
USC00308721,"UPTON COOP NWSFO NEW YORK, NY US",5/27/2025,0,0,0,71,43,58,,
USC00308721,"UPTON COOP NWSFO NEW YORK, NY US",5/28/2025,0,0,0,74,53,59,,
USC00308721,"UPTON COOP NWSFO NEW YORK, NY US",5/29/2025,0.4,0,0,65,52,57,,
USC00308721,"UPTON COOP NWSFO NEW YORK, NY US",5/30/2025,0.03,0,0,64,56,61,,
USC00308721,"UPTON COOP NWSFO NEW YORK, NY US",5/31/2025,0.63,0,0,67,57,58,,
USC00308721,"UPTON COOP NWSFO NEW YORK, NY US",6/1/2025,0.03,0,0,68,48,54,,
USC00308721,"UPTON COOP NWSFO NEW YORK, NY US",6/2/2025,0,0,0,65,45,56,,
USC00308721,"UPTON COOP NWSFO NEW YORK, NY US",6/3/2025,0,0,0,69,44,60,,
USC00308721,"UPTON COOP NWSFO NEW YORK, NY US",6/4/2025,0,0,0,78,52,62,,
USC00308721,"UPTON COOP NWSFO NEW YORK, NY US",6/5/2025,0,0,0,75,58,70,,
USC00308721,"UPTON COOP NWSFO NEW YORK, NY US",6/6/2025,0,0,0,84,65,74,,
USC00308721,"UPTON COOP NWSFO NEW YORK, NY US",6/7/2025,0,0,0,81,65,66,,
USC00308721,"UPTON COOP NWSFO NEW YORK, NY US",6/8/2025,0.28,0,0,75,60,65,,
USC00308721,"UPTON COOP NWSFO NEW YORK, NY US",6/9/2025,0.02,0,0,74,58,59,,
USC00308721,"UPTON COOP NWSFO NEW YORK, NY US",6/10/2025,0.05,0,0,63,59,61,,
USC00308721,"UPTON COOP NWSFO NEW YORK, NY US",6/11/2025,0.26,0,0,69,57,66,,
USC00308721,"UPTON COOP NWSFO NEW YORK, NY US",6/12/2025,0,0,0,78,61,72,,
USC00308721,"UPTON COOP NWSFO NEW YORK, NY US",6/13/2025,0,0,0,88,63,67,,
USC00308721,"UPTON COOP NWSFO NEW YORK, NY US",6/14/2025,0.03,0,0,76,58,59,,
USC00308721,"UPTON COOP NWSFO NEW YORK, NY US",6/15/2025,0.31,0,0,60,55,58,,
USC00308721,"UPTON COOP NWSFO NEW YORK, NY US",6/16/2025,0.01,0,0,65,57,60,,
USC00308721,"UPTON COOP NWSFO NEW YORK, NY US",6/17/2025,0,0,0,69,57,62,,
USC00308721,"UPTON COOP NWSFO NEW YORK, NY US",6/18/2025,0.22,0,0,69,57,64,,
USC00308721,"UPTON COOP NWSFO NEW YORK, NY US",6/19/2025,0,0,0,78,63,70,,
USC00308721,"UPTON COOP NWSFO NEW YORK, NY US",6/20/2025,0.03,0,0,85,66,70,,
USC00308721,"UPTON COOP NWSFO NEW YORK, NY US",6/21/2025,0,0,0,82,62,70,,
USC00308721,"UPTON COOP NWSFO NEW YORK, NY US",6/22/2025,0,0,0,84,70,71,,
USC00308721,"UPTON COOP NWSFO NEW YORK, NY US",6/23/2025,0.04,0,0,88,70,83,,
USC00308721,"UPTON COOP NWSFO NEW YORK, NY US",6/24/2025,0,0,0,90,69,82,,
USC00308721,"UPTON COOP NWSFO NEW YORK, NY US",6/25/2025,0,0,0,97,72,82,,
USC00308721,"UPTON COOP NWSFO NEW YORK, NY US",6/26/2025,0.36,0,0,95,67,67,,
USC00308721,"UPTON COOP NWSFO NEW YORK, NY US",6/27/2025,0,0,0,70,61,64,,
USC00308721,"UPTON COOP NWSFO NEW YORK, NY US",6/28/2025,0.01,0,0,72,61,65,,
USC00308721,"UPTON COOP NWSFO NEW YORK, NY US",6/29/2025,0,0,0,80,65,78,,
USC00308721,"UPTON COOP NWSFO NEW YORK, NY US",6/30/2025,0,0,0,87,63,71,,
USC00308721,"UPTON COOP NWSFO NEW YORK, NY US",7/1/2025,0.68,0,0,88,70,71,,
USC00308721,"UPTON COOP NWSFO NEW YORK, NY US",7/2/2025,0.24,0,0,85,70,71,,
USC00308721,"UPTON COOP NWSFO NEW YORK, NY US",7/3/2025,0.01,0,0,77,68,70,,
USC00308721,"UPTON COOP NWSFO NEW YORK, NY US",7/4/2025,0.01,0,0,88,59,66,,
USC00308721,"UPTON COOP NWSFO NEW YORK, NY US",7/5/2025,0,0,0,79,55,65,,
USC00308721,"UPTON COOP NWSFO NEW YORK, NY US",7/6/2025,0,0,0,81,65,72,,
USC00308721,"UPTON COOP NWSFO NEW YORK, NY US",7/7/2025,0,0,0,84,72,75,,
USC00308721,"UPTON COOP NWSFO NEW YORK, NY US",7/8/2025,0.26,0,0,81,72,76,,
USC00308721,"UPTON COOP NWSFO NEW YORK, NY US",7/9/2025,0.11,0,0,89,70,74,,
USC00308721,"UPTON COOP NWSFO NEW YORK, NY US",7/10/2025,0.45,0,0,86,71,72,,
USC00308721,"UPTON COOP NWSFO NEW YORK, NY US",7/11/2025,0.05,0,0,76,67,69,,
USC00308721,"UPTON COOP NWSFO NEW YORK, NY US",7/12/2025,0,0,0,76,69,71,,
USC00308721,"UPTON COOP NWSFO NEW YORK, NY US",7/13/2025,0,0,0,78,68,70,,
USC00308721,"UPTON COOP NWSFO NEW YORK, NY US",7/14/2025,0,0,0,81,69,71,,
USC00308721,"UPTON COOP NWSFO NEW YORK, NY US",7/15/2025,0.73,0,0,81,71,73,,
USC00308721,"UPTON COOP NWSFO NEW YORK, NY US",7/16/2025,0,0,0,83,69,77,,
USC00308721,"UPTON COOP NWSFO NEW YORK, NY US",7/17/2025,0,0,0,86,76,77,,
USC00308721,"UPTON COOP NWSFO NEW YORK, NY US",7/18/2025,0.04,0,0,86,72,77,,
USC00308721,"UPTON COOP NWSFO NEW YORK, NY US",7/19/2025,0,0,0,79,58,69,,
USC00308721,"UPTON COOP NWSFO NEW YORK, NY US",7/20/2025,0,0,0,81,69,73,,
USC00308721,"UPTON COOP NWSFO NEW YORK, NY US",7/21/2025,0.18,0,0,85,65,70,,
USC00308721,"UPTON COOP NWSFO NEW YORK, NY US",7/22/2025,0,0,0,83,62,68,,
USC00308721,"UPTON COOP NWSFO NEW YORK, NY US",7/23/2025,0,0,0,79,55,67,,
USC00308721,"UPTON COOP NWSFO NEW YORK, NY US",7/24/2025,0,0,0,80,65,72,,
USC00308721,"UPTON COOP NWSFO NEW YORK, NY US",7/25/2025,0,0,0,81,71,77,,
USC00308721,"UPTON COOP NWSFO NEW YORK, NY US",7/26/2025,0.35,0,0,88,68,73,,
USC00308721,"UPTON COOP NWSFO NEW YORK, NY US",7/27/2025,0,0,0,82,63,70,,
USC00308721,"UPTON COOP NWSFO NEW YORK, NY US",7/28/2025,0.17,0,0,78,70,74,,
USC00308721,"UPTON COOP NWSFO NEW YORK, NY US",7/29/2025,0,0,0,91,69,76,,
USC00308721,"UPTON COOP NWSFO NEW YORK, NY US",7/30/2025,0,0,0,94,70,78,,
USC00308721,"UPTON COOP NWSFO NEW YORK, NY US",7/31/2025,0,0,0,93,74,78,,
USC00308721,"UPTON COOP NWSFO NEW YORK, NY US",8/1/2025,2.45,0,0,85,61,62,,
USC00308721,"UPTON COOP NWSFO NEW YORK, NY US",8/2/2025,0,0,0,71,52,62,,
USC00308721,"UPTON COOP NWSFO NEW YORK, NY US",8/3/2025,0,0,0,78,50,64,,
USC00308721,"UPTON COOP NWSFO NEW YORK, NY US",8/4/2025,0,0,0,82,53,61,,
USC00308721,"UPTON COOP NWSFO NEW YORK, NY US",8/5/2025,0,0,0,86,58,64,,
USC00308721,"UPTON COOP NWSFO NEW YORK, NY US",8/6/2025,0,0,0,81,64,65,,
USC00308721,"UPTON COOP NWSFO NEW YORK, NY US",8/7/2025,0.03,0,0,78,63,66,,
USC00308721,"UPTON COOP NWSFO NEW YORK, NY US",8/8/2025,0,0,0,78,49,61,,
USC00308721,"UPTON COOP NWSFO NEW YORK, NY US",8/9/2025,0,0,0,79,47,58,,
USC00308721,"UPTON COOP NWSFO NEW YORK, NY US",8/10/2025,0,0,0,80,54,64,,
USC00308721,"UPTON COOP NWSFO NEW YORK, NY US",8/11/2025,0,0,0,86,60,71,,
USC00308721,"UPTON COOP NWSFO NEW YORK, NY US",8/12/2025,0,0,0,88,60,70,,
USC00308721,"UPTON COOP NWSFO NEW YORK, NY US",8/13/2025,0,0,0,86,70,74,,
USC00308721,"UPTON COOP NWSFO NEW YORK, NY US",8/14/2025,0.33,0,0,82,70,72,,
USC00308721,"UPTON COOP NWSFO NEW YORK, NY US",8/15/2025,0,0,0,86,69,74,,
USC00308721,"UPTON COOP NWSFO NEW YORK, NY US",8/16/2025,0,0,0,86,69,71,,
USC00308721,"UPTON COOP NWSFO NEW YORK, NY US",8/17/2025,0,0,0,83,68,74,,
USC00308721,"UPTON COOP NWSFO NEW YORK, NY US",8/18/2025,0,0,0,83,64,65,,
USC00308721,"UPTON COOP NWSFO NEW YORK, NY US",8/19/2025,0,0,0,73,52,59,,
USC00308721,"UPTON COOP NWSFO NEW YORK, NY US",8/20/2025,0,0,0,74,56,65,,
USC00308721,"UPTON COOP NWSFO NEW YORK, NY US",8/21/2025,0.59,0,0,70,59,60,,
USC00308721,"UPTON COOP NWSFO NEW YORK, NY US",8/22/2025,0,0,0,70,57,64,,
USC00308721,"UPTON COOP NWSFO NEW YORK, NY US",8/23/2025,0,0,0,81,58,67,,
USC00308721,"UPTON COOP NWSFO NEW YORK, NY US",8/24/2025,0,0,0,79,58,62,,
USC00308721,"UPTON COOP NWSFO NEW YORK, NY US",8/25/2025,0,0,0,79,58,67,,
USC00308721,"UPTON COOP NWSFO NEW YORK, NY US",8/26/2025,0,0,0,78,55,63,,
USC00308721,"UPTON COOP NWSFO NEW YORK, NY US",8/27/2025,0,0,0,79,56,62,,
USC00308721,"UPTON COOP NWSFO NEW YORK, NY US",8/28/2025,0,0,0,75,47,55,,
USC00308721,"UPTON COOP NWSFO NEW YORK, NY US",8/29/2025,0.09,0,0,75,55,62,,
USC00308721,"UPTON COOP NWSFO NEW YORK, NY US",8/30/2025,0,0,0,74,50,57,,
USC00308721,"UPTON COOP NWSFO NEW YORK, NY US",8/31/2025,0,0,0,74,48,57,,
USC00308721,"UPTON COOP NWSFO NEW YORK, NY US",9/1/2025,0,0,0,77,49,56,,
USC00308721,"UPTON COOP NWSFO NEW YORK, NY US",9/2/2025,0,0,0,72,48,56,,
USC00308721,"UPTON COOP NWSFO NEW YORK, NY US",9/3/2025,0,0,0,76,46,54,,
USC00308721,"UPTON COOP NWSFO NEW YORK, NY US",9/4/2025,0,0,0,75,48,54,,
USC00308721,"UPTON COOP NWSFO NEW YORK, NY US",9/5/2025,0.24,0,0,76,54,65,,
USC00308721,"UPTON COOP NWSFO NEW YORK, NY US",9/6/2025,0,0,0,79,65,73,,
USC00308721,"UPTON COOP NWSFO NEW YORK, NY US",9/7/2025,0.48,0,0,81,61,61,,
USC00308721,"UPTON COOP NWSFO NEW YORK, NY US",9/8/2025,0.46,0,0,62,50,54,,
USC00308721,"UPTON COOP NWSFO NEW YORK, NY US",9/9/2025,0,0,0,68,44,52,,
USC00308721,"UPTON COOP NWSFO NEW YORK, NY US",9/10/2025,0,0,0,72,51,62,,
USC00308721,"UPTON COOP NWSFO NEW YORK, NY US",9/11/2025,0,0,0,71,54,57,,
USC00308721,"UPTON COOP NWSFO NEW YORK, NY US",9/12/2025,0,0,0,77,52,58,,
USC00308721,"UPTON COOP NWSFO NEW YORK, NY US",9/13/2025,0,0,0,77,49,56,,
USC00308721,"UPTON COOP NWSFO NEW YORK, NY US",9/14/2025,0,0,0,74,56,60,,
USC00308721,"UPTON COOP NWSFO NEW YORK, NY US",9/15/2025,0,0,0,78,57,62,,
USC00308721,"UPTON COOP NWSFO NEW YORK, NY US",9/16/2025,0,0,0,80,58,62,,
USC00308721,"UPTON COOP NWSFO NEW YORK, NY US",9/17/2025,0,0,0,72,58,63,,
USC00308721,"UPTON COOP NWSFO NEW YORK, NY US",9/18/2025,0.14,0,0,69,63,64,,
USC00308721,"UPTON COOP NWSFO NEW YORK, NY US",9/19/2025,0,0,0,80,56,65,,
USC00308721,"UPTON COOP NWSFO NEW YORK, NY US",9/20/2025,0,0,0,83,57,61,,
USC00308721,"UPTON COOP NWSFO NEW YORK, NY US",9/21/2025,0,0,0,72,46,53,,
USC00308721,"UPTON COOP NWSFO NEW YORK, NY US",9/22/2025,0,0,0,70,41,47,,
USC00308721,"UPTON COOP NWSFO NEW YORK, NY US",9/23/2025,0,0,0,72,47,61,,
USC00308721,"UPTON COOP NWSFO NEW YORK, NY US",9/24/2025,0.03,0,0,77,61,67,,
USC00308721,"UPTON COOP NWSFO NEW YORK, NY US",9/25/2025,0.61,0,0,79,67,70,,
USC00308721,"UPTON COOP NWSFO NEW YORK, NY US",9/26/2025,0.03,0,0,74,63,66,,
USC00308721,"UPTON COOP NWSFO NEW YORK, NY US",9/27/2025,0,0,0,82,57,59,,
USC00308721,"UPTON COOP NWSFO NEW YORK, NY US",9/28/2025,0.09,0,0,80,59,62,,
USC00308721,"UPTON COOP NWSFO NEW YORK, NY US",9/29/2025,0,0,0,80,60,61,,
USC00308721,"UPTON COOP NWSFO NEW YORK, NY US",9/30/2025,0,0,0,76,56,60,,
USC00308721,"UPTON COOP NWSFO NEW YORK, NY US",10/1/2025,0,0,0,78,55,56,,
USC00308721,"UPTON COOP NWSFO NEW YORK, NY US",10/2/2025,0,0,0,66,44,48,,
USC00308721,"UPTON COOP NWSFO NEW YORK, NY US",10/3/2025,0,0,0,64,36,39,,
USC00308721,"UPTON COOP NWSFO NEW YORK, NY US",10/4/2025,0,0,0,69,39,48,,
USC00308721,"UPTON COOP NWSFO NEW YORK, NY US",10/5/2025,0,0,0,82,48,52,,
USC00308721,"UPTON COOP NWSFO NEW YORK, NY US",10/6/2025,0,0,0,82,52,57,,
USC00308721,"UPTON COOP NWSFO NEW YORK, NY US",10/7/2025,0,0,0,77,57,65,,
USC00308721,"UPTON COOP NWSFO NEW YORK, NY US",10/8/2025,0.05,0,0,76,65,69,,
USC00308721,"UPTON COOP NWSFO NEW YORK, NY US",10/9/2025,0.22,0,0,70,49,51,,
USC00308721,"UPTON COOP NWSFO NEW YORK, NY US",10/10/2025,0,0,0,58,31,35,,
USC00308721,"UPTON COOP NWSFO NEW YORK, NY US",10/11/2025,0,0,0,62,35,52,,
USC00308721,"UPTON COOP NWSFO NEW YORK, NY US",10/12/2025,0,0,0,69,52,58,,
USC00308721,"UPTON COOP NWSFO NEW YORK, NY US",10/13/2025,2.01,0,0,58,54,57,,
USC00308721,"UPTON COOP NWSFO NEW YORK, NY US",10/14/2025,0.64,0,0,58,53,53,,
USC00308721,"UPTON COOP NWSFO NEW YORK, NY US",10/15/2025,0.04,0,0,58,52,55,,
USC00308721,"UPTON COOP NWSFO NEW YORK, NY US",10/16/2025,0,0,0,64,45,47,,
USC00308721,"UPTON COOP NWSFO NEW YORK, NY US",10/17/2025,0,0,0,58,46,48,,
USC00308721,"UPTON COOP NWSFO NEW YORK, NY US",10/18/2025,0,0,0,63,37,44,,
USC00308721,"UPTON COOP NWSFO NEW YORK, NY US",10/19/2025,0,0,0,64,43,50,,
USC00308721,"UPTON COOP NWSFO NEW YORK, NY US",10/20/2025,0.25,0,0,68,50,59,,
USC00308721,"UPTON COOP NWSFO NEW YORK, NY US",10/21/2025,0,0,0,63,45,47,,
USC00308721,"UPTON COOP NWSFO NEW YORK, NY US",10/22/2025,0.31,0,0,64,47,56,,
USC00308721,"UPTON COOP NWSFO NEW YORK, NY US",10/23/2025,0,0,0,65,42,46,,
USC00308721,"UPTON COOP NWSFO NEW YORK, NY US",10/24/2025,0,0,0,61,36,38,,
USC00308721,"UPTON COOP NWSFO NEW YORK, NY US",10/25/2025,0,0,0,60,35,37,,
USC00308721,"UPTON COOP NWSFO NEW YORK, NY US",10/26/2025,0,0,0,59,37,42,,
USC00308721,"UPTON COOP NWSFO NEW YORK, NY US",10/27/2025,0,0,0,58,30,35,,
USC00308721,"UPTON COOP NWSFO NEW YORK, NY US",10/28/2025,0,0,0,54,33,43,,
USC00308721,"UPTON COOP NWSFO NEW YORK, NY US",10/29/2025,0,0,0,53,43,48,,
USC00308721,"UPTON COOP NWSFO NEW YORK, NY US",10/30/2025,0.06,0,0,54,48,54,,
USC00308721,"UPTON COOP NWSFO NEW YORK, NY US",10/31/2025,1.92,0,0,62,49,49,,
USC00308721,"UPTON COOP NWSFO NEW YORK, NY US",11/1/2025,0,0,0,57,47,48,,
USC00308721,"UPTON COOP NWSFO NEW YORK, NY US",11/2/2025,0,0,0,58,30,31,,
USC00308721,"UPTON COOP NWSFO NEW YORK, NY US",11/3/2025,0,,,59,31,41,,
USC00308721,"UPTON COOP NWSFO NEW YORK, NY US",11/4/2025,0.01,,,57,41,47,,
USC00308721,"UPTON COOP NWSFO NEW YORK, NY US",11/5/2025,0,0,0,59,31,37,,
USC00308721,"UPTON COOP NWSFO NEW YORK, NY US",11/6/2025,0.02,0,0,62,37,46,,
USC00308721,"UPTON COOP NWSFO NEW YORK, NY US",11/7/2025,0,0,0,55,26,28,,
USC00308721,"UPTON COOP NWSFO NEW YORK, NY US",11/8/2025,0.02,0,0,60,27,55,,
USC00308721,"UPTON COOP NWSFO NEW YORK, NY US",11/9/2025,0.03,0,0,65,38,43,,
USC00308721,"UPTON COOP NWSFO NEW YORK, NY US",11/10/2025,0.37,0,0,61,42,54,,
USC00308721,"UPTON COOP NWSFO NEW YORK, NY US",11/11/2025,0.09,0,0,56,32,32,,
USC00308721,"UPTON COOP NWSFO NEW YORK, NY US",11/12/2025,0.01,0,0,40,32,38,,
USC00308721,"UPTON COOP NWSFO NEW YORK, NY US",11/13/2025,0,0,0,47,38,41,,
USC00308721,"UPTON COOP NWSFO NEW YORK, NY US",11/14/2025,0,,,51,33,34,,
USC00308721,"UPTON COOP NWSFO NEW YORK, NY US",11/15/2025,0,0,0,51,28,28,,
USC00308721,"UPTON COOP NWSFO NEW YORK, NY US",11/16/2025,0.33,0,0,53,28,51,,
USC00308721,"UPTON COOP NWSFO NEW YORK, NY US",11/17/2025,0,0,0,56,36,36,,
USC00308721,"UPTON COOP NWSFO NEW YORK, NY US",11/18/2025,0,0,0,45,35,36,,
USC00308721,"UPTON COOP NWSFO NEW YORK, NY US",11/19/2025,0.04,0,0,48,29,35,,
USC00308721,"UPTON COOP NWSFO NEW YORK, NY US",11/20/2025,0.01,0,0,48,25,26,,
USC00308721,"UPTON COOP NWSFO NEW YORK, NY US",11/21/2025,0,0,0,48,23,32,,
USC00308721,"UPTON COOP NWSFO NEW YORK, NY US",11/22/2025,0.17,0,0,50,32,45,,
USC00308721,"UPTON COOP NWSFO NEW YORK, NY US",11/23/2025,0.05,0,0,48,24,24,,
USC00308721,"UPTON COOP NWSFO NEW YORK, NY US",11/24/2025,0,0,0,48,24,42,,
USC00308721,"UPTON COOP NWSFO NEW YORK, NY US",11/25/2025,0,0,0,52,28,32,,
USC00308721,"UPTON COOP NWSFO NEW YORK, NY US",11/26/2025,0.66,0,0,56,32,53,,
USC00308721,"UPTON COOP NWSFO NEW YORK, NY US",11/27/2025,0.01,0,0,57,37,38,,
USC00308721,"UPTON COOP NWSFO NEW YORK, NY US",11/28/2025,0,0,0,47,29,30,,
USC00308721,"UPTON COOP NWSFO NEW YORK, NY US",11/29/2025,0,0,0,44,28,31,,
USC00308721,"UPTON COOP NWSFO NEW YORK, NY US",11/30/2025,0,0,0,43,24,41,,
USC00308721,"UPTON COOP NWSFO NEW YORK, NY US",12/1/2025,,0,0,47,35,36,,
USC00308721,"UPTON COOP NWSFO NEW YORK, NY US",12/2/2025,0,0,0,43,24,32,,
USC00308721,"UPTON COOP NWSFO NEW YORK, NY US",12/3/2025,1.48,0,0,47,31,31,,
USC00308721,"UPTON COOP NWSFO NEW YORK, NY US",12/4/2025,0,0,0,40,23,31,,
USC00308721,"UPTON COOP NWSFO NEW YORK, NY US",12/5/2025,0,0,0,42,18,18,,
USC00308721,"UPTON COOP NWSFO NEW YORK, NY US",12/6/2025,0.01,0,0,33,17,32,,
USC00308721,"UPTON COOP NWSFO NEW YORK, NY US",12/7/2025,0,0,0,43,21,22,,
USC00308721,"UPTON COOP NWSFO NEW YORK, NY US",12/8/2025,0,0,0,44,22,28,,
USC00308721,"UPTON COOP NWSFO NEW YORK, NY US",12/9/2025,0,0,0,28,18,18,,
USC00308721,"UPTON COOP NWSFO NEW YORK, NY US",12/10/2025,0,0,0,39,17,33,,
USC00308721,"UPTON COOP NWSFO NEW YORK, NY US",12/11/2025,0.08,0,0,48,33,33,,
USC00308721,"UPTON COOP NWSFO NEW YORK, NY US",12/12/2025,0,0,0,36,23,23,,
USC00308721,"UPTON COOP NWSFO NEW YORK, NY US",12/13/2025,0,0,0,35,19,20,,
USC00308721,"UPTON COOP NWSFO NEW YORK, NY US",12/14/2025,0.34,3.6,4,42,20,31,,
USC00308721,"UPTON COOP NWSFO NEW YORK, NY US",12/15/2025,0.27,3.7,6,32,16,16,,
USC00308721,"UPTON COOP NWSFO NEW YORK, NY US",12/16/2025,0,0,5,27,16,23,,
USC00308721,"UPTON COOP NWSFO NEW YORK, NY US",12/17/2025,0,0,4,34,22,24,,
USC00308721,"UPTON COOP NWSFO NEW YORK, NY US",12/18/2025,0,0,2,45,22,23,,
USC00308721,"UPTON COOP NWSFO NEW YORK, NY US",12/19/2025,0.02,0,0,57,23,53,,
USC00308721,"UPTON COOP NWSFO NEW YORK, NY US",12/20/2025,0.4,0,0,57,28,29,,
USC00308721,"UPTON COOP NWSFO NEW YORK, NY US",12/21/2025,0,0,0,44,26,39,,
USC00308721,"UPTON COOP NWSFO NEW YORK, NY US",12/22/2025,0,0,0,48,26,26,,
USC00308721,"UPTON COOP NWSFO NEW YORK, NY US",12/23/2025,0,0,0,38,26,35,,
USC00308721,"UPTON COOP NWSFO NEW YORK, NY US",12/24/2025,0.1,0,0,38,32,36,,
USC00308721,"UPTON COOP NWSFO NEW YORK, NY US",12/25/2025,0,0,0,46,28,34,,
USC00308721,"UPTON COOP NWSFO NEW YORK, NY US",12/26/2025,0,0,0,46,19,19,,
USC00308721,"UPTON COOP NWSFO NEW YORK, NY US",12/27/2025,0.72,6.5,6,28,19,26,,
USC00308721,"UPTON COOP NWSFO NEW YORK, NY US",12/28/2025,0,0,5,29,13,14,,
USC00308721,"UPTON COOP NWSFO NEW YORK, NY US",12/29/2025,0.07,0,1,45,12,44,,
USC00308721,"UPTON COOP NWSFO NEW YORK, NY US",12/30/2025,0.12,0,0,46,28,29,,
USC00308721,"UPTON COOP NWSFO NEW YORK, NY US",12/31/2025,0,0,0,34,24,26,,
